Element label,Part,Instance,Element set,Material,Section,Coordinates,Error type
781,V15_4_FISHWAY,V15_4_FISHWAY_I,V15_10_ALL,CONCRETE,V15_10_ALL,"438.750000000,-94.988739420,3056.500000000;441.250000000,-94.000000000,3057.016129000",NEGATIVE_VOLUME
782,V15_4_FISHWAY,V15_4_FISHWAY_I,V15_10_ALL,CONCRETE,V15_10_ALL,"438.750000000,-95.977478840,3056.516129000;441.250000000,-94.988739420,3057.032258000",NEGATIVE_VOLUME
783,V15_4_FISHWAY,V15_4_FISHWAY_I,V15_10_ALL,CONCRETE,V15_10_ALL,"438.750000000,-96.966218270,3056.532258000;441.250000000,-95.977478840,3057.048387000",NEGATIVE_VOLUME
784,V15_4_FISHWAY,V15_4_FISHWAY_I,V15_10_ALL,CONCRETE,V15_10_ALL,"438.750000000,-97.954957690,3056.548387000;441.250000000,-96.966218270,3057.064516000",NEGATIVE_VOLUME
785,V15_4_FISHWAY,V15_4_FISHWAY_I,V15_10_ALL,CONCRETE,V15_10_ALL,"438.750000000,-98.943697110,3056.564516000;441.250000000,-97.954957690,3057.080645000",NEGATIVE_VOLUME
786,V15_4_FISHWAY,V15_4_FISHWAY_I,V15_10_ALL,CONCRETE,V15_10_ALL,"438.750000000,-99.932436530,3056.580645000;441.250000000,-98.943697110,3057.096774000",NEGATIVE_VOLUME
787,V15_4_FISHWAY,V15_4_FISHWAY_I,V15_10_ALL,CONCRETE,V15_10_ALL,"438.750000000,-100.921176000,3056.596774000;441.250000000,-99.932436530,3057.112903000",NEGATIVE_VOLUME
788,V15_4_FISHWAY,V15_4_FISHWAY_I,V15_10_ALL,CONCRETE,V15_10_ALL,"438.750000000,-101.909915400,3056.612903000;441.250000000,-100.921176000,3057.129032000",NEGATIVE_VOLUME
789,V15_4_FISHWAY,V15_4_FISHWAY_I,V15_10_ALL,CONCRETE,V15_10_ALL,"438.750000000,-102.898654800,3056.629032000;441.250000000,-101.909915400,3057.145161000",NEGATIVE_VOLUME
790,V15_4_FISHWAY,V15_4_FISHWAY_I,V15_10_ALL,CONCRETE,V15_10_ALL,"438.750000000,-103.887394200,3056.645161000;441.250000000,-102.898654800,3057.161290000",NEGATIVE_VOLUME
791,V15_4_FISHWAY,V15_4_FISHWAY_I,V15_10_ALL,CONCRETE,V15_10_ALL,"438.750000000,-104.876133600,3056.661290000;441.250000000,-103.887394200,3057.177419000",NEGATIVE_VOLUME
792,V15_4_FISHWAY,V15_4_FISHWAY_I,V15_10_ALL,CONCRETE,V15_10_ALL,"438.750000000,-105.864873100,3056.677419000;441.250000000,-104.876133600,3057.193548000",NEGATIVE_VOLUME
793,V15_4_FISHWAY,V15_4_FISHWAY_I,V15_10_ALL,CONCRETE,V15_10_ALL,"438.750000000,-106.853612500,3056.693548000;441.250000000,-105.864873100,3057.209677000",NEGATIVE_VOLUME
794,V15_4_FISHWAY,V15_4_FISHWAY_I,V15_10_ALL,CONCRETE,V15_10_ALL,"438.750000000,-107.842351900,3056.709677000;441.250000000,-106.853612500,3057.225806000",NEGATIVE_VOLUME
795,V15_4_FISHWAY,V15_4_FISHWAY_I,V15_10_ALL,CONCRETE,V15_10_ALL,"438.750000000,-108.831091300,3056.725806000;441.250000000,-107.842351900,3057.241935000",NEGATIVE_VOLUME
796,V15_4_FISHWAY,V15_4_FISHWAY_I,V15_10_ALL,CONCRETE,V15_10_ALL,"438.750000000,-109.819830800,3056.741935000;441.250000000,-108.831091300,3057.258065000",NEGATIVE_VOLUME
797,V15_4_FISHWAY,V15_4_FISHWAY_I,V15_10_ALL,CONCRETE,V15_10_ALL,"438.750000000,-110.808570200,3056.758065000;441.250000000,-109.819830800,3057.274194000",NEGATIVE_VOLUME
798,V15_4_FISHWAY,V15_4_FISHWAY_I,V15_10_ALL,CONCRETE,V15_10_ALL,"438.750000000,-111.797309600,3056.774194000;441.250000000,-110.808570200,3057.290323000",NEGATIVE_VOLUME
799,V15_4_FISHWAY,V15_4_FISHWAY_I,V15_10_ALL,CONCRETE,V15_10_ALL,"438.750000000,-112.786049000,3056.790323000;441.250000000,-111.797309600,3057.306452000",NEGATIVE_VOLUME
800,V15_4_FISHWAY,V15_4_FISHWAY_I,V15_10_ALL,CONCRETE,V15_10_ALL,"438.750000000,-113.774788400,3056.806452000;441.250000000,-112.786049000,3057.322581000",NEGATIVE_VOLUME
801,V15_4_FISHWAY,V15_4_FISHWAY_I,V15_10_ALL,CONCRETE,V15_10_ALL,"438.750000000,-114.763527900,3056.822581000;441.250000000,-113.774788400,3057.338710000",NEGATIVE_VOLUME
802,V15_4_FISHWAY,V15_4_FISHWAY_I,V15_10_ALL,CONCRETE,V15_10_ALL,"438.750000000,-115.752267300,3056.838710000;441.250000000,-114.763527900,3057.354839000",NEGATIVE_VOLUME
803,V15_4_FISHWAY,V15_4_FISHWAY_I,V15_10_ALL,CONCRETE,V15_10_ALL,"438.750000000,-116.741006700,3056.854839000;441.250000000,-115.752267300,3057.370968000",NEGATIVE_VOLUME
804,V15_4_FISHWAY,V15_4_FISHWAY_I,V15_10_ALL,CONCRETE,V15_10_ALL,"438.750000000,-117.729746100,3056.870968000;441.250000000,-116.741006700,3057.387097000",NEGATIVE_VOLUME
805,V15_4_FISHWAY,V15_4_FISHWAY_I,V15_10_ALL,CONCRETE,V15_10_ALL,"438.750000000,-118.718485600,3056.887097000;441.250000000,-117.729746100,3057.403226000",NEGATIVE_VOLUME
806,V15_4_FISHWAY,V15_4_FISHWAY_I,V15_10_ALL,CONCRETE,V15_10_ALL,"438.750000000,-119.707225000,3056.903226000;441.250000000,-118.718485600,3057.419355000",NEGATIVE_VOLUME
807,V15_4_FISHWAY,V15_4_FISHWAY_I,V15_10_ALL,CONCRETE,V15_10_ALL,"438.750000000,-120.695964400,3056.919355000;441.250000000,-119.707225000,3057.435484000",NEGATIVE_VOLUME
808,V15_4_FISHWAY,V15_4_FISHWAY_I,V15_10_ALL,CONCRETE,V15_10_ALL,"438.750000000,-121.684703800,3056.935484000;441.250000000,-120.695964400,3057.451613000",NEGATIVE_VOLUME
809,V15_4_FISHWAY,V15_4_FISHWAY_I,V15_10_ALL,CONCRETE,V15_10_ALL,"438.750000000,-122.673443200,3056.951613000;441.250000000,-121.684703800,3057.467742000",NEGATIVE_VOLUME
810,V15_4_FISHWAY,V15_4_FISHWAY_I,V15_10_ALL,CONCRETE,V15_10_ALL,"438.750000000,-123.662182700,3056.967742000;441.250000000,-122.673443200,3057.483871000",NEGATIVE_VOLUME
811,V15_4_FISHWAY,V15_4_FISHWAY_I,V15_10_ALL,CONCRETE,V15_10_ALL,"438.750000000,-124.650922100,3056.983871000;441.250000000,-123.662182700,3057.500000000",NEGATIVE_VOLUME
812,V15_4_FISHWAY,V15_4_FISHWAY_I,V15_10_ALL,CONCRETE,V15_10_ALL,"438.750000000,-125.639661500,3057.000000000;441.250000000,-124.650922100,3057.516129000",NEGATIVE_VOLUME
813,V15_4_FISHWAY,V15_4_FISHWAY_I,V15_10_ALL,CONCRETE,V15_10_ALL,"438.750000000,-126.628400900,3057.016129000;441.250000000,-125.639661500,3057.532258000",NEGATIVE_VOLUME
814,V15_4_FISHWAY,V15_4_FISHWAY_I,V15_10_ALL,CONCRETE,V15_10_ALL,"438.750000000,-127.617140400,3057.032258000;441.250000000,-126.628400900,3057.548387000",NEGATIVE_VOLUME
815,V15_4_FISHWAY,V15_4_FISHWAY_I,V15_10_ALL,CONCRETE,V15_10_ALL,"438.750000000,-128.605879800,3057.048387000;441.250000000,-127.617140400,3057.564516000",NEGATIVE_VOLUME
816,V15_4_FISHWAY,V15_4_FISHWAY_I,V15_10_ALL,CONCRETE,V15_10_ALL,"438.750000000,-129.594619200,3057.064516000;441.250000000,-128.605879800,3057.580645000",NEGATIVE_VOLUME
817,V15_4_FISHWAY,V15_4_FISHWAY_I,V15_10_ALL,CONCRETE,V15_10_ALL,"438.750000000,-130.583358600,3057.080645000;441.250000000,-129.594619200,3057.596774000",NEGATIVE_VOLUME
818,V15_4_FISHWAY,V15_4_FISHWAY_I,V15_10_ALL,CONCRETE,V15_10_ALL,"438.750000000,-131.572098000,3057.096774000;441.250000000,-130.583358600,3057.612903000",NEGATIVE_VOLUME
819,V15_4_FISHWAY,V15_4_FISHWAY_I,V15_10_ALL,CONCRETE,V15_10_ALL,"438.750000000,-132.560837500,3057.112903000;441.250000000,-131.572098000,3057.629032000",NEGATIVE_VOLUME
820,V15_4_FISHWAY,V15_4_FISHWAY_I,V15_10_ALL,CONCRETE,V15_10_ALL,"438.750000000,-133.549576900,3057.129032000;441.250000000,-132.560837500,3057.645161000",NEGATIVE_VOLUME
821,V15_4_FISHWAY,V15_4_FISHWAY_I,V15_10_ALL,CONCRETE,V15_10_ALL,"438.750000000,-134.538316300,3057.145161000;441.250000000,-133.549576900,3057.661290000",NEGATIVE_VOLUME
822,V15_4_FISHWAY,V15_4_FISHWAY_I,V15_10_ALL,CONCRETE,V15_10_ALL,"438.750000000,-135.527055700,3057.161290000;441.250000000,-134.538316300,3057.677419000",NEGATIVE_VOLUME
823,V15_4_FISHWAY,V15_4_FISHWAY_I,V15_10_ALL,CONCRETE,V15_10_ALL,"438.750000000,-136.515795200,3057.177419000;441.250000000,-135.527055700,3057.693548000",NEGATIVE_VOLUME
824,V15_4_FISHWAY,V15_4_FISHWAY_I,V15_10_ALL,CONCRETE,V15_10_ALL,"438.750000000,-137.504534600,3057.193548000;441.250000000,-136.515795200,3057.709677000",NEGATIVE_VOLUME
825,V15_4_FISHWAY,V15_4_FISHWAY_I,V15_10_ALL,CONCRETE,V15_10_ALL,"438.750000000,-138.493274000,3057.209677000;441.250000000,-137.504534600,3057.725806000",NEGATIVE_VOLUME
826,V15_4_FISHWAY,V15_4_FISHWAY_I,V15_10_ALL,CONCRETE,V15_10_ALL,"438.750000000,-139.482013400,3057.225806000;441.250000000,-138.493274000,3057.741935000",NEGATIVE_VOLUME
827,V15_4_FISHWAY,V15_4_FISHWAY_I,V15_10_ALL,CONCRETE,V15_10_ALL,"438.750000000,-140.470752800,3057.241935000;441.250000000,-139.482013400,3057.758065000",NEGATIVE_VOLUME
828,V15_4_FISHWAY,V15_4_FISHWAY_I,V15_10_ALL,CONCRETE,V15_10_ALL,"438.750000000,-141.459492300,3057.258065000;441.250000000,-140.470752800,3057.774194000",NEGATIVE_VOLUME
829,V15_4_FISHWAY,V15_4_FISHWAY_I,V15_10_ALL,CONCRETE,V15_10_ALL,"438.750000000,-142.448231700,3057.274194000;441.250000000,-141.459492300,3057.790323000",NEGATIVE_VOLUME
830,V15_4_FISHWAY,V15_4_FISHWAY_I,V15_10_ALL,CONCRETE,V15_10_ALL,"438.750000000,-143.436971100,3057.290323000;441.250000000,-142.448231700,3057.806452000",NEGATIVE_VOLUME
831,V15_4_FISHWAY,V15_4_FISHWAY_I,V15_10_ALL,CONCRETE,V15_10_ALL,"438.750000000,-144.425710500,3057.306452000;441.250000000,-143.436971100,3057.822581000",NEGATIVE_VOLUME
832,V15_4_FISHWAY,V15_4_FISHWAY_I,V15_10_ALL,CONCRETE,V15_10_ALL,"438.750000000,-145.414450000,3057.322581000;441.250000000,-144.425710500,3057.838710000",NEGATIVE_VOLUME
833,V15_4_FISHWAY,V15_4_FISHWAY_I,V15_10_ALL,CONCRETE,V15_10_ALL,"438.750000000,-146.403189400,3057.338710000;441.250000000,-145.414450000,3057.854839000",NEGATIVE_VOLUME
834,V15_4_FISHWAY,V15_4_FISHWAY_I,V15_10_ALL,CONCRETE,V15_10_ALL,"438.750000000,-147.391928800,3057.354839000;441.250000000,-146.403189400,3057.870968000",NEGATIVE_VOLUME
835,V15_4_FISHWAY,V15_4_FISHWAY_I,V15_10_ALL,CONCRETE,V15_10_ALL,"438.750000000,-148.380668200,3057.370968000;441.250000000,-147.391928800,3057.887097000",NEGATIVE_VOLUME
836,V15_4_FISHWAY,V15_4_FISHWAY_I,V15_10_ALL,CONCRETE,V15_10_ALL,"438.750000000,-149.369407600,3057.387097000;441.250000000,-148.380668200,3057.903226000",NEGATIVE_VOLUME
837,V15_4_FISHWAY,V15_4_FISHWAY_I,V15_10_ALL,CONCRETE,V15_10_ALL,"438.750000000,-150.358147100,3057.403226000;441.250000000,-149.369407600,3057.919355000",NEGATIVE_VOLUME
838,V15_4_FISHWAY,V15_4_FISHWAY_I,V15_10_ALL,CONCRETE,V15_10_ALL,"438.750000000,-151.346886500,3057.419355000;441.250000000,-150.358147100,3057.935484000",NEGATIVE_VOLUME
839,V15_4_FISHWAY,V15_4_FISHWAY_I,V15_10_ALL,CONCRETE,V15_10_ALL,"438.750000000,-152.335625900,3057.435484000;441.250000000,-151.346886500,3057.951613000",NEGATIVE_VOLUME
840,V15_4_FISHWAY,V15_4_FISHWAY_I,V15_10_ALL,CONCRETE,V15_10_ALL,"438.750000000,-153.324365300,3057.451613000;441.250000000,-152.335625900,3057.967742000",NEGATIVE_VOLUME
841,V15_4_FISHWAY,V15_4_FISHWAY_I,V15_10_ALL,CONCRETE,V15_10_ALL,"438.750000000,-154.313104800,3057.467742000;441.250000000,-153.324365300,3057.983871000",NEGATIVE_VOLUME
842,V15_4_FISHWAY,V15_4_FISHWAY_I,V15_10_ALL,CONCRETE,V15_10_ALL,"438.750000000,-155.301844200,3057.483871000;441.250000000,-154.313104800,3058.000000000",NEGATIVE_VOLUME
843,V15_4_FISHWAY,V15_4_FISHWAY_I,V15_10_ALL,CONCRETE,V15_10_ALL,"438.750000000,-94.988739420,3057.000000000;439.000000000,-94.000000000,3059.016129000",NEGATIVE_VOLUME
844,V15_4_FISHWAY,V15_4_FISHWAY_I,V15_10_ALL,CONCRETE,V15_10_ALL,"438.750000000,-95.977478840,3057.016129000;439.000000000,-94.988739420,3059.032258000",NEGATIVE_VOLUME
845,V15_4_FISHWAY,V15_4_FISHWAY_I,V15_10_ALL,CONCRETE,V15_10_ALL,"438.750000000,-96.966218270,3057.032258000;439.000000000,-95.977478840,3059.048387000",NEGATIVE_VOLUME
846,V15_4_FISHWAY,V15_4_FISHWAY_I,V15_10_ALL,CONCRETE,V15_10_ALL,"438.750000000,-97.954957690,3057.048387000;439.000000000,-96.966218270,3059.064516000",NEGATIVE_VOLUME
847,V15_4_FISHWAY,V15_4_FISHWAY_I,V15_10_ALL,CONCRETE,V15_10_ALL,"438.750000000,-98.943697110,3057.064516000;439.000000000,-97.954957690,3059.080645000",NEGATIVE_VOLUME
848,V15_4_FISHWAY,V15_4_FISHWAY_I,V15_10_ALL,CONCRETE,V15_10_ALL,"438.750000000,-99.932436530,3057.080645000;439.000000000,-98.943697110,3059.096774000",NEGATIVE_VOLUME
849,V15_4_FISHWAY,V15_4_FISHWAY_I,V15_10_ALL,CONCRETE,V15_10_ALL,"438.750000000,-100.921176000,3057.096774000;439.000000000,-99.932436530,3059.112903000",NEGATIVE_VOLUME
850,V15_4_FISHWAY,V15_4_FISHWAY_I,V15_10_ALL,CONCRETE,V15_10_ALL,"438.750000000,-101.909915400,3057.112903000;439.000000000,-100.921176000,3059.129032000",NEGATIVE_VOLUME
851,V15_4_FISHWAY,V15_4_FISHWAY_I,V15_10_ALL,CONCRETE,V15_10_ALL,"438.750000000,-102.898654800,3057.129032000;439.000000000,-101.909915400,3059.145161000",NEGATIVE_VOLUME
852,V15_4_FISHWAY,V15_4_FISHWAY_I,V15_10_ALL,CONCRETE,V15_10_ALL,"438.750000000,-103.887394200,3057.145161000;439.000000000,-102.898654800,3059.161290000",NEGATIVE_VOLUME
853,V15_4_FISHWAY,V15_4_FISHWAY_I,V15_10_ALL,CONCRETE,V15_10_ALL,"438.750000000,-104.876133600,3057.161290000;439.000000000,-103.887394200,3059.177419000",NEGATIVE_VOLUME
854,V15_4_FISHWAY,V15_4_FISHWAY_I,V15_10_ALL,CONCRETE,V15_10_ALL,"438.750000000,-105.864873100,3057.177419000;439.000000000,-104.876133600,3059.193548000",NEGATIVE_VOLUME
855,V15_4_FISHWAY,V15_4_FISHWAY_I,V15_10_ALL,CONCRETE,V15_10_ALL,"438.750000000,-106.853612500,3057.193548000;439.000000000,-105.864873100,3059.209677000",NEGATIVE_VOLUME
856,V15_4_FISHWAY,V15_4_FISHWAY_I,V15_10_ALL,CONCRETE,V15_10_ALL,"438.750000000,-107.842351900,3057.209677000;439.000000000,-106.853612500,3059.225806000",NEGATIVE_VOLUME
857,V15_4_FISHWAY,V15_4_FISHWAY_I,V15_10_ALL,CONCRETE,V15_10_ALL,"438.750000000,-108.831091300,3057.225806000;439.000000000,-107.842351900,3059.241935000",NEGATIVE_VOLUME
858,V15_4_FISHWAY,V15_4_FISHWAY_I,V15_10_ALL,CONCRETE,V15_10_ALL,"438.750000000,-109.819830800,3057.241935000;439.000000000,-108.831091300,3059.258065000",NEGATIVE_VOLUME
859,V15_4_FISHWAY,V15_4_FISHWAY_I,V15_10_ALL,CONCRETE,V15_10_ALL,"438.750000000,-110.808570200,3057.258065000;439.000000000,-109.819830800,3059.274194000",NEGATIVE_VOLUME
860,V15_4_FISHWAY,V15_4_FISHWAY_I,V15_10_ALL,CONCRETE,V15_10_ALL,"438.750000000,-111.797309600,3057.274194000;439.000000000,-110.808570200,3059.290323000",NEGATIVE_VOLUME
861,V15_4_FISHWAY,V15_4_FISHWAY_I,V15_10_ALL,CONCRETE,V15_10_ALL,"438.750000000,-112.786049000,3057.290323000;439.000000000,-111.797309600,3059.306452000",NEGATIVE_VOLUME
862,V15_4_FISHWAY,V15_4_FISHWAY_I,V15_10_ALL,CONCRETE,V15_10_ALL,"438.750000000,-113.774788400,3057.306452000;439.000000000,-112.786049000,3059.322581000",NEGATIVE_VOLUME
863,V15_4_FISHWAY,V15_4_FISHWAY_I,V15_10_ALL,CONCRETE,V15_10_ALL,"438.750000000,-114.763527900,3057.322581000;439.000000000,-113.774788400,3059.338710000",NEGATIVE_VOLUME
864,V15_4_FISHWAY,V15_4_FISHWAY_I,V15_10_ALL,CONCRETE,V15_10_ALL,"438.750000000,-115.752267300,3057.338710000;439.000000000,-114.763527900,3059.354839000",NEGATIVE_VOLUME
865,V15_4_FISHWAY,V15_4_FISHWAY_I,V15_10_ALL,CONCRETE,V15_10_ALL,"438.750000000,-116.741006700,3057.354839000;439.000000000,-115.752267300,3059.370968000",NEGATIVE_VOLUME
866,V15_4_FISHWAY,V15_4_FISHWAY_I,V15_10_ALL,CONCRETE,V15_10_ALL,"438.750000000,-117.729746100,3057.370968000;439.000000000,-116.741006700,3059.387097000",NEGATIVE_VOLUME
867,V15_4_FISHWAY,V15_4_FISHWAY_I,V15_10_ALL,CONCRETE,V15_10_ALL,"438.750000000,-118.718485600,3057.387097000;439.000000000,-117.729746100,3059.403226000",NEGATIVE_VOLUME
868,V15_4_FISHWAY,V15_4_FISHWAY_I,V15_10_ALL,CONCRETE,V15_10_ALL,"438.750000000,-119.707225000,3057.403226000;439.000000000,-118.718485600,3059.419355000",NEGATIVE_VOLUME
869,V15_4_FISHWAY,V15_4_FISHWAY_I,V15_10_ALL,CONCRETE,V15_10_ALL,"438.750000000,-120.695964400,3057.419355000;439.000000000,-119.707225000,3059.435484000",NEGATIVE_VOLUME
870,V15_4_FISHWAY,V15_4_FISHWAY_I,V15_10_ALL,CONCRETE,V15_10_ALL,"438.750000000,-121.684703800,3057.435484000;439.000000000,-120.695964400,3059.451613000",NEGATIVE_VOLUME
871,V15_4_FISHWAY,V15_4_FISHWAY_I,V15_10_ALL,CONCRETE,V15_10_ALL,"438.750000000,-122.673443200,3057.451613000;439.000000000,-121.684703800,3059.467742000",NEGATIVE_VOLUME
872,V15_4_FISHWAY,V15_4_FISHWAY_I,V15_10_ALL,CONCRETE,V15_10_ALL,"438.750000000,-123.662182700,3057.467742000;439.000000000,-122.673443200,3059.483871000",NEGATIVE_VOLUME
873,V15_4_FISHWAY,V15_4_FISHWAY_I,V15_10_ALL,CONCRETE,V15_10_ALL,"438.750000000,-124.650922100,3057.483871000;439.000000000,-123.662182700,3059.500000000",NEGATIVE_VOLUME
874,V15_4_FISHWAY,V15_4_FISHWAY_I,V15_10_ALL,CONCRETE,V15_10_ALL,"438.750000000,-125.639661500,3057.500000000;439.000000000,-124.650922100,3059.516129000",NEGATIVE_VOLUME
875,V15_4_FISHWAY,V15_4_FISHWAY_I,V15_10_ALL,CONCRETE,V15_10_ALL,"438.750000000,-126.628400900,3057.516129000;439.000000000,-125.639661500,3059.532258000",NEGATIVE_VOLUME
876,V15_4_FISHWAY,V15_4_FISHWAY_I,V15_10_ALL,CONCRETE,V15_10_ALL,"438.750000000,-127.617140400,3057.532258000;439.000000000,-126.628400900,3059.548387000",NEGATIVE_VOLUME
877,V15_4_FISHWAY,V15_4_FISHWAY_I,V15_10_ALL,CONCRETE,V15_10_ALL,"438.750000000,-128.605879800,3057.548387000;439.000000000,-127.617140400,3059.564516000",NEGATIVE_VOLUME
878,V15_4_FISHWAY,V15_4_FISHWAY_I,V15_10_ALL,CONCRETE,V15_10_ALL,"438.750000000,-129.594619200,3057.564516000;439.000000000,-128.605879800,3059.580645000",NEGATIVE_VOLUME
879,V15_4_FISHWAY,V15_4_FISHWAY_I,V15_10_ALL,CONCRETE,V15_10_ALL,"438.750000000,-130.583358600,3057.580645000;439.000000000,-129.594619200,3059.596774000",NEGATIVE_VOLUME
880,V15_4_FISHWAY,V15_4_FISHWAY_I,V15_10_ALL,CONCRETE,V15_10_ALL,"438.750000000,-131.572098000,3057.596774000;439.000000000,-130.583358600,3059.612903000",NEGATIVE_VOLUME
881,V15_4_FISHWAY,V15_4_FISHWAY_I,V15_10_ALL,CONCRETE,V15_10_ALL,"438.750000000,-132.560837500,3057.612903000;439.000000000,-131.572098000,3059.629032000",NEGATIVE_VOLUME
882,V15_4_FISHWAY,V15_4_FISHWAY_I,V15_10_ALL,CONCRETE,V15_10_ALL,"438.750000000,-133.549576900,3057.629032000;439.000000000,-132.560837500,3059.645161000",NEGATIVE_VOLUME
883,V15_4_FISHWAY,V15_4_FISHWAY_I,V15_10_ALL,CONCRETE,V15_10_ALL,"438.750000000,-134.538316300,3057.645161000;439.000000000,-133.549576900,3059.661290000",NEGATIVE_VOLUME
884,V15_4_FISHWAY,V15_4_FISHWAY_I,V15_10_ALL,CONCRETE,V15_10_ALL,"438.750000000,-135.527055700,3057.661290000;439.000000000,-134.538316300,3059.677419000",NEGATIVE_VOLUME
885,V15_4_FISHWAY,V15_4_FISHWAY_I,V15_10_ALL,CONCRETE,V15_10_ALL,"438.750000000,-136.515795200,3057.677419000;439.000000000,-135.527055700,3059.693548000",NEGATIVE_VOLUME
886,V15_4_FISHWAY,V15_4_FISHWAY_I,V15_10_ALL,CONCRETE,V15_10_ALL,"438.750000000,-137.504534600,3057.693548000;439.000000000,-136.515795200,3059.709677000",NEGATIVE_VOLUME
887,V15_4_FISHWAY,V15_4_FISHWAY_I,V15_10_ALL,CONCRETE,V15_10_ALL,"438.750000000,-138.493274000,3057.709677000;439.000000000,-137.504534600,3059.725806000",NEGATIVE_VOLUME
888,V15_4_FISHWAY,V15_4_FISHWAY_I,V15_10_ALL,CONCRETE,V15_10_ALL,"438.750000000,-139.482013400,3057.725806000;439.000000000,-138.493274000,3059.741935000",NEGATIVE_VOLUME
889,V15_4_FISHWAY,V15_4_FISHWAY_I,V15_10_ALL,CONCRETE,V15_10_ALL,"438.750000000,-140.470752800,3057.741935000;439.000000000,-139.482013400,3059.758065000",NEGATIVE_VOLUME
890,V15_4_FISHWAY,V15_4_FISHWAY_I,V15_10_ALL,CONCRETE,V15_10_ALL,"438.750000000,-141.459492300,3057.758065000;439.000000000,-140.470752800,3059.774194000",NEGATIVE_VOLUME
891,V15_4_FISHWAY,V15_4_FISHWAY_I,V15_10_ALL,CONCRETE,V15_10_ALL,"438.750000000,-142.448231700,3057.774194000;439.000000000,-141.459492300,3059.790323000",NEGATIVE_VOLUME
892,V15_4_FISHWAY,V15_4_FISHWAY_I,V15_10_ALL,CONCRETE,V15_10_ALL,"438.750000000,-143.436971100,3057.790323000;439.000000000,-142.448231700,3059.806452000",NEGATIVE_VOLUME
893,V15_4_FISHWAY,V15_4_FISHWAY_I,V15_10_ALL,CONCRETE,V15_10_ALL,"438.750000000,-144.425710500,3057.806452000;439.000000000,-143.436971100,3059.822581000",NEGATIVE_VOLUME
894,V15_4_FISHWAY,V15_4_FISHWAY_I,V15_10_ALL,CONCRETE,V15_10_ALL,"438.750000000,-145.414450000,3057.822581000;439.000000000,-144.425710500,3059.838710000",NEGATIVE_VOLUME
895,V15_4_FISHWAY,V15_4_FISHWAY_I,V15_10_ALL,CONCRETE,V15_10_ALL,"438.750000000,-146.403189400,3057.838710000;439.000000000,-145.414450000,3059.854839000",NEGATIVE_VOLUME
896,V15_4_FISHWAY,V15_4_FISHWAY_I,V15_10_ALL,CONCRETE,V15_10_ALL,"438.750000000,-147.391928800,3057.854839000;439.000000000,-146.403189400,3059.870968000",NEGATIVE_VOLUME
897,V15_4_FISHWAY,V15_4_FISHWAY_I,V15_10_ALL,CONCRETE,V15_10_ALL,"438.750000000,-148.380668200,3057.870968000;439.000000000,-147.391928800,3059.887097000",NEGATIVE_VOLUME
898,V15_4_FISHWAY,V15_4_FISHWAY_I,V15_10_ALL,CONCRETE,V15_10_ALL,"438.750000000,-149.369407600,3057.887097000;439.000000000,-148.380668200,3059.903226000",NEGATIVE_VOLUME
899,V15_4_FISHWAY,V15_4_FISHWAY_I,V15_10_ALL,CONCRETE,V15_10_ALL,"438.750000000,-150.358147100,3057.903226000;439.000000000,-149.369407600,3059.919355000",NEGATIVE_VOLUME
900,V15_4_FISHWAY,V15_4_FISHWAY_I,V15_10_ALL,CONCRETE,V15_10_ALL,"438.750000000,-151.346886500,3057.919355000;439.000000000,-150.358147100,3059.935484000",NEGATIVE_VOLUME
901,V15_4_FISHWAY,V15_4_FISHWAY_I,V15_10_ALL,CONCRETE,V15_10_ALL,"438.750000000,-152.335625900,3057.935484000;439.000000000,-151.346886500,3059.951613000",NEGATIVE_VOLUME
902,V15_4_FISHWAY,V15_4_FISHWAY_I,V15_10_ALL,CONCRETE,V15_10_ALL,"438.750000000,-153.324365300,3057.951613000;439.000000000,-152.335625900,3059.967742000",NEGATIVE_VOLUME
903,V15_4_FISHWAY,V15_4_FISHWAY_I,V15_10_ALL,CONCRETE,V15_10_ALL,"438.750000000,-154.313104800,3057.967742000;439.000000000,-153.324365300,3059.983871000",NEGATIVE_VOLUME
904,V15_4_FISHWAY,V15_4_FISHWAY_I,V15_10_ALL,CONCRETE,V15_10_ALL,"438.750000000,-155.301844200,3057.983871000;439.000000000,-154.313104800,3060.000000000",NEGATIVE_VOLUME
905,V15_4_FISHWAY,V15_4_FISHWAY_I,V15_10_ALL,CONCRETE,V15_10_ALL,"441.000000000,-94.988739420,3057.000000000;441.250000000,-94.000000000,3059.016129000",NEGATIVE_VOLUME
906,V15_4_FISHWAY,V15_4_FISHWAY_I,V15_10_ALL,CONCRETE,V15_10_ALL,"441.000000000,-95.977478840,3057.016129000;441.250000000,-94.988739420,3059.032258000",NEGATIVE_VOLUME
907,V15_4_FISHWAY,V15_4_FISHWAY_I,V15_10_ALL,CONCRETE,V15_10_ALL,"441.000000000,-96.966218270,3057.032258000;441.250000000,-95.977478840,3059.048387000",NEGATIVE_VOLUME
908,V15_4_FISHWAY,V15_4_FISHWAY_I,V15_10_ALL,CONCRETE,V15_10_ALL,"441.000000000,-97.954957690,3057.048387000;441.250000000,-96.966218270,3059.064516000",NEGATIVE_VOLUME
909,V15_4_FISHWAY,V15_4_FISHWAY_I,V15_10_ALL,CONCRETE,V15_10_ALL,"441.000000000,-98.943697110,3057.064516000;441.250000000,-97.954957690,3059.080645000",NEGATIVE_VOLUME
910,V15_4_FISHWAY,V15_4_FISHWAY_I,V15_10_ALL,CONCRETE,V15_10_ALL,"441.000000000,-99.932436530,3057.080645000;441.250000000,-98.943697110,3059.096774000",NEGATIVE_VOLUME
911,V15_4_FISHWAY,V15_4_FISHWAY_I,V15_10_ALL,CONCRETE,V15_10_ALL,"441.000000000,-100.921176000,3057.096774000;441.250000000,-99.932436530,3059.112903000",NEGATIVE_VOLUME
912,V15_4_FISHWAY,V15_4_FISHWAY_I,V15_10_ALL,CONCRETE,V15_10_ALL,"441.000000000,-101.909915400,3057.112903000;441.250000000,-100.921176000,3059.129032000",NEGATIVE_VOLUME
913,V15_4_FISHWAY,V15_4_FISHWAY_I,V15_10_ALL,CONCRETE,V15_10_ALL,"441.000000000,-102.898654800,3057.129032000;441.250000000,-101.909915400,3059.145161000",NEGATIVE_VOLUME
914,V15_4_FISHWAY,V15_4_FISHWAY_I,V15_10_ALL,CONCRETE,V15_10_ALL,"441.000000000,-103.887394200,3057.145161000;441.250000000,-102.898654800,3059.161290000",NEGATIVE_VOLUME
915,V15_4_FISHWAY,V15_4_FISHWAY_I,V15_10_ALL,CONCRETE,V15_10_ALL,"441.000000000,-104.876133600,3057.161290000;441.250000000,-103.887394200,3059.177419000",NEGATIVE_VOLUME
916,V15_4_FISHWAY,V15_4_FISHWAY_I,V15_10_ALL,CONCRETE,V15_10_ALL,"441.000000000,-105.864873100,3057.177419000;441.250000000,-104.876133600,3059.193548000",NEGATIVE_VOLUME
917,V15_4_FISHWAY,V15_4_FISHWAY_I,V15_10_ALL,CONCRETE,V15_10_ALL,"441.000000000,-106.853612500,3057.193548000;441.250000000,-105.864873100,3059.209677000",NEGATIVE_VOLUME
918,V15_4_FISHWAY,V15_4_FISHWAY_I,V15_10_ALL,CONCRETE,V15_10_ALL,"441.000000000,-107.842351900,3057.209677000;441.250000000,-106.853612500,3059.225806000",NEGATIVE_VOLUME
919,V15_4_FISHWAY,V15_4_FISHWAY_I,V15_10_ALL,CONCRETE,V15_10_ALL,"441.000000000,-108.831091300,3057.225806000;441.250000000,-107.842351900,3059.241935000",NEGATIVE_VOLUME
920,V15_4_FISHWAY,V15_4_FISHWAY_I,V15_10_ALL,CONCRETE,V15_10_ALL,"441.000000000,-109.819830800,3057.241935000;441.250000000,-108.831091300,3059.258065000",NEGATIVE_VOLUME
921,V15_4_FISHWAY,V15_4_FISHWAY_I,V15_10_ALL,CONCRETE,V15_10_ALL,"441.000000000,-110.808570200,3057.258065000;441.250000000,-109.819830800,3059.274194000",NEGATIVE_VOLUME
922,V15_4_FISHWAY,V15_4_FISHWAY_I,V15_10_ALL,CONCRETE,V15_10_ALL,"441.000000000,-111.797309600,3057.274194000;441.250000000,-110.808570200,3059.290323000",NEGATIVE_VOLUME
923,V15_4_FISHWAY,V15_4_FISHWAY_I,V15_10_ALL,CONCRETE,V15_10_ALL,"441.000000000,-112.786049000,3057.290323000;441.250000000,-111.797309600,3059.306452000",NEGATIVE_VOLUME
924,V15_4_FISHWAY,V15_4_FISHWAY_I,V15_10_ALL,CONCRETE,V15_10_ALL,"441.000000000,-113.774788400,3057.306452000;441.250000000,-112.786049000,3059.322581000",NEGATIVE_VOLUME
925,V15_4_FISHWAY,V15_4_FISHWAY_I,V15_10_ALL,CONCRETE,V15_10_ALL,"441.000000000,-114.763527900,3057.322581000;441.250000000,-113.774788400,3059.338710000",NEGATIVE_VOLUME
926,V15_4_FISHWAY,V15_4_FISHWAY_I,V15_10_ALL,CONCRETE,V15_10_ALL,"441.000000000,-115.752267300,3057.338710000;441.250000000,-114.763527900,3059.354839000",NEGATIVE_VOLUME
927,V15_4_FISHWAY,V15_4_FISHWAY_I,V15_10_ALL,CONCRETE,V15_10_ALL,"441.000000000,-116.741006700,3057.354839000;441.250000000,-115.752267300,3059.370968000",NEGATIVE_VOLUME
928,V15_4_FISHWAY,V15_4_FISHWAY_I,V15_10_ALL,CONCRETE,V15_10_ALL,"441.000000000,-117.729746100,3057.370968000;441.250000000,-116.741006700,3059.387097000",NEGATIVE_VOLUME
929,V15_4_FISHWAY,V15_4_FISHWAY_I,V15_10_ALL,CONCRETE,V15_10_ALL,"441.000000000,-118.718485600,3057.387097000;441.250000000,-117.729746100,3059.403226000",NEGATIVE_VOLUME
930,V15_4_FISHWAY,V15_4_FISHWAY_I,V15_10_ALL,CONCRETE,V15_10_ALL,"441.000000000,-119.707225000,3057.403226000;441.250000000,-118.718485600,3059.419355000",NEGATIVE_VOLUME
931,V15_4_FISHWAY,V15_4_FISHWAY_I,V15_10_ALL,CONCRETE,V15_10_ALL,"441.000000000,-120.695964400,3057.419355000;441.250000000,-119.707225000,3059.435484000",NEGATIVE_VOLUME
932,V15_4_FISHWAY,V15_4_FISHWAY_I,V15_10_ALL,CONCRETE,V15_10_ALL,"441.000000000,-121.684703800,3057.435484000;441.250000000,-120.695964400,3059.451613000",NEGATIVE_VOLUME
933,V15_4_FISHWAY,V15_4_FISHWAY_I,V15_10_ALL,CONCRETE,V15_10_ALL,"441.000000000,-122.673443200,3057.451613000;441.250000000,-121.684703800,3059.467742000",NEGATIVE_VOLUME
934,V15_4_FISHWAY,V15_4_FISHWAY_I,V15_10_ALL,CONCRETE,V15_10_ALL,"441.000000000,-123.662182700,3057.467742000;441.250000000,-122.673443200,3059.483871000",NEGATIVE_VOLUME
935,V15_4_FISHWAY,V15_4_FISHWAY_I,V15_10_ALL,CONCRETE,V15_10_ALL,"441.000000000,-124.650922100,3057.483871000;441.250000000,-123.662182700,3059.500000000",NEGATIVE_VOLUME
936,V15_4_FISHWAY,V15_4_FISHWAY_I,V15_10_ALL,CONCRETE,V15_10_ALL,"441.000000000,-125.639661500,3057.500000000;441.250000000,-124.650922100,3059.516129000",NEGATIVE_VOLUME
937,V15_4_FISHWAY,V15_4_FISHWAY_I,V15_10_ALL,CONCRETE,V15_10_ALL,"441.000000000,-126.628400900,3057.516129000;441.250000000,-125.639661500,3059.532258000",NEGATIVE_VOLUME
938,V15_4_FISHWAY,V15_4_FISHWAY_I,V15_10_ALL,CONCRETE,V15_10_ALL,"441.000000000,-127.617140400,3057.532258000;441.250000000,-126.628400900,3059.548387000",NEGATIVE_VOLUME
939,V15_4_FISHWAY,V15_4_FISHWAY_I,V15_10_ALL,CONCRETE,V15_10_ALL,"441.000000000,-128.605879800,3057.548387000;441.250000000,-127.617140400,3059.564516000",NEGATIVE_VOLUME
940,V15_4_FISHWAY,V15_4_FISHWAY_I,V15_10_ALL,CONCRETE,V15_10_ALL,"441.000000000,-129.594619200,3057.564516000;441.250000000,-128.605879800,3059.580645000",NEGATIVE_VOLUME
941,V15_4_FISHWAY,V15_4_FISHWAY_I,V15_10_ALL,CONCRETE,V15_10_ALL,"441.000000000,-130.583358600,3057.580645000;441.250000000,-129.594619200,3059.596774000",NEGATIVE_VOLUME
942,V15_4_FISHWAY,V15_4_FISHWAY_I,V15_10_ALL,CONCRETE,V15_10_ALL,"441.000000000,-131.572098000,3057.596774000;441.250000000,-130.583358600,3059.612903000",NEGATIVE_VOLUME
943,V15_4_FISHWAY,V15_4_FISHWAY_I,V15_10_ALL,CONCRETE,V15_10_ALL,"441.000000000,-132.560837500,3057.612903000;441.250000000,-131.572098000,3059.629032000",NEGATIVE_VOLUME
944,V15_4_FISHWAY,V15_4_FISHWAY_I,V15_10_ALL,CONCRETE,V15_10_ALL,"441.000000000,-133.549576900,3057.629032000;441.250000000,-132.560837500,3059.645161000",NEGATIVE_VOLUME
945,V15_4_FISHWAY,V15_4_FISHWAY_I,V15_10_ALL,CONCRETE,V15_10_ALL,"441.000000000,-134.538316300,3057.645161000;441.250000000,-133.549576900,3059.661290000",NEGATIVE_VOLUME
946,V15_4_FISHWAY,V15_4_FISHWAY_I,V15_10_ALL,CONCRETE,V15_10_ALL,"441.000000000,-135.527055700,3057.661290000;441.250000000,-134.538316300,3059.677419000",NEGATIVE_VOLUME
947,V15_4_FISHWAY,V15_4_FISHWAY_I,V15_10_ALL,CONCRETE,V15_10_ALL,"441.000000000,-136.515795200,3057.677419000;441.250000000,-135.527055700,3059.693548000",NEGATIVE_VOLUME
948,V15_4_FISHWAY,V15_4_FISHWAY_I,V15_10_ALL,CONCRETE,V15_10_ALL,"441.000000000,-137.504534600,3057.693548000;441.250000000,-136.515795200,3059.709677000",NEGATIVE_VOLUME
949,V15_4_FISHWAY,V15_4_FISHWAY_I,V15_10_ALL,CONCRETE,V15_10_ALL,"441.000000000,-138.493274000,3057.709677000;441.250000000,-137.504534600,3059.725806000",NEGATIVE_VOLUME
950,V15_4_FISHWAY,V15_4_FISHWAY_I,V15_10_ALL,CONCRETE,V15_10_ALL,"441.000000000,-139.482013400,3057.725806000;441.250000000,-138.493274000,3059.741935000",NEGATIVE_VOLUME
951,V15_4_FISHWAY,V15_4_FISHWAY_I,V15_10_ALL,CONCRETE,V15_10_ALL,"441.000000000,-140.470752800,3057.741935000;441.250000000,-139.482013400,3059.758065000",NEGATIVE_VOLUME
952,V15_4_FISHWAY,V15_4_FISHWAY_I,V15_10_ALL,CONCRETE,V15_10_ALL,"441.000000000,-141.459492300,3057.758065000;441.250000000,-140.470752800,3059.774194000",NEGATIVE_VOLUME
953,V15_4_FISHWAY,V15_4_FISHWAY_I,V15_10_ALL,CONCRETE,V15_10_ALL,"441.000000000,-142.448231700,3057.774194000;441.250000000,-141.459492300,3059.790323000",NEGATIVE_VOLUME
954,V15_4_FISHWAY,V15_4_FISHWAY_I,V15_10_ALL,CONCRETE,V15_10_ALL,"441.000000000,-143.436971100,3057.790323000;441.250000000,-142.448231700,3059.806452000",NEGATIVE_VOLUME
955,V15_4_FISHWAY,V15_4_FISHWAY_I,V15_10_ALL,CONCRETE,V15_10_ALL,"441.000000000,-144.425710500,3057.806452000;441.250000000,-143.436971100,3059.822581000",NEGATIVE_VOLUME
956,V15_4_FISHWAY,V15_4_FISHWAY_I,V15_10_ALL,CONCRETE,V15_10_ALL,"441.000000000,-145.414450000,3057.822581000;441.250000000,-144.425710500,3059.838710000",NEGATIVE_VOLUME
957,V15_4_FISHWAY,V15_4_FISHWAY_I,V15_10_ALL,CONCRETE,V15_10_ALL,"441.000000000,-146.403189400,3057.838710000;441.250000000,-145.414450000,3059.854839000",NEGATIVE_VOLUME
958,V15_4_FISHWAY,V15_4_FISHWAY_I,V15_10_ALL,CONCRETE,V15_10_ALL,"441.000000000,-147.391928800,3057.854839000;441.250000000,-146.403189400,3059.870968000",NEGATIVE_VOLUME
959,V15_4_FISHWAY,V15_4_FISHWAY_I,V15_10_ALL,CONCRETE,V15_10_ALL,"441.000000000,-148.380668200,3057.870968000;441.250000000,-147.391928800,3059.887097000",NEGATIVE_VOLUME
960,V15_4_FISHWAY,V15_4_FISHWAY_I,V15_10_ALL,CONCRETE,V15_10_ALL,"441.000000000,-149.369407600,3057.887097000;441.250000000,-148.380668200,3059.903226000",NEGATIVE_VOLUME
961,V15_4_FISHWAY,V15_4_FISHWAY_I,V15_10_ALL,CONCRETE,V15_10_ALL,"441.000000000,-150.358147100,3057.903226000;441.250000000,-149.369407600,3059.919355000",NEGATIVE_VOLUME
962,V15_4_FISHWAY,V15_4_FISHWAY_I,V15_10_ALL,CONCRETE,V15_10_ALL,"441.000000000,-151.346886500,3057.919355000;441.250000000,-150.358147100,3059.935484000",NEGATIVE_VOLUME
963,V15_4_FISHWAY,V15_4_FISHWAY_I,V15_10_ALL,CONCRETE,V15_10_ALL,"441.000000000,-152.335625900,3057.935484000;441.250000000,-151.346886500,3059.951613000",NEGATIVE_VOLUME
964,V15_4_FISHWAY,V15_4_FISHWAY_I,V15_10_ALL,CONCRETE,V15_10_ALL,"441.000000000,-153.324365300,3057.951613000;441.250000000,-152.335625900,3059.967742000",NEGATIVE_VOLUME
965,V15_4_FISHWAY,V15_4_FISHWAY_I,V15_10_ALL,CONCRETE,V15_10_ALL,"441.000000000,-154.313104800,3057.967742000;441.250000000,-153.324365300,3059.983871000",NEGATIVE_VOLUME
966,V15_4_FISHWAY,V15_4_FISHWAY_I,V15_10_ALL,CONCRETE,V15_10_ALL,"441.000000000,-155.301844200,3057.983871000;441.250000000,-154.313104800,3060.000000000",NEGATIVE_VOLUME
1255,V15_4_FISHWAY,V15_4_FISHWAY_I,V15_10_ALL,CONCRETE,V15_10_ALL,"439.011837700,-62.038294870,3059.000000000;440.000000000,-58.873689690,3059.500000000",NEGATIVE_VOLUME
1256,V15_4_FISHWAY,V15_4_FISHWAY_I,V15_10_ALL,CONCRETE,V15_10_ALL,"438.023675400,-62.702900040,3059.000000000;439.011837700,-59.538294870,3059.500000000",NEGATIVE_VOLUME
1257,V15_4_FISHWAY,V15_4_FISHWAY_I,V15_10_ALL,CONCRETE,V15_10_ALL,"437.035513000,-63.367505210,3059.000000000;438.023675400,-60.202900040,3059.500000000",NEGATIVE_VOLUME
1258,V15_4_FISHWAY,V15_4_FISHWAY_I,V15_10_ALL,CONCRETE,V15_10_ALL,"436.047350700,-64.032110380,3059.000000000;437.035513000,-60.867505210,3059.500000000",NEGATIVE_VOLUME
1259,V15_4_FISHWAY,V15_4_FISHWAY_I,V15_10_ALL,CONCRETE,V15_10_ALL,"435.059188400,-64.696715550,3059.000000000;436.047350700,-61.532110380,3059.500000000",NEGATIVE_VOLUME
1260,V15_4_FISHWAY,V15_4_FISHWAY_I,V15_10_ALL,CONCRETE,V15_10_ALL,"434.071026100,-65.361320720,3059.000000000;435.059188400,-62.196715550,3059.500000000",NEGATIVE_VOLUME
1261,V15_4_FISHWAY,V15_4_FISHWAY_I,V15_10_ALL,CONCRETE,V15_10_ALL,"433.082863800,-66.025925900,3059.000000000;434.071026100,-62.861320720,3059.500000000",NEGATIVE_VOLUME
1262,V15_4_FISHWAY,V15_4_FISHWAY_I,V15_10_ALL,CONCRETE,V15_10_ALL,"432.094701500,-66.690531070,3059.000000000;433.082863800,-63.525925900,3059.500000000",NEGATIVE_VOLUME
1263,V15_4_FISHWAY,V15_4_FISHWAY_I,V15_10_ALL,CONCRETE,V15_10_ALL,"431.106539100,-67.355136240,3059.000000000;432.094701500,-64.190531070,3059.500000000",NEGATIVE_VOLUME
1264,V15_4_FISHWAY,V15_4_FISHWAY_I,V15_10_ALL,CONCRETE,V15_10_ALL,"430.118376800,-68.019741410,3059.000000000;431.106539100,-64.855136240,3059.500000000",NEGATIVE_VOLUME
1265,V15_4_FISHWAY,V15_4_FISHWAY_I,V15_10_ALL,CONCRETE,V15_10_ALL,"429.130214500,-68.684346580,3059.000000000;430.118376800,-65.519741410,3059.500000000",NEGATIVE_VOLUME
1266,V15_4_FISHWAY,V15_4_FISHWAY_I,V15_10_ALL,CONCRETE,V15_10_ALL,"428.142052200,-69.348951750,3059.000000000;429.130214500,-66.184346580,3059.500000000",NEGATIVE_VOLUME
1267,V15_4_FISHWAY,V15_4_FISHWAY_I,V15_10_ALL,CONCRETE,V15_10_ALL,"427.153889900,-70.013556930,3059.000000000;428.142052200,-66.848951750,3059.500000000",NEGATIVE_VOLUME
1268,V15_4_FISHWAY,V15_4_FISHWAY_I,V15_10_ALL,CONCRETE,V15_10_ALL,"426.165727600,-70.678162100,3059.000000000;427.153889900,-67.513556930,3059.500000000",NEGATIVE_VOLUME
1269,V15_4_FISHWAY,V15_4_FISHWAY_I,V15_10_ALL,CONCRETE,V15_10_ALL,"425.177565200,-71.342767270,3059.000000000;426.165727600,-68.178162100,3059.500000000",NEGATIVE_VOLUME
1270,V15_4_FISHWAY,V15_4_FISHWAY_I,V15_10_ALL,CONCRETE,V15_10_ALL,"424.189402900,-72.007372440,3059.000000000;425.177565200,-68.842767270,3059.500000000",NEGATIVE_VOLUME
1271,V15_4_FISHWAY,V15_4_FISHWAY_I,V15_10_ALL,CONCRETE,V15_10_ALL,"423.201240600,-72.671977610,3059.000000000;424.189402900,-69.507372440,3059.500000000",NEGATIVE_VOLUME
1272,V15_4_FISHWAY,V15_4_FISHWAY_I,V15_10_ALL,CONCRETE,V15_10_ALL,"422.213078300,-73.336582790,3059.000000000;423.201240600,-70.171977610,3059.500000000",NEGATIVE_VOLUME
1273,V15_4_FISHWAY,V15_4_FISHWAY_I,V15_10_ALL,CONCRETE,V15_10_ALL,"421.224916000,-74.001187960,3059.000000000;422.213078300,-70.836582790,3059.500000000",NEGATIVE_VOLUME
1274,V15_4_FISHWAY,V15_4_FISHWAY_I,V15_10_ALL,CONCRETE,V15_10_ALL,"420.236753700,-74.665793130,3059.000000000;421.224916000,-71.501187960,3059.500000000",NEGATIVE_VOLUME
1275,V15_4_FISHWAY,V15_4_FISHWAY_I,V15_10_ALL,CONCRETE,V15_10_ALL,"419.248591300,-75.330398300,3059.000000000;420.236753700,-72.165793130,3059.500000000",NEGATIVE_VOLUME
1276,V15_4_FISHWAY,V15_4_FISHWAY_I,V15_10_ALL,CONCRETE,V15_10_ALL,"418.260429000,-75.995003470,3059.000000000;419.248591300,-72.830398300,3059.500000000",NEGATIVE_VOLUME
1277,V15_4_FISHWAY,V15_4_FISHWAY_I,V15_10_ALL,CONCRETE,V15_10_ALL,"417.272266700,-76.659608640,3059.000000000;418.260429000,-73.495003470,3059.500000000",NEGATIVE_VOLUME
1278,V15_4_FISHWAY,V15_4_FISHWAY_I,V15_10_ALL,CONCRETE,V15_10_ALL,"416.284104400,-77.324213820,3059.000000000;417.272266700,-74.159608640,3059.500000000",NEGATIVE_VOLUME
1279,V15_4_FISHWAY,V15_4_FISHWAY_I,V15_10_ALL,CONCRETE,V15_10_ALL,"415.295942100,-77.988818990,3059.000000000;416.284104400,-74.824213820,3059.500000000",NEGATIVE_VOLUME
1280,V15_4_FISHWAY,V15_4_FISHWAY_I,V15_10_ALL,CONCRETE,V15_10_ALL,"414.307779800,-78.653424160,3059.000000000;415.295942100,-75.488818990,3059.500000000",NEGATIVE_VOLUME
1281,V15_4_FISHWAY,V15_4_FISHWAY_I,V15_10_ALL,CONCRETE,V15_10_ALL,"413.319617400,-79.318029330,3059.000000000;414.307779800,-76.153424160,3059.500000000",NEGATIVE_VOLUME
1282,V15_4_FISHWAY,V15_4_FISHWAY_I,V15_10_ALL,CONCRETE,V15_10_ALL,"412.331455100,-79.982634500,3059.000000000;413.319617400,-76.818029330,3059.500000000",NEGATIVE_VOLUME
1283,V15_4_FISHWAY,V15_4_FISHWAY_I,V15_10_ALL,CONCRETE,V15_10_ALL,"411.343292800,-80.647239670,3059.000000000;412.331455100,-77.482634500,3059.500000000",NEGATIVE_VOLUME
1284,V15_4_FISHWAY,V15_4_FISHWAY_I,V15_10_ALL,CONCRETE,V15_10_ALL,"410.355130500,-81.311844850,3059.000000000;411.343292800,-78.147239670,3059.500000000",NEGATIVE_VOLUME
1285,V15_4_FISHWAY,V15_4_FISHWAY_I,V15_10_ALL,CONCRETE,V15_10_ALL,"409.366968200,-81.976450020,3059.000000000;410.355130500,-78.811844850,3059.500000000",NEGATIVE_VOLUME
1286,V15_4_FISHWAY,V15_4_FISHWAY_I,V15_10_ALL,CONCRETE,V15_10_ALL,"408.378805900,-82.641055190,3059.000000000;409.366968200,-79.476450020,3059.500000000",NEGATIVE_VOLUME
1287,V15_4_FISHWAY,V15_4_FISHWAY_I,V15_10_ALL,CONCRETE,V15_10_ALL,"407.390643500,-83.305660360,3059.000000000;408.378805900,-80.141055190,3059.500000000",NEGATIVE_VOLUME
1288,V15_4_FISHWAY,V15_4_FISHWAY_I,V15_10_ALL,CONCRETE,V15_10_ALL,"406.402481200,-83.970265530,3059.000000000;407.390643500,-80.805660360,3059.500000000",NEGATIVE_VOLUME
1289,V15_4_FISHWAY,V15_4_FISHWAY_I,V15_10_ALL,CONCRETE,V15_10_ALL,"405.414318900,-84.634870710,3059.000000000;406.402481200,-81.470265530,3059.500000000",NEGATIVE_VOLUME
1290,V15_4_FISHWAY,V15_4_FISHWAY_I,V15_10_ALL,CONCRETE,V15_10_ALL,"404.426156600,-85.299475880,3059.000000000;405.414318900,-82.134870710,3059.500000000",NEGATIVE_VOLUME
1291,V15_4_FISHWAY,V15_4_FISHWAY_I,V15_10_ALL,CONCRETE,V15_10_ALL,"403.437994300,-85.964081050,3059.000000000;404.426156600,-82.799475880,3059.500000000",NEGATIVE_VOLUME
1292,V15_4_FISHWAY,V15_4_FISHWAY_I,V15_10_ALL,CONCRETE,V15_10_ALL,"402.449832000,-86.628686220,3059.000000000;403.437994300,-83.464081050,3059.500000000",NEGATIVE_VOLUME
1293,V15_4_FISHWAY,V15_4_FISHWAY_I,V15_10_ALL,CONCRETE,V15_10_ALL,"401.461669600,-87.293291390,3059.000000000;402.449832000,-84.128686220,3059.500000000",NEGATIVE_VOLUME
1294,V15_4_FISHWAY,V15_4_FISHWAY_I,V15_10_ALL,CONCRETE,V15_10_ALL,"400.473507300,-87.957896560,3059.000000000;401.461669600,-84.793291390,3059.500000000",NEGATIVE_VOLUME
1295,V15_4_FISHWAY,V15_4_FISHWAY_I,V15_10_ALL,CONCRETE,V15_10_ALL,"399.485345000,-88.622501740,3059.000000000;400.473507300,-85.457896560,3059.500000000",NEGATIVE_VOLUME
1296,V15_4_FISHWAY,V15_4_FISHWAY_I,V15_10_ALL,CONCRETE,V15_10_ALL,"398.497182700,-89.287106910,3059.000000000;399.485345000,-86.122501740,3059.500000000",NEGATIVE_VOLUME
1297,V15_4_FISHWAY,V15_4_FISHWAY_I,V15_10_ALL,CONCRETE,V15_10_ALL,"397.509020400,-89.951712080,3059.000000000;398.497182700,-86.787106910,3059.500000000",NEGATIVE_VOLUME
1298,V15_4_FISHWAY,V15_4_FISHWAY_I,V15_10_ALL,CONCRETE,V15_10_ALL,"396.520858000,-90.616317250,3059.000000000;397.509020400,-87.451712080,3059.500000000",NEGATIVE_VOLUME
1299,V15_4_FISHWAY,V15_4_FISHWAY_I,V15_10_ALL,CONCRETE,V15_10_ALL,"395.532695700,-91.280922420,3059.000000000;396.520858000,-88.116317250,3059.500000000",NEGATIVE_VOLUME
1300,V15_4_FISHWAY,V15_4_FISHWAY_I,V15_10_ALL,CONCRETE,V15_10_ALL,"394.544533400,-91.945527600,3059.000000000;395.532695700,-88.780922420,3059.500000000",NEGATIVE_VOLUME
1301,V15_4_FISHWAY,V15_4_FISHWAY_I,V15_10_ALL,CONCRETE,V15_10_ALL,"393.556371100,-92.610132770,3059.000000000;394.544533400,-89.445527600,3059.500000000",NEGATIVE_VOLUME
1302,V15_4_FISHWAY,V15_4_FISHWAY_I,V15_10_ALL,CONCRETE,V15_10_ALL,"392.568208800,-93.274737940,3059.000000000;393.556371100,-90.110132770,3059.500000000",NEGATIVE_VOLUME
1303,V15_4_FISHWAY,V15_4_FISHWAY_I,V15_10_ALL,CONCRETE,V15_10_ALL,"391.580046500,-93.939343110,3059.000000000;392.568208800,-90.774737940,3059.500000000",NEGATIVE_VOLUME
1304,V15_4_FISHWAY,V15_4_FISHWAY_I,V15_10_ALL,CONCRETE,V15_10_ALL,"390.591884100,-94.603948280,3059.000000000;391.580046500,-91.439343110,3059.500000000",NEGATIVE_VOLUME
1305,V15_4_FISHWAY,V15_4_FISHWAY_I,V15_10_ALL,CONCRETE,V15_10_ALL,"389.603721800,-95.268553450,3059.000000000;390.591884100,-92.103948280,3059.500000000",NEGATIVE_VOLUME
1306,V15_4_FISHWAY,V15_4_FISHWAY_I,V15_10_ALL,CONCRETE,V15_10_ALL,"388.615559500,-95.933158630,3059.000000000;389.603721800,-92.768553450,3059.500000000",NEGATIVE_VOLUME
1307,V15_4_FISHWAY,V15_4_FISHWAY_I,V15_10_ALL,CONCRETE,V15_10_ALL,"387.627397200,-96.597763800,3059.000000000;388.615559500,-93.433158630,3059.500000000",NEGATIVE_VOLUME
1308,V15_4_FISHWAY,V15_4_FISHWAY_I,V15_10_ALL,CONCRETE,V15_10_ALL,"386.639234900,-97.262368970,3059.000000000;387.627397200,-94.097763800,3059.500000000",NEGATIVE_VOLUME
1309,V15_4_FISHWAY,V15_4_FISHWAY_I,V15_10_ALL,CONCRETE,V15_10_ALL,"385.651072600,-97.926974140,3059.000000000;386.639234900,-94.762368970,3059.500000000",NEGATIVE_VOLUME
1310,V15_4_FISHWAY,V15_4_FISHWAY_I,V15_10_ALL,CONCRETE,V15_10_ALL,"384.662910200,-98.591579310,3059.000000000;385.651072600,-95.426974140,3059.500000000",NEGATIVE_VOLUME
1311,V15_4_FISHWAY,V15_4_FISHWAY_I,V15_10_ALL,CONCRETE,V15_10_ALL,"383.674747900,-99.256184480,3059.000000000;384.662910200,-96.091579310,3059.500000000",NEGATIVE_VOLUME
1312,V15_4_FISHWAY,V15_4_FISHWAY_I,V15_10_ALL,CONCRETE,V15_10_ALL,"382.686585600,-99.920789660,3059.000000000;383.674747900,-96.756184480,3059.500000000",NEGATIVE_VOLUME
1313,V15_4_FISHWAY,V15_4_FISHWAY_I,V15_10_ALL,CONCRETE,V15_10_ALL,"381.698423300,-100.585394800,3059.000000000;382.686585600,-97.420789660,3059.500000000",NEGATIVE_VOLUME
1314,V15_4_FISHWAY,V15_4_FISHWAY_I,V15_10_ALL,CONCRETE,V15_10_ALL,"380.710261000,-101.250000000,3059.000000000;381.698423300,-98.085394830,3059.500000000",NEGATIVE_VOLUME
1315,V15_4_FISHWAY,V15_4_FISHWAY_I,V15_10_ALL,CONCRETE,V15_10_ALL,"439.011837700,-62.038294870,3059.500000000;440.000000000,-61.123689690,3061.500000000",NEGATIVE_VOLUME
1316,V15_4_FISHWAY,V15_4_FISHWAY_I,V15_10_ALL,CONCRETE,V15_10_ALL,"438.023675400,-62.702900040,3059.500000000;439.011837700,-61.788294870,3061.500000000",NEGATIVE_VOLUME
1317,V15_4_FISHWAY,V15_4_FISHWAY_I,V15_10_ALL,CONCRETE,V15_10_ALL,"437.035513000,-63.367505210,3059.500000000;438.023675400,-62.452900040,3061.500000000",NEGATIVE_VOLUME
1318,V15_4_FISHWAY,V15_4_FISHWAY_I,V15_10_ALL,CONCRETE,V15_10_ALL,"436.047350700,-64.032110380,3059.500000000;437.035513000,-63.117505210,3061.500000000",NEGATIVE_VOLUME
1319,V15_4_FISHWAY,V15_4_FISHWAY_I,V15_10_ALL,CONCRETE,V15_10_ALL,"435.059188400,-64.696715550,3059.500000000;436.047350700,-63.782110380,3061.500000000",NEGATIVE_VOLUME
1320,V15_4_FISHWAY,V15_4_FISHWAY_I,V15_10_ALL,CONCRETE,V15_10_ALL,"434.071026100,-65.361320720,3059.500000000;435.059188400,-64.446715550,3061.500000000",NEGATIVE_VOLUME
1321,V15_4_FISHWAY,V15_4_FISHWAY_I,V15_10_ALL,CONCRETE,V15_10_ALL,"433.082863800,-66.025925900,3059.500000000;434.071026100,-65.111320720,3061.500000000",NEGATIVE_VOLUME
1322,V15_4_FISHWAY,V15_4_FISHWAY_I,V15_10_ALL,CONCRETE,V15_10_ALL,"432.094701500,-66.690531070,3059.500000000;433.082863800,-65.775925900,3061.500000000",NEGATIVE_VOLUME
1323,V15_4_FISHWAY,V15_4_FISHWAY_I,V15_10_ALL,CONCRETE,V15_10_ALL,"431.106539100,-67.355136240,3059.500000000;432.094701500,-66.440531070,3061.500000000",NEGATIVE_VOLUME
1324,V15_4_FISHWAY,V15_4_FISHWAY_I,V15_10_ALL,CONCRETE,V15_10_ALL,"430.118376800,-68.019741410,3059.500000000;431.106539100,-67.105136240,3061.500000000",NEGATIVE_VOLUME
1325,V15_4_FISHWAY,V15_4_FISHWAY_I,V15_10_ALL,CONCRETE,V15_10_ALL,"429.130214500,-68.684346580,3059.500000000;430.118376800,-67.769741410,3061.500000000",NEGATIVE_VOLUME
1326,V15_4_FISHWAY,V15_4_FISHWAY_I,V15_10_ALL,CONCRETE,V15_10_ALL,"428.142052200,-69.348951750,3059.500000000;429.130214500,-68.434346580,3061.500000000",NEGATIVE_VOLUME
1327,V15_4_FISHWAY,V15_4_FISHWAY_I,V15_10_ALL,CONCRETE,V15_10_ALL,"427.153889900,-70.013556930,3059.500000000;428.142052200,-69.098951750,3061.500000000",NEGATIVE_VOLUME
1328,V15_4_FISHWAY,V15_4_FISHWAY_I,V15_10_ALL,CONCRETE,V15_10_ALL,"426.165727600,-70.678162100,3059.500000000;427.153889900,-69.763556930,3061.500000000",NEGATIVE_VOLUME
1329,V15_4_FISHWAY,V15_4_FISHWAY_I,V15_10_ALL,CONCRETE,V15_10_ALL,"425.177565200,-71.342767270,3059.500000000;426.165727600,-70.428162100,3061.500000000",NEGATIVE_VOLUME
1330,V15_4_FISHWAY,V15_4_FISHWAY_I,V15_10_ALL,CONCRETE,V15_10_ALL,"424.189402900,-72.007372440,3059.500000000;425.177565200,-71.092767270,3061.500000000",NEGATIVE_VOLUME
1331,V15_4_FISHWAY,V15_4_FISHWAY_I,V15_10_ALL,CONCRETE,V15_10_ALL,"423.201240600,-72.671977610,3059.500000000;424.189402900,-71.757372440,3061.500000000",NEGATIVE_VOLUME
1332,V15_4_FISHWAY,V15_4_FISHWAY_I,V15_10_ALL,CONCRETE,V15_10_ALL,"422.213078300,-73.336582790,3059.500000000;423.201240600,-72.421977610,3061.500000000",NEGATIVE_VOLUME
1333,V15_4_FISHWAY,V15_4_FISHWAY_I,V15_10_ALL,CONCRETE,V15_10_ALL,"421.224916000,-74.001187960,3059.500000000;422.213078300,-73.086582790,3061.500000000",NEGATIVE_VOLUME
1334,V15_4_FISHWAY,V15_4_FISHWAY_I,V15_10_ALL,CONCRETE,V15_10_ALL,"420.236753700,-74.665793130,3059.500000000;421.224916000,-73.751187960,3061.500000000",NEGATIVE_VOLUME
1335,V15_4_FISHWAY,V15_4_FISHWAY_I,V15_10_ALL,CONCRETE,V15_10_ALL,"419.248591300,-75.330398300,3059.500000000;420.236753700,-74.415793130,3061.500000000",NEGATIVE_VOLUME
1336,V15_4_FISHWAY,V15_4_FISHWAY_I,V15_10_ALL,CONCRETE,V15_10_ALL,"418.260429000,-75.995003470,3059.500000000;419.248591300,-75.080398300,3061.500000000",NEGATIVE_VOLUME
1337,V15_4_FISHWAY,V15_4_FISHWAY_I,V15_10_ALL,CONCRETE,V15_10_ALL,"417.272266700,-76.659608640,3059.500000000;418.260429000,-75.745003470,3061.500000000",NEGATIVE_VOLUME
1338,V15_4_FISHWAY,V15_4_FISHWAY_I,V15_10_ALL,CONCRETE,V15_10_ALL,"416.284104400,-77.324213820,3059.500000000;417.272266700,-76.409608640,3061.500000000",NEGATIVE_VOLUME
1339,V15_4_FISHWAY,V15_4_FISHWAY_I,V15_10_ALL,CONCRETE,V15_10_ALL,"415.295942100,-77.988818990,3059.500000000;416.284104400,-77.074213820,3061.500000000",NEGATIVE_VOLUME
1340,V15_4_FISHWAY,V15_4_FISHWAY_I,V15_10_ALL,CONCRETE,V15_10_ALL,"414.307779800,-78.653424160,3059.500000000;415.295942100,-77.738818990,3061.500000000",NEGATIVE_VOLUME
1341,V15_4_FISHWAY,V15_4_FISHWAY_I,V15_10_ALL,CONCRETE,V15_10_ALL,"413.319617400,-79.318029330,3059.500000000;414.307779800,-78.403424160,3061.500000000",NEGATIVE_VOLUME
1342,V15_4_FISHWAY,V15_4_FISHWAY_I,V15_10_ALL,CONCRETE,V15_10_ALL,"412.331455100,-79.982634500,3059.500000000;413.319617400,-79.068029330,3061.500000000",NEGATIVE_VOLUME
1343,V15_4_FISHWAY,V15_4_FISHWAY_I,V15_10_ALL,CONCRETE,V15_10_ALL,"411.343292800,-80.647239670,3059.500000000;412.331455100,-79.732634500,3061.500000000",NEGATIVE_VOLUME
1344,V15_4_FISHWAY,V15_4_FISHWAY_I,V15_10_ALL,CONCRETE,V15_10_ALL,"410.355130500,-81.311844850,3059.500000000;411.343292800,-80.397239670,3061.500000000",NEGATIVE_VOLUME
1345,V15_4_FISHWAY,V15_4_FISHWAY_I,V15_10_ALL,CONCRETE,V15_10_ALL,"409.366968200,-81.976450020,3059.500000000;410.355130500,-81.061844850,3061.500000000",NEGATIVE_VOLUME
1346,V15_4_FISHWAY,V15_4_FISHWAY_I,V15_10_ALL,CONCRETE,V15_10_ALL,"408.378805900,-82.641055190,3059.500000000;409.366968200,-81.726450020,3061.500000000",NEGATIVE_VOLUME
1347,V15_4_FISHWAY,V15_4_FISHWAY_I,V15_10_ALL,CONCRETE,V15_10_ALL,"407.390643500,-83.305660360,3059.500000000;408.378805900,-82.391055190,3061.500000000",NEGATIVE_VOLUME
1348,V15_4_FISHWAY,V15_4_FISHWAY_I,V15_10_ALL,CONCRETE,V15_10_ALL,"406.402481200,-83.970265530,3059.500000000;407.390643500,-83.055660360,3061.500000000",NEGATIVE_VOLUME
1349,V15_4_FISHWAY,V15_4_FISHWAY_I,V15_10_ALL,CONCRETE,V15_10_ALL,"405.414318900,-84.634870710,3059.500000000;406.402481200,-83.720265530,3061.500000000",NEGATIVE_VOLUME
1350,V15_4_FISHWAY,V15_4_FISHWAY_I,V15_10_ALL,CONCRETE,V15_10_ALL,"404.426156600,-85.299475880,3059.500000000;405.414318900,-84.384870710,3061.500000000",NEGATIVE_VOLUME
1351,V15_4_FISHWAY,V15_4_FISHWAY_I,V15_10_ALL,CONCRETE,V15_10_ALL,"403.437994300,-85.964081050,3059.500000000;404.426156600,-85.049475880,3061.500000000",NEGATIVE_VOLUME
1352,V15_4_FISHWAY,V15_4_FISHWAY_I,V15_10_ALL,CONCRETE,V15_10_ALL,"402.449832000,-86.628686220,3059.500000000;403.437994300,-85.714081050,3061.500000000",NEGATIVE_VOLUME
1353,V15_4_FISHWAY,V15_4_FISHWAY_I,V15_10_ALL,CONCRETE,V15_10_ALL,"401.461669600,-87.293291390,3059.500000000;402.449832000,-86.378686220,3061.500000000",NEGATIVE_VOLUME
1354,V15_4_FISHWAY,V15_4_FISHWAY_I,V15_10_ALL,CONCRETE,V15_10_ALL,"400.473507300,-87.957896560,3059.500000000;401.461669600,-87.043291390,3061.500000000",NEGATIVE_VOLUME
1355,V15_4_FISHWAY,V15_4_FISHWAY_I,V15_10_ALL,CONCRETE,V15_10_ALL,"399.485345000,-88.622501740,3059.500000000;400.473507300,-87.707896560,3061.500000000",NEGATIVE_VOLUME
1356,V15_4_FISHWAY,V15_4_FISHWAY_I,V15_10_ALL,CONCRETE,V15_10_ALL,"398.497182700,-89.287106910,3059.500000000;399.485345000,-88.372501740,3061.500000000",NEGATIVE_VOLUME
1357,V15_4_FISHWAY,V15_4_FISHWAY_I,V15_10_ALL,CONCRETE,V15_10_ALL,"397.509020400,-89.951712080,3059.500000000;398.497182700,-89.037106910,3061.500000000",NEGATIVE_VOLUME
1358,V15_4_FISHWAY,V15_4_FISHWAY_I,V15_10_ALL,CONCRETE,V15_10_ALL,"396.520858000,-90.616317250,3059.500000000;397.509020400,-89.701712080,3061.500000000",NEGATIVE_VOLUME
1359,V15_4_FISHWAY,V15_4_FISHWAY_I,V15_10_ALL,CONCRETE,V15_10_ALL,"395.532695700,-91.280922420,3059.500000000;396.520858000,-90.366317250,3061.500000000",NEGATIVE_VOLUME
1360,V15_4_FISHWAY,V15_4_FISHWAY_I,V15_10_ALL,CONCRETE,V15_10_ALL,"394.544533400,-91.945527600,3059.500000000;395.532695700,-91.030922420,3061.500000000",NEGATIVE_VOLUME
1361,V15_4_FISHWAY,V15_4_FISHWAY_I,V15_10_ALL,CONCRETE,V15_10_ALL,"393.556371100,-92.610132770,3059.500000000;394.544533400,-91.695527600,3061.500000000",NEGATIVE_VOLUME
1362,V15_4_FISHWAY,V15_4_FISHWAY_I,V15_10_ALL,CONCRETE,V15_10_ALL,"392.568208800,-93.274737940,3059.500000000;393.556371100,-92.360132770,3061.500000000",NEGATIVE_VOLUME
1363,V15_4_FISHWAY,V15_4_FISHWAY_I,V15_10_ALL,CONCRETE,V15_10_ALL,"391.580046500,-93.939343110,3059.500000000;392.568208800,-93.024737940,3061.500000000",NEGATIVE_VOLUME
1364,V15_4_FISHWAY,V15_4_FISHWAY_I,V15_10_ALL,CONCRETE,V15_10_ALL,"390.591884100,-94.603948280,3059.500000000;391.580046500,-93.689343110,3061.500000000",NEGATIVE_VOLUME
1365,V15_4_FISHWAY,V15_4_FISHWAY_I,V15_10_ALL,CONCRETE,V15_10_ALL,"389.603721800,-95.268553450,3059.500000000;390.591884100,-94.353948280,3061.500000000",NEGATIVE_VOLUME
1366,V15_4_FISHWAY,V15_4_FISHWAY_I,V15_10_ALL,CONCRETE,V15_10_ALL,"388.615559500,-95.933158630,3059.500000000;389.603721800,-95.018553450,3061.500000000",NEGATIVE_VOLUME
1367,V15_4_FISHWAY,V15_4_FISHWAY_I,V15_10_ALL,CONCRETE,V15_10_ALL,"387.627397200,-96.597763800,3059.500000000;388.615559500,-95.683158630,3061.500000000",NEGATIVE_VOLUME
1368,V15_4_FISHWAY,V15_4_FISHWAY_I,V15_10_ALL,CONCRETE,V15_10_ALL,"386.639234900,-97.262368970,3059.500000000;387.627397200,-96.347763800,3061.500000000",NEGATIVE_VOLUME
1369,V15_4_FISHWAY,V15_4_FISHWAY_I,V15_10_ALL,CONCRETE,V15_10_ALL,"385.651072600,-97.926974140,3059.500000000;386.639234900,-97.012368970,3061.500000000",NEGATIVE_VOLUME
1370,V15_4_FISHWAY,V15_4_FISHWAY_I,V15_10_ALL,CONCRETE,V15_10_ALL,"384.662910200,-98.591579310,3059.500000000;385.651072600,-97.676974140,3061.500000000",NEGATIVE_VOLUME
1371,V15_4_FISHWAY,V15_4_FISHWAY_I,V15_10_ALL,CONCRETE,V15_10_ALL,"383.674747900,-99.256184480,3059.500000000;384.662910200,-98.341579310,3061.500000000",NEGATIVE_VOLUME
1372,V15_4_FISHWAY,V15_4_FISHWAY_I,V15_10_ALL,CONCRETE,V15_10_ALL,"382.686585600,-99.920789660,3059.500000000;383.674747900,-99.006184480,3061.500000000",NEGATIVE_VOLUME
1373,V15_4_FISHWAY,V15_4_FISHWAY_I,V15_10_ALL,CONCRETE,V15_10_ALL,"381.698423300,-100.585394800,3059.500000000;382.686585600,-99.670789660,3061.500000000",NEGATIVE_VOLUME
1374,V15_4_FISHWAY,V15_4_FISHWAY_I,V15_10_ALL,CONCRETE,V15_10_ALL,"380.710261000,-101.250000000,3059.500000000;381.698423300,-100.335394800,3061.500000000",NEGATIVE_VOLUME
1375,V15_4_FISHWAY,V15_4_FISHWAY_I,V15_10_ALL,CONCRETE,V15_10_ALL,"439.011837700,-59.788294870,3059.500000000;440.000000000,-58.873689690,3061.500000000",NEGATIVE_VOLUME
1376,V15_4_FISHWAY,V15_4_FISHWAY_I,V15_10_ALL,CONCRETE,V15_10_ALL,"438.023675400,-60.452900040,3059.500000000;439.011837700,-59.538294870,3061.500000000",NEGATIVE_VOLUME
1377,V15_4_FISHWAY,V15_4_FISHWAY_I,V15_10_ALL,CONCRETE,V15_10_ALL,"437.035513000,-61.117505210,3059.500000000;438.023675400,-60.202900040,3061.500000000",NEGATIVE_VOLUME
1378,V15_4_FISHWAY,V15_4_FISHWAY_I,V15_10_ALL,CONCRETE,V15_10_ALL,"436.047350700,-61.782110380,3059.500000000;437.035513000,-60.867505210,3061.500000000",NEGATIVE_VOLUME
1379,V15_4_FISHWAY,V15_4_FISHWAY_I,V15_10_ALL,CONCRETE,V15_10_ALL,"435.059188400,-62.446715550,3059.500000000;436.047350700,-61.532110380,3061.500000000",NEGATIVE_VOLUME
1380,V15_4_FISHWAY,V15_4_FISHWAY_I,V15_10_ALL,CONCRETE,V15_10_ALL,"434.071026100,-63.111320720,3059.500000000;435.059188400,-62.196715550,3061.500000000",NEGATIVE_VOLUME
1381,V15_4_FISHWAY,V15_4_FISHWAY_I,V15_10_ALL,CONCRETE,V15_10_ALL,"433.082863800,-63.775925900,3059.500000000;434.071026100,-62.861320720,3061.500000000",NEGATIVE_VOLUME
1382,V15_4_FISHWAY,V15_4_FISHWAY_I,V15_10_ALL,CONCRETE,V15_10_ALL,"432.094701500,-64.440531070,3059.500000000;433.082863800,-63.525925900,3061.500000000",NEGATIVE_VOLUME
1383,V15_4_FISHWAY,V15_4_FISHWAY_I,V15_10_ALL,CONCRETE,V15_10_ALL,"431.106539100,-65.105136240,3059.500000000;432.094701500,-64.190531070,3061.500000000",NEGATIVE_VOLUME
1384,V15_4_FISHWAY,V15_4_FISHWAY_I,V15_10_ALL,CONCRETE,V15_10_ALL,"430.118376800,-65.769741410,3059.500000000;431.106539100,-64.855136240,3061.500000000",NEGATIVE_VOLUME
1385,V15_4_FISHWAY,V15_4_FISHWAY_I,V15_10_ALL,CONCRETE,V15_10_ALL,"429.130214500,-66.434346580,3059.500000000;430.118376800,-65.519741410,3061.500000000",NEGATIVE_VOLUME
1386,V15_4_FISHWAY,V15_4_FISHWAY_I,V15_10_ALL,CONCRETE,V15_10_ALL,"428.142052200,-67.098951750,3059.500000000;429.130214500,-66.184346580,3061.500000000",NEGATIVE_VOLUME
1387,V15_4_FISHWAY,V15_4_FISHWAY_I,V15_10_ALL,CONCRETE,V15_10_ALL,"427.153889900,-67.763556930,3059.500000000;428.142052200,-66.848951750,3061.500000000",NEGATIVE_VOLUME
1388,V15_4_FISHWAY,V15_4_FISHWAY_I,V15_10_ALL,CONCRETE,V15_10_ALL,"426.165727600,-68.428162100,3059.500000000;427.153889900,-67.513556930,3061.500000000",NEGATIVE_VOLUME
1389,V15_4_FISHWAY,V15_4_FISHWAY_I,V15_10_ALL,CONCRETE,V15_10_ALL,"425.177565200,-69.092767270,3059.500000000;426.165727600,-68.178162100,3061.500000000",NEGATIVE_VOLUME
1390,V15_4_FISHWAY,V15_4_FISHWAY_I,V15_10_ALL,CONCRETE,V15_10_ALL,"424.189402900,-69.757372440,3059.500000000;425.177565200,-68.842767270,3061.500000000",NEGATIVE_VOLUME
1391,V15_4_FISHWAY,V15_4_FISHWAY_I,V15_10_ALL,CONCRETE,V15_10_ALL,"423.201240600,-70.421977610,3059.500000000;424.189402900,-69.507372440,3061.500000000",NEGATIVE_VOLUME
1392,V15_4_FISHWAY,V15_4_FISHWAY_I,V15_10_ALL,CONCRETE,V15_10_ALL,"422.213078300,-71.086582790,3059.500000000;423.201240600,-70.171977610,3061.500000000",NEGATIVE_VOLUME
1393,V15_4_FISHWAY,V15_4_FISHWAY_I,V15_10_ALL,CONCRETE,V15_10_ALL,"421.224916000,-71.751187960,3059.500000000;422.213078300,-70.836582790,3061.500000000",NEGATIVE_VOLUME
1394,V15_4_FISHWAY,V15_4_FISHWAY_I,V15_10_ALL,CONCRETE,V15_10_ALL,"420.236753700,-72.415793130,3059.500000000;421.224916000,-71.501187960,3061.500000000",NEGATIVE_VOLUME
1395,V15_4_FISHWAY,V15_4_FISHWAY_I,V15_10_ALL,CONCRETE,V15_10_ALL,"419.248591300,-73.080398300,3059.500000000;420.236753700,-72.165793130,3061.500000000",NEGATIVE_VOLUME
1396,V15_4_FISHWAY,V15_4_FISHWAY_I,V15_10_ALL,CONCRETE,V15_10_ALL,"418.260429000,-73.745003470,3059.500000000;419.248591300,-72.830398300,3061.500000000",NEGATIVE_VOLUME
1397,V15_4_FISHWAY,V15_4_FISHWAY_I,V15_10_ALL,CONCRETE,V15_10_ALL,"417.272266700,-74.409608640,3059.500000000;418.260429000,-73.495003470,3061.500000000",NEGATIVE_VOLUME
1398,V15_4_FISHWAY,V15_4_FISHWAY_I,V15_10_ALL,CONCRETE,V15_10_ALL,"416.284104400,-75.074213820,3059.500000000;417.272266700,-74.159608640,3061.500000000",NEGATIVE_VOLUME
1399,V15_4_FISHWAY,V15_4_FISHWAY_I,V15_10_ALL,CONCRETE,V15_10_ALL,"415.295942100,-75.738818990,3059.500000000;416.284104400,-74.824213820,3061.500000000",NEGATIVE_VOLUME
1400,V15_4_FISHWAY,V15_4_FISHWAY_I,V15_10_ALL,CONCRETE,V15_10_ALL,"414.307779800,-76.403424160,3059.500000000;415.295942100,-75.488818990,3061.500000000",NEGATIVE_VOLUME
1401,V15_4_FISHWAY,V15_4_FISHWAY_I,V15_10_ALL,CONCRETE,V15_10_ALL,"413.319617400,-77.068029330,3059.500000000;414.307779800,-76.153424160,3061.500000000",NEGATIVE_VOLUME
1402,V15_4_FISHWAY,V15_4_FISHWAY_I,V15_10_ALL,CONCRETE,V15_10_ALL,"412.331455100,-77.732634500,3059.500000000;413.319617400,-76.818029330,3061.500000000",NEGATIVE_VOLUME
1403,V15_4_FISHWAY,V15_4_FISHWAY_I,V15_10_ALL,CONCRETE,V15_10_ALL,"411.343292800,-78.397239670,3059.500000000;412.331455100,-77.482634500,3061.500000000",NEGATIVE_VOLUME
1404,V15_4_FISHWAY,V15_4_FISHWAY_I,V15_10_ALL,CONCRETE,V15_10_ALL,"410.355130500,-79.061844850,3059.500000000;411.343292800,-78.147239670,3061.500000000",NEGATIVE_VOLUME
1405,V15_4_FISHWAY,V15_4_FISHWAY_I,V15_10_ALL,CONCRETE,V15_10_ALL,"409.366968200,-79.726450020,3059.500000000;410.355130500,-78.811844850,3061.500000000",NEGATIVE_VOLUME
1406,V15_4_FISHWAY,V15_4_FISHWAY_I,V15_10_ALL,CONCRETE,V15_10_ALL,"408.378805900,-80.391055190,3059.500000000;409.366968200,-79.476450020,3061.500000000",NEGATIVE_VOLUME
1407,V15_4_FISHWAY,V15_4_FISHWAY_I,V15_10_ALL,CONCRETE,V15_10_ALL,"407.390643500,-81.055660360,3059.500000000;408.378805900,-80.141055190,3061.500000000",NEGATIVE_VOLUME
1408,V15_4_FISHWAY,V15_4_FISHWAY_I,V15_10_ALL,CONCRETE,V15_10_ALL,"406.402481200,-81.720265530,3059.500000000;407.390643500,-80.805660360,3061.500000000",NEGATIVE_VOLUME
1409,V15_4_FISHWAY,V15_4_FISHWAY_I,V15_10_ALL,CONCRETE,V15_10_ALL,"405.414318900,-82.384870710,3059.500000000;406.402481200,-81.470265530,3061.500000000",NEGATIVE_VOLUME
1410,V15_4_FISHWAY,V15_4_FISHWAY_I,V15_10_ALL,CONCRETE,V15_10_ALL,"404.426156600,-83.049475880,3059.500000000;405.414318900,-82.134870710,3061.500000000",NEGATIVE_VOLUME
1411,V15_4_FISHWAY,V15_4_FISHWAY_I,V15_10_ALL,CONCRETE,V15_10_ALL,"403.437994300,-83.714081050,3059.500000000;404.426156600,-82.799475880,3061.500000000",NEGATIVE_VOLUME
1412,V15_4_FISHWAY,V15_4_FISHWAY_I,V15_10_ALL,CONCRETE,V15_10_ALL,"402.449832000,-84.378686220,3059.500000000;403.437994300,-83.464081050,3061.500000000",NEGATIVE_VOLUME
1413,V15_4_FISHWAY,V15_4_FISHWAY_I,V15_10_ALL,CONCRETE,V15_10_ALL,"401.461669600,-85.043291390,3059.500000000;402.449832000,-84.128686220,3061.500000000",NEGATIVE_VOLUME
1414,V15_4_FISHWAY,V15_4_FISHWAY_I,V15_10_ALL,CONCRETE,V15_10_ALL,"400.473507300,-85.707896560,3059.500000000;401.461669600,-84.793291390,3061.500000000",NEGATIVE_VOLUME
1415,V15_4_FISHWAY,V15_4_FISHWAY_I,V15_10_ALL,CONCRETE,V15_10_ALL,"399.485345000,-86.372501740,3059.500000000;400.473507300,-85.457896560,3061.500000000",NEGATIVE_VOLUME
1416,V15_4_FISHWAY,V15_4_FISHWAY_I,V15_10_ALL,CONCRETE,V15_10_ALL,"398.497182700,-87.037106910,3059.500000000;399.485345000,-86.122501740,3061.500000000",NEGATIVE_VOLUME
1417,V15_4_FISHWAY,V15_4_FISHWAY_I,V15_10_ALL,CONCRETE,V15_10_ALL,"397.509020400,-87.701712080,3059.500000000;398.497182700,-86.787106910,3061.500000000",NEGATIVE_VOLUME
1418,V15_4_FISHWAY,V15_4_FISHWAY_I,V15_10_ALL,CONCRETE,V15_10_ALL,"396.520858000,-88.366317250,3059.500000000;397.509020400,-87.451712080,3061.500000000",NEGATIVE_VOLUME
1419,V15_4_FISHWAY,V15_4_FISHWAY_I,V15_10_ALL,CONCRETE,V15_10_ALL,"395.532695700,-89.030922420,3059.500000000;396.520858000,-88.116317250,3061.500000000",NEGATIVE_VOLUME
1420,V15_4_FISHWAY,V15_4_FISHWAY_I,V15_10_ALL,CONCRETE,V15_10_ALL,"394.544533400,-89.695527600,3059.500000000;395.532695700,-88.780922420,3061.500000000",NEGATIVE_VOLUME
1421,V15_4_FISHWAY,V15_4_FISHWAY_I,V15_10_ALL,CONCRETE,V15_10_ALL,"393.556371100,-90.360132770,3059.500000000;394.544533400,-89.445527600,3061.500000000",NEGATIVE_VOLUME
1422,V15_4_FISHWAY,V15_4_FISHWAY_I,V15_10_ALL,CONCRETE,V15_10_ALL,"392.568208800,-91.024737940,3059.500000000;393.556371100,-90.110132770,3061.500000000",NEGATIVE_VOLUME
1423,V15_4_FISHWAY,V15_4_FISHWAY_I,V15_10_ALL,CONCRETE,V15_10_ALL,"391.580046500,-91.689343110,3059.500000000;392.568208800,-90.774737940,3061.500000000",NEGATIVE_VOLUME
1424,V15_4_FISHWAY,V15_4_FISHWAY_I,V15_10_ALL,CONCRETE,V15_10_ALL,"390.591884100,-92.353948280,3059.500000000;391.580046500,-91.439343110,3061.500000000",NEGATIVE_VOLUME
1425,V15_4_FISHWAY,V15_4_FISHWAY_I,V15_10_ALL,CONCRETE,V15_10_ALL,"389.603721800,-93.018553450,3059.500000000;390.591884100,-92.103948280,3061.500000000",NEGATIVE_VOLUME
1426,V15_4_FISHWAY,V15_4_FISHWAY_I,V15_10_ALL,CONCRETE,V15_10_ALL,"388.615559500,-93.683158630,3059.500000000;389.603721800,-92.768553450,3061.500000000",NEGATIVE_VOLUME
1427,V15_4_FISHWAY,V15_4_FISHWAY_I,V15_10_ALL,CONCRETE,V15_10_ALL,"387.627397200,-94.347763800,3059.500000000;388.615559500,-93.433158630,3061.500000000",NEGATIVE_VOLUME
1428,V15_4_FISHWAY,V15_4_FISHWAY_I,V15_10_ALL,CONCRETE,V15_10_ALL,"386.639234900,-95.012368970,3059.500000000;387.627397200,-94.097763800,3061.500000000",NEGATIVE_VOLUME
1429,V15_4_FISHWAY,V15_4_FISHWAY_I,V15_10_ALL,CONCRETE,V15_10_ALL,"385.651072600,-95.676974140,3059.500000000;386.639234900,-94.762368970,3061.500000000",NEGATIVE_VOLUME
1430,V15_4_FISHWAY,V15_4_FISHWAY_I,V15_10_ALL,CONCRETE,V15_10_ALL,"384.662910200,-96.341579310,3059.500000000;385.651072600,-95.426974140,3061.500000000",NEGATIVE_VOLUME
1431,V15_4_FISHWAY,V15_4_FISHWAY_I,V15_10_ALL,CONCRETE,V15_10_ALL,"383.674747900,-97.006184480,3059.500000000;384.662910200,-96.091579310,3061.500000000",NEGATIVE_VOLUME
1432,V15_4_FISHWAY,V15_4_FISHWAY_I,V15_10_ALL,CONCRETE,V15_10_ALL,"382.686585600,-97.670789660,3059.500000000;383.674747900,-96.756184480,3061.500000000",NEGATIVE_VOLUME
1433,V15_4_FISHWAY,V15_4_FISHWAY_I,V15_10_ALL,CONCRETE,V15_10_ALL,"381.698423300,-98.335394830,3059.500000000;382.686585600,-97.420789660,3061.500000000",NEGATIVE_VOLUME
1434,V15_4_FISHWAY,V15_4_FISHWAY_I,V15_10_ALL,CONCRETE,V15_10_ALL,"380.710261000,-99.000000000,3059.500000000;381.698423300,-98.085394830,3061.500000000",NEGATIVE_VOLUME
1435,V15_4_FISHWAY,V15_4_FISHWAY_I,V15_10_ALL,CONCRETE,V15_10_ALL,"379.711238200,-101.472222200,3059.000000000;380.710261000,-98.750000000,3059.500000000",NEGATIVE_VOLUME
1436,V15_4_FISHWAY,V15_4_FISHWAY_I,V15_10_ALL,CONCRETE,V15_10_ALL,"378.712215400,-101.694444400,3059.000000000;379.711238200,-98.972222220,3059.500000000",NEGATIVE_VOLUME
1437,V15_4_FISHWAY,V15_4_FISHWAY_I,V15_10_ALL,CONCRETE,V15_10_ALL,"377.713192600,-101.916666700,3059.000000000;378.712215400,-99.194444440,3059.500000000",NEGATIVE_VOLUME
1438,V15_4_FISHWAY,V15_4_FISHWAY_I,V15_10_ALL,CONCRETE,V15_10_ALL,"376.714169800,-102.138888900,3059.000000000;377.713192600,-99.416666670,3059.500000000",NEGATIVE_VOLUME
1439,V15_4_FISHWAY,V15_4_FISHWAY_I,V15_10_ALL,CONCRETE,V15_10_ALL,"375.715147000,-102.361111100,3059.000000000;376.714169800,-99.638888890,3059.500000000",NEGATIVE_VOLUME
1440,V15_4_FISHWAY,V15_4_FISHWAY_I,V15_10_ALL,CONCRETE,V15_10_ALL,"374.716124200,-102.583333300,3059.000000000;375.715147000,-99.861111110,3059.500000000",NEGATIVE_VOLUME
1441,V15_4_FISHWAY,V15_4_FISHWAY_I,V15_10_ALL,CONCRETE,V15_10_ALL,"373.717101400,-102.805555600,3059.000000000;374.716124200,-100.083333300,3059.500000000",NEGATIVE_VOLUME
1442,V15_4_FISHWAY,V15_4_FISHWAY_I,V15_10_ALL,CONCRETE,V15_10_ALL,"372.718078600,-103.027777800,3059.000000000;373.717101400,-100.305555600,3059.500000000",NEGATIVE_VOLUME
1443,V15_4_FISHWAY,V15_4_FISHWAY_I,V15_10_ALL,CONCRETE,V15_10_ALL,"371.719055800,-103.250000000,3059.000000000;372.718078600,-100.527777800,3059.500000000",NEGATIVE_VOLUME
1444,V15_4_FISHWAY,V15_4_FISHWAY_I,V15_10_ALL,CONCRETE,V15_10_ALL,"370.720033000,-103.472222200,3059.000000000;371.719055800,-100.750000000,3059.500000000",NEGATIVE_VOLUME
1445,V15_4_FISHWAY,V15_4_FISHWAY_I,V15_10_ALL,CONCRETE,V15_10_ALL,"369.721010200,-103.694444400,3059.000000000;370.720033000,-100.972222200,3059.500000000",NEGATIVE_VOLUME
1446,V15_4_FISHWAY,V15_4_FISHWAY_I,V15_10_ALL,CONCRETE,V15_10_ALL,"368.721987400,-103.916666700,3059.000000000;369.721010200,-101.194444400,3059.500000000",NEGATIVE_VOLUME
1447,V15_4_FISHWAY,V15_4_FISHWAY_I,V15_10_ALL,CONCRETE,V15_10_ALL,"367.722964500,-104.138888900,3059.000000000;368.721987400,-101.416666700,3059.500000000",NEGATIVE_VOLUME
1448,V15_4_FISHWAY,V15_4_FISHWAY_I,V15_10_ALL,CONCRETE,V15_10_ALL,"366.723941700,-104.361111100,3059.000000000;367.722964500,-101.638888900,3059.500000000",NEGATIVE_VOLUME
1449,V15_4_FISHWAY,V15_4_FISHWAY_I,V15_10_ALL,CONCRETE,V15_10_ALL,"365.724918900,-104.583333300,3059.000000000;366.723941700,-101.861111100,3059.500000000",NEGATIVE_VOLUME
1450,V15_4_FISHWAY,V15_4_FISHWAY_I,V15_10_ALL,CONCRETE,V15_10_ALL,"364.725896100,-104.805555600,3059.000000000;365.724918900,-102.083333300,3059.500000000",NEGATIVE_VOLUME
1451,V15_4_FISHWAY,V15_4_FISHWAY_I,V15_10_ALL,CONCRETE,V15_10_ALL,"363.726873300,-105.027777800,3059.000000000;364.725896100,-102.305555600,3059.500000000",NEGATIVE_VOLUME
1452,V15_4_FISHWAY,V15_4_FISHWAY_I,V15_10_ALL,CONCRETE,V15_10_ALL,"362.727850500,-105.250000000,3059.000000000;363.726873300,-102.527777800,3059.500000000",NEGATIVE_VOLUME
1453,V15_4_FISHWAY,V15_4_FISHWAY_I,V15_10_ALL,CONCRETE,V15_10_ALL,"361.728827700,-105.472222200,3059.000000000;362.727850500,-102.750000000,3059.500000000",NEGATIVE_VOLUME
1454,V15_4_FISHWAY,V15_4_FISHWAY_I,V15_10_ALL,CONCRETE,V15_10_ALL,"360.729804900,-105.694444400,3059.000000000;361.728827700,-102.972222200,3059.500000000",NEGATIVE_VOLUME
1455,V15_4_FISHWAY,V15_4_FISHWAY_I,V15_10_ALL,CONCRETE,V15_10_ALL,"359.730782100,-105.916666700,3059.000000000;360.729804900,-103.194444400,3059.500000000",NEGATIVE_VOLUME
1456,V15_4_FISHWAY,V15_4_FISHWAY_I,V15_10_ALL,CONCRETE,V15_10_ALL,"358.731759300,-106.138888900,3059.000000000;359.730782100,-103.416666700,3059.500000000",NEGATIVE_VOLUME
1457,V15_4_FISHWAY,V15_4_FISHWAY_I,V15_10_ALL,CONCRETE,V15_10_ALL,"357.732736500,-106.361111100,3059.000000000;358.731759300,-103.638888900,3059.500000000",NEGATIVE_VOLUME
1458,V15_4_FISHWAY,V15_4_FISHWAY_I,V15_10_ALL,CONCRETE,V15_10_ALL,"356.733713700,-106.583333300,3059.000000000;357.732736500,-103.861111100,3059.500000000",NEGATIVE_VOLUME
1459,V15_4_FISHWAY,V15_4_FISHWAY_I,V15_10_ALL,CONCRETE,V15_10_ALL,"355.734690900,-106.805555600,3059.000000000;356.733713700,-104.083333300,3059.500000000",NEGATIVE_VOLUME
1460,V15_4_FISHWAY,V15_4_FISHWAY_I,V15_10_ALL,CONCRETE,V15_10_ALL,"354.735668100,-107.027777800,3059.000000000;355.734690900,-104.305555600,3059.500000000",NEGATIVE_VOLUME
1461,V15_4_FISHWAY,V15_4_FISHWAY_I,V15_10_ALL,CONCRETE,V15_10_ALL,"353.736645300,-107.250000000,3059.000000000;354.735668100,-104.527777800,3059.500000000",NEGATIVE_VOLUME
1462,V15_4_FISHWAY,V15_4_FISHWAY_I,V15_10_ALL,CONCRETE,V15_10_ALL,"352.737622500,-107.472222200,3059.000000000;353.736645300,-104.750000000,3059.500000000",NEGATIVE_VOLUME
1463,V15_4_FISHWAY,V15_4_FISHWAY_I,V15_10_ALL,CONCRETE,V15_10_ALL,"351.738599700,-107.694444400,3059.000000000;352.737622500,-104.972222200,3059.500000000",NEGATIVE_VOLUME
1464,V15_4_FISHWAY,V15_4_FISHWAY_I,V15_10_ALL,CONCRETE,V15_10_ALL,"350.739576900,-107.916666700,3059.000000000;351.738599700,-105.194444400,3059.500000000",NEGATIVE_VOLUME
1465,V15_4_FISHWAY,V15_4_FISHWAY_I,V15_10_ALL,CONCRETE,V15_10_ALL,"349.740554100,-108.138888900,3059.000000000;350.739576900,-105.416666700,3059.500000000",NEGATIVE_VOLUME
1466,V15_4_FISHWAY,V15_4_FISHWAY_I,V15_10_ALL,CONCRETE,V15_10_ALL,"348.741531300,-108.361111100,3059.000000000;349.740554100,-105.638888900,3059.500000000",NEGATIVE_VOLUME
1467,V15_4_FISHWAY,V15_4_FISHWAY_I,V15_10_ALL,CONCRETE,V15_10_ALL,"347.742508500,-108.583333300,3059.000000000;348.741531300,-105.861111100,3059.500000000",NEGATIVE_VOLUME
1468,V15_4_FISHWAY,V15_4_FISHWAY_I,V15_10_ALL,CONCRETE,V15_10_ALL,"346.743485700,-108.805555600,3059.000000000;347.742508500,-106.083333300,3059.500000000",NEGATIVE_VOLUME
1469,V15_4_FISHWAY,V15_4_FISHWAY_I,V15_10_ALL,CONCRETE,V15_10_ALL,"345.744462900,-109.027777800,3059.000000000;346.743485700,-106.305555600,3059.500000000",NEGATIVE_VOLUME
1470,V15_4_FISHWAY,V15_4_FISHWAY_I,V15_10_ALL,CONCRETE,V15_10_ALL,"344.745440100,-109.250000000,3059.000000000;345.744462900,-106.527777800,3059.500000000",NEGATIVE_VOLUME
1471,V15_4_FISHWAY,V15_4_FISHWAY_I,V15_10_ALL,CONCRETE,V15_10_ALL,"343.746417300,-109.472222200,3059.000000000;344.745440100,-106.750000000,3059.500000000",NEGATIVE_VOLUME
1472,V15_4_FISHWAY,V15_4_FISHWAY_I,V15_10_ALL,CONCRETE,V15_10_ALL,"342.747394500,-109.694444400,3059.000000000;343.746417300,-106.972222200,3059.500000000",NEGATIVE_VOLUME
1473,V15_4_FISHWAY,V15_4_FISHWAY_I,V15_10_ALL,CONCRETE,V15_10_ALL,"341.748371700,-109.916666700,3059.000000000;342.747394500,-107.194444400,3059.500000000",NEGATIVE_VOLUME
1474,V15_4_FISHWAY,V15_4_FISHWAY_I,V15_10_ALL,CONCRETE,V15_10_ALL,"340.749348900,-110.138888900,3059.000000000;341.748371700,-107.416666700,3059.500000000",NEGATIVE_VOLUME
1475,V15_4_FISHWAY,V15_4_FISHWAY_I,V15_10_ALL,CONCRETE,V15_10_ALL,"339.750326100,-110.361111100,3059.000000000;340.749348900,-107.638888900,3059.500000000",NEGATIVE_VOLUME
1476,V15_4_FISHWAY,V15_4_FISHWAY_I,V15_10_ALL,CONCRETE,V15_10_ALL,"338.751303300,-110.583333300,3059.000000000;339.750326100,-107.861111100,3059.500000000",NEGATIVE_VOLUME
1477,V15_4_FISHWAY,V15_4_FISHWAY_I,V15_10_ALL,CONCRETE,V15_10_ALL,"337.752280500,-110.805555600,3059.000000000;338.751303300,-108.083333300,3059.500000000",NEGATIVE_VOLUME
1478,V15_4_FISHWAY,V15_4_FISHWAY_I,V15_10_ALL,CONCRETE,V15_10_ALL,"336.753257700,-111.027777800,3059.000000000;337.752280500,-108.305555600,3059.500000000",NEGATIVE_VOLUME
1479,V15_4_FISHWAY,V15_4_FISHWAY_I,V15_10_ALL,CONCRETE,V15_10_ALL,"335.754234900,-111.250000000,3059.000000000;336.753257700,-108.527777800,3059.500000000",NEGATIVE_VOLUME
1480,V15_4_FISHWAY,V15_4_FISHWAY_I,V15_10_ALL,CONCRETE,V15_10_ALL,"334.755212100,-111.472222200,3059.000000000;335.754234900,-108.750000000,3059.500000000",NEGATIVE_VOLUME
1481,V15_4_FISHWAY,V15_4_FISHWAY_I,V15_10_ALL,CONCRETE,V15_10_ALL,"333.756189300,-111.694444400,3059.000000000;334.755212100,-108.972222200,3059.500000000",NEGATIVE_VOLUME
1482,V15_4_FISHWAY,V15_4_FISHWAY_I,V15_10_ALL,CONCRETE,V15_10_ALL,"332.757166500,-111.916666700,3059.000000000;333.756189300,-109.194444400,3059.500000000",NEGATIVE_VOLUME
1483,V15_4_FISHWAY,V15_4_FISHWAY_I,V15_10_ALL,CONCRETE,V15_10_ALL,"331.758143700,-112.138888900,3059.000000000;332.757166500,-109.416666700,3059.500000000",NEGATIVE_VOLUME
1484,V15_4_FISHWAY,V15_4_FISHWAY_I,V15_10_ALL,CONCRETE,V15_10_ALL,"330.759120900,-112.361111100,3059.000000000;331.758143700,-109.638888900,3059.500000000",NEGATIVE_VOLUME
1485,V15_4_FISHWAY,V15_4_FISHWAY_I,V15_10_ALL,CONCRETE,V15_10_ALL,"329.760098100,-112.583333300,3059.000000000;330.759120900,-109.861111100,3059.500000000",NEGATIVE_VOLUME
1486,V15_4_FISHWAY,V15_4_FISHWAY_I,V15_10_ALL,CONCRETE,V15_10_ALL,"328.761075300,-112.805555600,3059.000000000;329.760098100,-110.083333300,3059.500000000",NEGATIVE_VOLUME
1487,V15_4_FISHWAY,V15_4_FISHWAY_I,V15_10_ALL,CONCRETE,V15_10_ALL,"327.762052500,-113.027777800,3059.000000000;328.761075300,-110.305555600,3059.500000000",NEGATIVE_VOLUME
1488,V15_4_FISHWAY,V15_4_FISHWAY_I,V15_10_ALL,CONCRETE,V15_10_ALL,"326.763029700,-113.250000000,3059.000000000;327.762052500,-110.527777800,3059.500000000",NEGATIVE_VOLUME
1489,V15_4_FISHWAY,V15_4_FISHWAY_I,V15_10_ALL,CONCRETE,V15_10_ALL,"325.764006900,-113.472222200,3059.000000000;326.763029700,-110.750000000,3059.500000000",NEGATIVE_VOLUME
1490,V15_4_FISHWAY,V15_4_FISHWAY_I,V15_10_ALL,CONCRETE,V15_10_ALL,"324.764984100,-113.694444400,3059.000000000;325.764006900,-110.972222200,3059.500000000",NEGATIVE_VOLUME
1491,V15_4_FISHWAY,V15_4_FISHWAY_I,V15_10_ALL,CONCRETE,V15_10_ALL,"323.765961300,-113.916666700,3059.000000000;324.764984100,-111.194444400,3059.500000000",NEGATIVE_VOLUME
1492,V15_4_FISHWAY,V15_4_FISHWAY_I,V15_10_ALL,CONCRETE,V15_10_ALL,"322.766938500,-114.138888900,3059.000000000;323.765961300,-111.416666700,3059.500000000",NEGATIVE_VOLUME
1493,V15_4_FISHWAY,V15_4_FISHWAY_I,V15_10_ALL,CONCRETE,V15_10_ALL,"321.767915600,-114.361111100,3059.000000000;322.766938500,-111.638888900,3059.500000000",NEGATIVE_VOLUME
1494,V15_4_FISHWAY,V15_4_FISHWAY_I,V15_10_ALL,CONCRETE,V15_10_ALL,"320.768892800,-114.583333300,3059.000000000;321.767915600,-111.861111100,3059.500000000",NEGATIVE_VOLUME
1495,V15_4_FISHWAY,V15_4_FISHWAY_I,V15_10_ALL,CONCRETE,V15_10_ALL,"319.769870000,-114.805555600,3059.000000000;320.768892800,-112.083333300,3059.500000000",NEGATIVE_VOLUME
1496,V15_4_FISHWAY,V15_4_FISHWAY_I,V15_10_ALL,CONCRETE,V15_10_ALL,"318.770847200,-115.027777800,3059.000000000;319.769870000,-112.305555600,3059.500000000",NEGATIVE_VOLUME
1497,V15_4_FISHWAY,V15_4_FISHWAY_I,V15_10_ALL,CONCRETE,V15_10_ALL,"317.771824400,-115.250000000,3059.000000000;318.770847200,-112.527777800,3059.500000000",NEGATIVE_VOLUME
1498,V15_4_FISHWAY,V15_4_FISHWAY_I,V15_10_ALL,CONCRETE,V15_10_ALL,"316.772801600,-115.472222200,3059.000000000;317.771824400,-112.750000000,3059.500000000",NEGATIVE_VOLUME
1499,V15_4_FISHWAY,V15_4_FISHWAY_I,V15_10_ALL,CONCRETE,V15_10_ALL,"315.773778800,-115.694444400,3059.000000000;316.772801600,-112.972222200,3059.500000000",NEGATIVE_VOLUME
1500,V15_4_FISHWAY,V15_4_FISHWAY_I,V15_10_ALL,CONCRETE,V15_10_ALL,"314.774756000,-115.916666700,3059.000000000;315.773778800,-113.194444400,3059.500000000",NEGATIVE_VOLUME
1501,V15_4_FISHWAY,V15_4_FISHWAY_I,V15_10_ALL,CONCRETE,V15_10_ALL,"313.775733200,-116.138888900,3059.000000000;314.774756000,-113.416666700,3059.500000000",NEGATIVE_VOLUME
1502,V15_4_FISHWAY,V15_4_FISHWAY_I,V15_10_ALL,CONCRETE,V15_10_ALL,"312.776710400,-116.361111100,3059.000000000;313.775733200,-113.638888900,3059.500000000",NEGATIVE_VOLUME
1503,V15_4_FISHWAY,V15_4_FISHWAY_I,V15_10_ALL,CONCRETE,V15_10_ALL,"311.777687600,-116.583333300,3059.000000000;312.776710400,-113.861111100,3059.500000000",NEGATIVE_VOLUME
1504,V15_4_FISHWAY,V15_4_FISHWAY_I,V15_10_ALL,CONCRETE,V15_10_ALL,"310.778664800,-116.805555600,3059.000000000;311.777687600,-114.083333300,3059.500000000",NEGATIVE_VOLUME
1505,V15_4_FISHWAY,V15_4_FISHWAY_I,V15_10_ALL,CONCRETE,V15_10_ALL,"309.779642000,-117.027777800,3059.000000000;310.778664800,-114.305555600,3059.500000000",NEGATIVE_VOLUME
1506,V15_4_FISHWAY,V15_4_FISHWAY_I,V15_10_ALL,CONCRETE,V15_10_ALL,"308.780619200,-117.250000000,3059.000000000;309.779642000,-114.527777800,3059.500000000",NEGATIVE_VOLUME
1507,V15_4_FISHWAY,V15_4_FISHWAY_I,V15_10_ALL,CONCRETE,V15_10_ALL,"307.781596400,-117.472222200,3059.000000000;308.780619200,-114.750000000,3059.500000000",NEGATIVE_VOLUME
1508,V15_4_FISHWAY,V15_4_FISHWAY_I,V15_10_ALL,CONCRETE,V15_10_ALL,"306.782573600,-117.694444400,3059.000000000;307.781596400,-114.972222200,3059.500000000",NEGATIVE_VOLUME
1509,V15_4_FISHWAY,V15_4_FISHWAY_I,V15_10_ALL,CONCRETE,V15_10_ALL,"305.783550800,-117.916666700,3059.000000000;306.782573600,-115.194444400,3059.500000000",NEGATIVE_VOLUME
1510,V15_4_FISHWAY,V15_4_FISHWAY_I,V15_10_ALL,CONCRETE,V15_10_ALL,"304.784528000,-118.138888900,3059.000000000;305.783550800,-115.416666700,3059.500000000",NEGATIVE_VOLUME
1511,V15_4_FISHWAY,V15_4_FISHWAY_I,V15_10_ALL,CONCRETE,V15_10_ALL,"303.785505200,-118.361111100,3059.000000000;304.784528000,-115.638888900,3059.500000000",NEGATIVE_VOLUME
1512,V15_4_FISHWAY,V15_4_FISHWAY_I,V15_10_ALL,CONCRETE,V15_10_ALL,"302.786482400,-118.583333300,3059.000000000;303.785505200,-115.861111100,3059.500000000",NEGATIVE_VOLUME
1513,V15_4_FISHWAY,V15_4_FISHWAY_I,V15_10_ALL,CONCRETE,V15_10_ALL,"301.787459600,-118.805555600,3059.000000000;302.786482400,-116.083333300,3059.500000000",NEGATIVE_VOLUME
1514,V15_4_FISHWAY,V15_4_FISHWAY_I,V15_10_ALL,CONCRETE,V15_10_ALL,"300.788436800,-119.027777800,3059.000000000;301.787459600,-116.305555600,3059.500000000",NEGATIVE_VOLUME
1515,V15_4_FISHWAY,V15_4_FISHWAY_I,V15_10_ALL,CONCRETE,V15_10_ALL,"299.789414000,-119.250000000,3059.000000000;300.788436800,-116.527777800,3059.500000000",NEGATIVE_VOLUME
1516,V15_4_FISHWAY,V15_4_FISHWAY_I,V15_10_ALL,CONCRETE,V15_10_ALL,"298.790391200,-119.472222200,3059.000000000;299.789414000,-116.750000000,3059.500000000",NEGATIVE_VOLUME
1517,V15_4_FISHWAY,V15_4_FISHWAY_I,V15_10_ALL,CONCRETE,V15_10_ALL,"297.791368400,-119.694444400,3059.000000000;298.790391200,-116.972222200,3059.500000000",NEGATIVE_VOLUME
1518,V15_4_FISHWAY,V15_4_FISHWAY_I,V15_10_ALL,CONCRETE,V15_10_ALL,"296.792345600,-119.916666700,3059.000000000;297.791368400,-117.194444400,3059.500000000",NEGATIVE_VOLUME
1519,V15_4_FISHWAY,V15_4_FISHWAY_I,V15_10_ALL,CONCRETE,V15_10_ALL,"295.793322800,-120.138888900,3059.000000000;296.792345600,-117.416666700,3059.500000000",NEGATIVE_VOLUME
1520,V15_4_FISHWAY,V15_4_FISHWAY_I,V15_10_ALL,CONCRETE,V15_10_ALL,"294.794300000,-120.361111100,3059.000000000;295.793322800,-117.638888900,3059.500000000",NEGATIVE_VOLUME
1521,V15_4_FISHWAY,V15_4_FISHWAY_I,V15_10_ALL,CONCRETE,V15_10_ALL,"293.795277200,-120.583333300,3059.000000000;294.794300000,-117.861111100,3059.500000000",NEGATIVE_VOLUME
1522,V15_4_FISHWAY,V15_4_FISHWAY_I,V15_10_ALL,CONCRETE,V15_10_ALL,"292.796254400,-120.805555600,3059.000000000;293.795277200,-118.083333300,3059.500000000",NEGATIVE_VOLUME
1523,V15_4_FISHWAY,V15_4_FISHWAY_I,V15_10_ALL,CONCRETE,V15_10_ALL,"291.797231600,-121.027777800,3059.000000000;292.796254400,-118.305555600,3059.500000000",NEGATIVE_VOLUME
1524,V15_4_FISHWAY,V15_4_FISHWAY_I,V15_10_ALL,CONCRETE,V15_10_ALL,"290.798208800,-121.250000000,3059.000000000;291.797231600,-118.527777800,3059.500000000",NEGATIVE_VOLUME
1525,V15_4_FISHWAY,V15_4_FISHWAY_I,V15_10_ALL,CONCRETE,V15_10_ALL,"289.799186000,-121.472222200,3059.000000000;290.798208800,-118.750000000,3059.500000000",NEGATIVE_VOLUME
1526,V15_4_FISHWAY,V15_4_FISHWAY_I,V15_10_ALL,CONCRETE,V15_10_ALL,"288.800163200,-121.694444400,3059.000000000;289.799186000,-118.972222200,3059.500000000",NEGATIVE_VOLUME
1527,V15_4_FISHWAY,V15_4_FISHWAY_I,V15_10_ALL,CONCRETE,V15_10_ALL,"287.801140400,-121.916666700,3059.000000000;288.800163200,-119.194444400,3059.500000000",NEGATIVE_VOLUME
1528,V15_4_FISHWAY,V15_4_FISHWAY_I,V15_10_ALL,CONCRETE,V15_10_ALL,"286.802117600,-122.138888900,3059.000000000;287.801140400,-119.416666700,3059.500000000",NEGATIVE_VOLUME
1529,V15_4_FISHWAY,V15_4_FISHWAY_I,V15_10_ALL,CONCRETE,V15_10_ALL,"285.803094800,-122.361111100,3059.000000000;286.802117600,-119.638888900,3059.500000000",NEGATIVE_VOLUME
1530,V15_4_FISHWAY,V15_4_FISHWAY_I,V15_10_ALL,CONCRETE,V15_10_ALL,"284.804072000,-122.583333300,3059.000000000;285.803094800,-119.861111100,3059.500000000",NEGATIVE_VOLUME
1531,V15_4_FISHWAY,V15_4_FISHWAY_I,V15_10_ALL,CONCRETE,V15_10_ALL,"283.805049200,-122.805555600,3059.000000000;284.804072000,-120.083333300,3059.500000000",NEGATIVE_VOLUME
1532,V15_4_FISHWAY,V15_4_FISHWAY_I,V15_10_ALL,CONCRETE,V15_10_ALL,"282.806026400,-123.027777800,3059.000000000;283.805049200,-120.305555600,3059.500000000",NEGATIVE_VOLUME
1533,V15_4_FISHWAY,V15_4_FISHWAY_I,V15_10_ALL,CONCRETE,V15_10_ALL,"281.807003600,-123.250000000,3059.000000000;282.806026400,-120.527777800,3059.500000000",NEGATIVE_VOLUME
1534,V15_4_FISHWAY,V15_4_FISHWAY_I,V15_10_ALL,CONCRETE,V15_10_ALL,"280.807980800,-123.472222200,3059.000000000;281.807003600,-120.750000000,3059.500000000",NEGATIVE_VOLUME
1535,V15_4_FISHWAY,V15_4_FISHWAY_I,V15_10_ALL,CONCRETE,V15_10_ALL,"279.808958000,-123.694444400,3059.000000000;280.807980800,-120.972222200,3059.500000000",NEGATIVE_VOLUME
1536,V15_4_FISHWAY,V15_4_FISHWAY_I,V15_10_ALL,CONCRETE,V15_10_ALL,"278.809935200,-123.916666700,3059.000000000;279.808958000,-121.194444400,3059.500000000",NEGATIVE_VOLUME
1537,V15_4_FISHWAY,V15_4_FISHWAY_I,V15_10_ALL,CONCRETE,V15_10_ALL,"277.810912400,-124.138888900,3059.000000000;278.809935200,-121.416666700,3059.500000000",NEGATIVE_VOLUME
1538,V15_4_FISHWAY,V15_4_FISHWAY_I,V15_10_ALL,CONCRETE,V15_10_ALL,"276.811889600,-124.361111100,3059.000000000;277.810912400,-121.638888900,3059.500000000",NEGATIVE_VOLUME
1539,V15_4_FISHWAY,V15_4_FISHWAY_I,V15_10_ALL,CONCRETE,V15_10_ALL,"275.812866700,-124.583333300,3059.000000000;276.811889600,-121.861111100,3059.500000000",NEGATIVE_VOLUME
1540,V15_4_FISHWAY,V15_4_FISHWAY_I,V15_10_ALL,CONCRETE,V15_10_ALL,"274.813843900,-124.805555600,3059.000000000;275.812866700,-122.083333300,3059.500000000",NEGATIVE_VOLUME
1541,V15_4_FISHWAY,V15_4_FISHWAY_I,V15_10_ALL,CONCRETE,V15_10_ALL,"273.814821100,-125.027777800,3059.000000000;274.813843900,-122.305555600,3059.500000000",NEGATIVE_VOLUME
1542,V15_4_FISHWAY,V15_4_FISHWAY_I,V15_10_ALL,CONCRETE,V15_10_ALL,"272.815798300,-125.250000000,3059.000000000;273.814821100,-122.527777800,3059.500000000",NEGATIVE_VOLUME
1543,V15_4_FISHWAY,V15_4_FISHWAY_I,V15_10_ALL,CONCRETE,V15_10_ALL,"271.816775500,-125.472222200,3059.000000000;272.815798300,-122.750000000,3059.500000000",NEGATIVE_VOLUME
1544,V15_4_FISHWAY,V15_4_FISHWAY_I,V15_10_ALL,CONCRETE,V15_10_ALL,"270.817752700,-125.694444400,3059.000000000;271.816775500,-122.972222200,3059.500000000",NEGATIVE_VOLUME
1545,V15_4_FISHWAY,V15_4_FISHWAY_I,V15_10_ALL,CONCRETE,V15_10_ALL,"269.818729900,-125.916666700,3059.000000000;270.817752700,-123.194444400,3059.500000000",NEGATIVE_VOLUME
1546,V15_4_FISHWAY,V15_4_FISHWAY_I,V15_10_ALL,CONCRETE,V15_10_ALL,"268.819707100,-126.138888900,3059.000000000;269.818729900,-123.416666700,3059.500000000",NEGATIVE_VOLUME
1547,V15_4_FISHWAY,V15_4_FISHWAY_I,V15_10_ALL,CONCRETE,V15_10_ALL,"267.820684300,-126.361111100,3059.000000000;268.819707100,-123.638888900,3059.500000000",NEGATIVE_VOLUME
1548,V15_4_FISHWAY,V15_4_FISHWAY_I,V15_10_ALL,CONCRETE,V15_10_ALL,"266.821661500,-126.583333300,3059.000000000;267.820684300,-123.861111100,3059.500000000",NEGATIVE_VOLUME
1549,V15_4_FISHWAY,V15_4_FISHWAY_I,V15_10_ALL,CONCRETE,V15_10_ALL,"265.822638700,-126.805555600,3059.000000000;266.821661500,-124.083333300,3059.500000000",NEGATIVE_VOLUME
1550,V15_4_FISHWAY,V15_4_FISHWAY_I,V15_10_ALL,CONCRETE,V15_10_ALL,"264.823615900,-127.027777800,3059.000000000;265.822638700,-124.305555600,3059.500000000",NEGATIVE_VOLUME
1551,V15_4_FISHWAY,V15_4_FISHWAY_I,V15_10_ALL,CONCRETE,V15_10_ALL,"263.824593100,-127.250000000,3059.000000000;264.823615900,-124.527777800,3059.500000000",NEGATIVE_VOLUME
1552,V15_4_FISHWAY,V15_4_FISHWAY_I,V15_10_ALL,CONCRETE,V15_10_ALL,"262.825570300,-127.472222200,3059.000000000;263.824593100,-124.750000000,3059.500000000",NEGATIVE_VOLUME
1553,V15_4_FISHWAY,V15_4_FISHWAY_I,V15_10_ALL,CONCRETE,V15_10_ALL,"261.826547500,-127.694444400,3059.000000000;262.825570300,-124.972222200,3059.500000000",NEGATIVE_VOLUME
1554,V15_4_FISHWAY,V15_4_FISHWAY_I,V15_10_ALL,CONCRETE,V15_10_ALL,"260.827524700,-127.916666700,3059.000000000;261.826547500,-125.194444400,3059.500000000",NEGATIVE_VOLUME
1555,V15_4_FISHWAY,V15_4_FISHWAY_I,V15_10_ALL,CONCRETE,V15_10_ALL,"259.828501900,-128.138888900,3059.000000000;260.827524700,-125.416666700,3059.500000000",NEGATIVE_VOLUME
1556,V15_4_FISHWAY,V15_4_FISHWAY_I,V15_10_ALL,CONCRETE,V15_10_ALL,"258.829479100,-128.361111100,3059.000000000;259.828501900,-125.638888900,3059.500000000",NEGATIVE_VOLUME
1557,V15_4_FISHWAY,V15_4_FISHWAY_I,V15_10_ALL,CONCRETE,V15_10_ALL,"257.830456300,-128.583333300,3059.000000000;258.829479100,-125.861111100,3059.500000000",NEGATIVE_VOLUME
1558,V15_4_FISHWAY,V15_4_FISHWAY_I,V15_10_ALL,CONCRETE,V15_10_ALL,"256.831433500,-128.805555600,3059.000000000;257.830456300,-126.083333300,3059.500000000",NEGATIVE_VOLUME
1559,V15_4_FISHWAY,V15_4_FISHWAY_I,V15_10_ALL,CONCRETE,V15_10_ALL,"255.832410700,-129.027777800,3059.000000000;256.831433500,-126.305555600,3059.500000000",NEGATIVE_VOLUME
1560,V15_4_FISHWAY,V15_4_FISHWAY_I,V15_10_ALL,CONCRETE,V15_10_ALL,"254.833387900,-129.250000000,3059.000000000;255.832410700,-126.527777800,3059.500000000",NEGATIVE_VOLUME
1561,V15_4_FISHWAY,V15_4_FISHWAY_I,V15_10_ALL,CONCRETE,V15_10_ALL,"253.834365100,-129.472222200,3059.000000000;254.833387900,-126.750000000,3059.500000000",NEGATIVE_VOLUME
1562,V15_4_FISHWAY,V15_4_FISHWAY_I,V15_10_ALL,CONCRETE,V15_10_ALL,"252.835342300,-129.694444400,3059.000000000;253.834365100,-126.972222200,3059.500000000",NEGATIVE_VOLUME
1563,V15_4_FISHWAY,V15_4_FISHWAY_I,V15_10_ALL,CONCRETE,V15_10_ALL,"251.836319500,-129.916666700,3059.000000000;252.835342300,-127.194444400,3059.500000000",NEGATIVE_VOLUME
1564,V15_4_FISHWAY,V15_4_FISHWAY_I,V15_10_ALL,CONCRETE,V15_10_ALL,"250.837296700,-130.138888900,3059.000000000;251.836319500,-127.416666700,3059.500000000",NEGATIVE_VOLUME
1565,V15_4_FISHWAY,V15_4_FISHWAY_I,V15_10_ALL,CONCRETE,V15_10_ALL,"249.838273900,-130.361111100,3059.000000000;250.837296700,-127.638888900,3059.500000000",NEGATIVE_VOLUME
1566,V15_4_FISHWAY,V15_4_FISHWAY_I,V15_10_ALL,CONCRETE,V15_10_ALL,"248.839251100,-130.583333300,3059.000000000;249.838273900,-127.861111100,3059.500000000",NEGATIVE_VOLUME
1567,V15_4_FISHWAY,V15_4_FISHWAY_I,V15_10_ALL,CONCRETE,V15_10_ALL,"247.840228300,-130.805555600,3059.000000000;248.839251100,-128.083333300,3059.500000000",NEGATIVE_VOLUME
1568,V15_4_FISHWAY,V15_4_FISHWAY_I,V15_10_ALL,CONCRETE,V15_10_ALL,"246.841205500,-131.027777800,3059.000000000;247.840228300,-128.305555600,3059.500000000",NEGATIVE_VOLUME
1569,V15_4_FISHWAY,V15_4_FISHWAY_I,V15_10_ALL,CONCRETE,V15_10_ALL,"245.842182700,-131.250000000,3059.000000000;246.841205500,-128.527777800,3059.500000000",NEGATIVE_VOLUME
1570,V15_4_FISHWAY,V15_4_FISHWAY_I,V15_10_ALL,CONCRETE,V15_10_ALL,"244.843159900,-131.472222200,3059.000000000;245.842182700,-128.750000000,3059.500000000",NEGATIVE_VOLUME
1571,V15_4_FISHWAY,V15_4_FISHWAY_I,V15_10_ALL,CONCRETE,V15_10_ALL,"243.844137100,-131.694444400,3059.000000000;244.843159900,-128.972222200,3059.500000000",NEGATIVE_VOLUME
1572,V15_4_FISHWAY,V15_4_FISHWAY_I,V15_10_ALL,CONCRETE,V15_10_ALL,"242.845114300,-131.916666700,3059.000000000;243.844137100,-129.194444400,3059.500000000",NEGATIVE_VOLUME
1573,V15_4_FISHWAY,V15_4_FISHWAY_I,V15_10_ALL,CONCRETE,V15_10_ALL,"241.846091500,-132.138888900,3059.000000000;242.845114300,-129.416666700,3059.500000000",NEGATIVE_VOLUME
1574,V15_4_FISHWAY,V15_4_FISHWAY_I,V15_10_ALL,CONCRETE,V15_10_ALL,"240.847068700,-132.361111100,3059.000000000;241.846091500,-129.638888900,3059.500000000",NEGATIVE_VOLUME
1575,V15_4_FISHWAY,V15_4_FISHWAY_I,V15_10_ALL,CONCRETE,V15_10_ALL,"239.848045900,-132.583333300,3059.000000000;240.847068700,-129.861111100,3059.500000000",NEGATIVE_VOLUME
1576,V15_4_FISHWAY,V15_4_FISHWAY_I,V15_10_ALL,CONCRETE,V15_10_ALL,"238.849023100,-132.805555600,3059.000000000;239.848045900,-130.083333300,3059.500000000",NEGATIVE_VOLUME
1577,V15_4_FISHWAY,V15_4_FISHWAY_I,V15_10_ALL,CONCRETE,V15_10_ALL,"237.850000300,-133.027777800,3059.000000000;238.849023100,-130.305555600,3059.500000000",NEGATIVE_VOLUME
1578,V15_4_FISHWAY,V15_4_FISHWAY_I,V15_10_ALL,CONCRETE,V15_10_ALL,"236.850977500,-133.250000000,3059.000000000;237.850000300,-130.527777800,3059.500000000",NEGATIVE_VOLUME
1579,V15_4_FISHWAY,V15_4_FISHWAY_I,V15_10_ALL,CONCRETE,V15_10_ALL,"235.851954700,-133.472222200,3059.000000000;236.850977500,-130.750000000,3059.500000000",NEGATIVE_VOLUME
1580,V15_4_FISHWAY,V15_4_FISHWAY_I,V15_10_ALL,CONCRETE,V15_10_ALL,"234.852931900,-133.694444400,3059.000000000;235.851954700,-130.972222200,3059.500000000",NEGATIVE_VOLUME
1581,V15_4_FISHWAY,V15_4_FISHWAY_I,V15_10_ALL,CONCRETE,V15_10_ALL,"233.853909100,-133.916666700,3059.000000000;234.852931900,-131.194444400,3059.500000000",NEGATIVE_VOLUME
1582,V15_4_FISHWAY,V15_4_FISHWAY_I,V15_10_ALL,CONCRETE,V15_10_ALL,"232.854886300,-134.138888900,3059.000000000;233.853909100,-131.416666700,3059.500000000",NEGATIVE_VOLUME
1583,V15_4_FISHWAY,V15_4_FISHWAY_I,V15_10_ALL,CONCRETE,V15_10_ALL,"231.855863500,-134.361111100,3059.000000000;232.854886300,-131.638888900,3059.500000000",NEGATIVE_VOLUME
1584,V15_4_FISHWAY,V15_4_FISHWAY_I,V15_10_ALL,CONCRETE,V15_10_ALL,"230.856840700,-134.583333300,3059.000000000;231.855863500,-131.861111100,3059.500000000",NEGATIVE_VOLUME
1585,V15_4_FISHWAY,V15_4_FISHWAY_I,V15_10_ALL,CONCRETE,V15_10_ALL,"229.857817800,-134.805555600,3059.000000000;230.856840700,-132.083333300,3059.500000000",NEGATIVE_VOLUME
1586,V15_4_FISHWAY,V15_4_FISHWAY_I,V15_10_ALL,CONCRETE,V15_10_ALL,"228.858795000,-135.027777800,3059.000000000;229.857817800,-132.305555600,3059.500000000",NEGATIVE_VOLUME
1587,V15_4_FISHWAY,V15_4_FISHWAY_I,V15_10_ALL,CONCRETE,V15_10_ALL,"227.859772200,-135.250000000,3059.000000000;228.858795000,-132.527777800,3059.500000000",NEGATIVE_VOLUME
1588,V15_4_FISHWAY,V15_4_FISHWAY_I,V15_10_ALL,CONCRETE,V15_10_ALL,"226.860749400,-135.472222200,3059.000000000;227.859772200,-132.750000000,3059.500000000",NEGATIVE_VOLUME
1589,V15_4_FISHWAY,V15_4_FISHWAY_I,V15_10_ALL,CONCRETE,V15_10_ALL,"225.861726600,-135.694444400,3059.000000000;226.860749400,-132.972222200,3059.500000000",NEGATIVE_VOLUME
1590,V15_4_FISHWAY,V15_4_FISHWAY_I,V15_10_ALL,CONCRETE,V15_10_ALL,"224.862703800,-135.916666700,3059.000000000;225.861726600,-133.194444400,3059.500000000",NEGATIVE_VOLUME
1591,V15_4_FISHWAY,V15_4_FISHWAY_I,V15_10_ALL,CONCRETE,V15_10_ALL,"223.863681000,-136.138888900,3059.000000000;224.862703800,-133.416666700,3059.500000000",NEGATIVE_VOLUME
1592,V15_4_FISHWAY,V15_4_FISHWAY_I,V15_10_ALL,CONCRETE,V15_10_ALL,"222.864658200,-136.361111100,3059.000000000;223.863681000,-133.638888900,3059.500000000",NEGATIVE_VOLUME
1593,V15_4_FISHWAY,V15_4_FISHWAY_I,V15_10_ALL,CONCRETE,V15_10_ALL,"221.865635400,-136.583333300,3059.000000000;222.864658200,-133.861111100,3059.500000000",NEGATIVE_VOLUME
1594,V15_4_FISHWAY,V15_4_FISHWAY_I,V15_10_ALL,CONCRETE,V15_10_ALL,"220.866612600,-136.805555600,3059.000000000;221.865635400,-134.083333300,3059.500000000",NEGATIVE_VOLUME
1595,V15_4_FISHWAY,V15_4_FISHWAY_I,V15_10_ALL,CONCRETE,V15_10_ALL,"219.867589800,-137.027777800,3059.000000000;220.866612600,-134.305555600,3059.500000000",NEGATIVE_VOLUME
1596,V15_4_FISHWAY,V15_4_FISHWAY_I,V15_10_ALL,CONCRETE,V15_10_ALL,"218.868567000,-137.250000000,3059.000000000;219.867589800,-134.527777800,3059.500000000",NEGATIVE_VOLUME
1597,V15_4_FISHWAY,V15_4_FISHWAY_I,V15_10_ALL,CONCRETE,V15_10_ALL,"217.869544200,-137.472222200,3059.000000000;218.868567000,-134.750000000,3059.500000000",NEGATIVE_VOLUME
1598,V15_4_FISHWAY,V15_4_FISHWAY_I,V15_10_ALL,CONCRETE,V15_10_ALL,"216.870521400,-137.694444400,3059.000000000;217.869544200,-134.972222200,3059.500000000",NEGATIVE_VOLUME
1599,V15_4_FISHWAY,V15_4_FISHWAY_I,V15_10_ALL,CONCRETE,V15_10_ALL,"215.871498600,-137.916666700,3059.000000000;216.870521400,-135.194444400,3059.500000000",NEGATIVE_VOLUME
1600,V15_4_FISHWAY,V15_4_FISHWAY_I,V15_10_ALL,CONCRETE,V15_10_ALL,"214.872475800,-138.138888900,3059.000000000;215.871498600,-135.416666700,3059.500000000",NEGATIVE_VOLUME
1601,V15_4_FISHWAY,V15_4_FISHWAY_I,V15_10_ALL,CONCRETE,V15_10_ALL,"213.873453000,-138.361111100,3059.000000000;214.872475800,-135.638888900,3059.500000000",NEGATIVE_VOLUME
1602,V15_4_FISHWAY,V15_4_FISHWAY_I,V15_10_ALL,CONCRETE,V15_10_ALL,"212.874430200,-138.583333300,3059.000000000;213.873453000,-135.861111100,3059.500000000",NEGATIVE_VOLUME
1603,V15_4_FISHWAY,V15_4_FISHWAY_I,V15_10_ALL,CONCRETE,V15_10_ALL,"211.875407400,-138.805555600,3059.000000000;212.874430200,-136.083333300,3059.500000000",NEGATIVE_VOLUME
1604,V15_4_FISHWAY,V15_4_FISHWAY_I,V15_10_ALL,CONCRETE,V15_10_ALL,"210.876384600,-139.027777800,3059.000000000;211.875407400,-136.305555600,3059.500000000",NEGATIVE_VOLUME
1605,V15_4_FISHWAY,V15_4_FISHWAY_I,V15_10_ALL,CONCRETE,V15_10_ALL,"209.877361800,-139.250000000,3059.000000000;210.876384600,-136.527777800,3059.500000000",NEGATIVE_VOLUME
1606,V15_4_FISHWAY,V15_4_FISHWAY_I,V15_10_ALL,CONCRETE,V15_10_ALL,"208.878339000,-139.472222200,3059.000000000;209.877361800,-136.750000000,3059.500000000",NEGATIVE_VOLUME
1607,V15_4_FISHWAY,V15_4_FISHWAY_I,V15_10_ALL,CONCRETE,V15_10_ALL,"207.879316200,-139.694444400,3059.000000000;208.878339000,-136.972222200,3059.500000000",NEGATIVE_VOLUME
1608,V15_4_FISHWAY,V15_4_FISHWAY_I,V15_10_ALL,CONCRETE,V15_10_ALL,"206.880293400,-139.916666700,3059.000000000;207.879316200,-137.194444400,3059.500000000",NEGATIVE_VOLUME
1609,V15_4_FISHWAY,V15_4_FISHWAY_I,V15_10_ALL,CONCRETE,V15_10_ALL,"205.881270600,-140.138888900,3059.000000000;206.880293400,-137.416666700,3059.500000000",NEGATIVE_VOLUME
1610,V15_4_FISHWAY,V15_4_FISHWAY_I,V15_10_ALL,CONCRETE,V15_10_ALL,"204.882247800,-140.361111100,3059.000000000;205.881270600,-137.638888900,3059.500000000",NEGATIVE_VOLUME
1611,V15_4_FISHWAY,V15_4_FISHWAY_I,V15_10_ALL,CONCRETE,V15_10_ALL,"203.883225000,-140.583333300,3059.000000000;204.882247800,-137.861111100,3059.500000000",NEGATIVE_VOLUME
1612,V15_4_FISHWAY,V15_4_FISHWAY_I,V15_10_ALL,CONCRETE,V15_10_ALL,"202.884202200,-140.805555600,3059.000000000;203.883225000,-138.083333300,3059.500000000",NEGATIVE_VOLUME
1613,V15_4_FISHWAY,V15_4_FISHWAY_I,V15_10_ALL,CONCRETE,V15_10_ALL,"201.885179400,-141.027777800,3059.000000000;202.884202200,-138.305555600,3059.500000000",NEGATIVE_VOLUME
1614,V15_4_FISHWAY,V15_4_FISHWAY_I,V15_10_ALL,CONCRETE,V15_10_ALL,"200.886156600,-141.250000000,3059.000000000;201.885179400,-138.527777800,3059.500000000",NEGATIVE_VOLUME
1615,V15_4_FISHWAY,V15_4_FISHWAY_I,V15_10_ALL,CONCRETE,V15_10_ALL,"199.887133800,-141.472222200,3059.000000000;200.886156600,-138.750000000,3059.500000000",NEGATIVE_VOLUME
1616,V15_4_FISHWAY,V15_4_FISHWAY_I,V15_10_ALL,CONCRETE,V15_10_ALL,"198.888111000,-141.694444400,3059.000000000;199.887133800,-138.972222200,3059.500000000",NEGATIVE_VOLUME
1617,V15_4_FISHWAY,V15_4_FISHWAY_I,V15_10_ALL,CONCRETE,V15_10_ALL,"197.889088200,-141.916666700,3059.000000000;198.888111000,-139.194444400,3059.500000000",NEGATIVE_VOLUME
1618,V15_4_FISHWAY,V15_4_FISHWAY_I,V15_10_ALL,CONCRETE,V15_10_ALL,"196.890065400,-142.138888900,3059.000000000;197.889088200,-139.416666700,3059.500000000",NEGATIVE_VOLUME
1619,V15_4_FISHWAY,V15_4_FISHWAY_I,V15_10_ALL,CONCRETE,V15_10_ALL,"195.891042600,-142.361111100,3059.000000000;196.890065400,-139.638888900,3059.500000000",NEGATIVE_VOLUME
1620,V15_4_FISHWAY,V15_4_FISHWAY_I,V15_10_ALL,CONCRETE,V15_10_ALL,"194.892019800,-142.583333300,3059.000000000;195.891042600,-139.861111100,3059.500000000",NEGATIVE_VOLUME
1621,V15_4_FISHWAY,V15_4_FISHWAY_I,V15_10_ALL,CONCRETE,V15_10_ALL,"193.892997000,-142.805555600,3059.000000000;194.892019800,-140.083333300,3059.500000000",NEGATIVE_VOLUME
1622,V15_4_FISHWAY,V15_4_FISHWAY_I,V15_10_ALL,CONCRETE,V15_10_ALL,"192.893974200,-143.027777800,3059.000000000;193.892997000,-140.305555600,3059.500000000",NEGATIVE_VOLUME
1623,V15_4_FISHWAY,V15_4_FISHWAY_I,V15_10_ALL,CONCRETE,V15_10_ALL,"191.894951400,-143.250000000,3059.000000000;192.893974200,-140.527777800,3059.500000000",NEGATIVE_VOLUME
1624,V15_4_FISHWAY,V15_4_FISHWAY_I,V15_10_ALL,CONCRETE,V15_10_ALL,"190.895928600,-143.472222200,3059.000000000;191.894951400,-140.750000000,3059.500000000",NEGATIVE_VOLUME
1625,V15_4_FISHWAY,V15_4_FISHWAY_I,V15_10_ALL,CONCRETE,V15_10_ALL,"189.896905800,-143.694444400,3059.000000000;190.895928600,-140.972222200,3059.500000000",NEGATIVE_VOLUME
1626,V15_4_FISHWAY,V15_4_FISHWAY_I,V15_10_ALL,CONCRETE,V15_10_ALL,"188.897883000,-143.916666700,3059.000000000;189.896905800,-141.194444400,3059.500000000",NEGATIVE_VOLUME
1627,V15_4_FISHWAY,V15_4_FISHWAY_I,V15_10_ALL,CONCRETE,V15_10_ALL,"187.898860200,-144.138888900,3059.000000000;188.897883000,-141.416666700,3059.500000000",NEGATIVE_VOLUME
1628,V15_4_FISHWAY,V15_4_FISHWAY_I,V15_10_ALL,CONCRETE,V15_10_ALL,"186.899837400,-144.361111100,3059.000000000;187.898860200,-141.638888900,3059.500000000",NEGATIVE_VOLUME
1629,V15_4_FISHWAY,V15_4_FISHWAY_I,V15_10_ALL,CONCRETE,V15_10_ALL,"185.900814600,-144.583333300,3059.000000000;186.899837400,-141.861111100,3059.500000000",NEGATIVE_VOLUME
1630,V15_4_FISHWAY,V15_4_FISHWAY_I,V15_10_ALL,CONCRETE,V15_10_ALL,"184.901791800,-144.805555600,3059.000000000;185.900814600,-142.083333300,3059.500000000",NEGATIVE_VOLUME
1631,V15_4_FISHWAY,V15_4_FISHWAY_I,V15_10_ALL,CONCRETE,V15_10_ALL,"183.902768900,-145.027777800,3059.000000000;184.901791800,-142.305555600,3059.500000000",NEGATIVE_VOLUME
1632,V15_4_FISHWAY,V15_4_FISHWAY_I,V15_10_ALL,CONCRETE,V15_10_ALL,"182.903746100,-145.250000000,3059.000000000;183.902768900,-142.527777800,3059.500000000",NEGATIVE_VOLUME
1633,V15_4_FISHWAY,V15_4_FISHWAY_I,V15_10_ALL,CONCRETE,V15_10_ALL,"181.904723300,-145.472222200,3059.000000000;182.903746100,-142.750000000,3059.500000000",NEGATIVE_VOLUME
1634,V15_4_FISHWAY,V15_4_FISHWAY_I,V15_10_ALL,CONCRETE,V15_10_ALL,"180.905700500,-145.694444400,3059.000000000;181.904723300,-142.972222200,3059.500000000",NEGATIVE_VOLUME
1635,V15_4_FISHWAY,V15_4_FISHWAY_I,V15_10_ALL,CONCRETE,V15_10_ALL,"179.906677700,-145.916666700,3059.000000000;180.905700500,-143.194444400,3059.500000000",NEGATIVE_VOLUME
1636,V15_4_FISHWAY,V15_4_FISHWAY_I,V15_10_ALL,CONCRETE,V15_10_ALL,"178.907654900,-146.138888900,3059.000000000;179.906677700,-143.416666700,3059.500000000",NEGATIVE_VOLUME
1637,V15_4_FISHWAY,V15_4_FISHWAY_I,V15_10_ALL,CONCRETE,V15_10_ALL,"177.908632100,-146.361111100,3059.000000000;178.907654900,-143.638888900,3059.500000000",NEGATIVE_VOLUME
1638,V15_4_FISHWAY,V15_4_FISHWAY_I,V15_10_ALL,CONCRETE,V15_10_ALL,"176.909609300,-146.583333300,3059.000000000;177.908632100,-143.861111100,3059.500000000",NEGATIVE_VOLUME
1639,V15_4_FISHWAY,V15_4_FISHWAY_I,V15_10_ALL,CONCRETE,V15_10_ALL,"175.910586500,-146.805555600,3059.000000000;176.909609300,-144.083333300,3059.500000000",NEGATIVE_VOLUME
1640,V15_4_FISHWAY,V15_4_FISHWAY_I,V15_10_ALL,CONCRETE,V15_10_ALL,"174.911563700,-147.027777800,3059.000000000;175.910586500,-144.305555600,3059.500000000",NEGATIVE_VOLUME
1641,V15_4_FISHWAY,V15_4_FISHWAY_I,V15_10_ALL,CONCRETE,V15_10_ALL,"173.912540900,-147.250000000,3059.000000000;174.911563700,-144.527777800,3059.500000000",NEGATIVE_VOLUME
1642,V15_4_FISHWAY,V15_4_FISHWAY_I,V15_10_ALL,CONCRETE,V15_10_ALL,"172.913518100,-147.472222200,3059.000000000;173.912540900,-144.750000000,3059.500000000",NEGATIVE_VOLUME
1643,V15_4_FISHWAY,V15_4_FISHWAY_I,V15_10_ALL,CONCRETE,V15_10_ALL,"171.914495300,-147.694444400,3059.000000000;172.913518100,-144.972222200,3059.500000000",NEGATIVE_VOLUME
1644,V15_4_FISHWAY,V15_4_FISHWAY_I,V15_10_ALL,CONCRETE,V15_10_ALL,"170.915472500,-147.916666700,3059.000000000;171.914495300,-145.194444400,3059.500000000",NEGATIVE_VOLUME
1645,V15_4_FISHWAY,V15_4_FISHWAY_I,V15_10_ALL,CONCRETE,V15_10_ALL,"169.916449700,-148.138888900,3059.000000000;170.915472500,-145.416666700,3059.500000000",NEGATIVE_VOLUME
1646,V15_4_FISHWAY,V15_4_FISHWAY_I,V15_10_ALL,CONCRETE,V15_10_ALL,"168.917426900,-148.361111100,3059.000000000;169.916449700,-145.638888900,3059.500000000",NEGATIVE_VOLUME
1647,V15_4_FISHWAY,V15_4_FISHWAY_I,V15_10_ALL,CONCRETE,V15_10_ALL,"167.918404100,-148.583333300,3059.000000000;168.917426900,-145.861111100,3059.500000000",NEGATIVE_VOLUME
1648,V15_4_FISHWAY,V15_4_FISHWAY_I,V15_10_ALL,CONCRETE,V15_10_ALL,"166.919381300,-148.805555600,3059.000000000;167.918404100,-146.083333300,3059.500000000",NEGATIVE_VOLUME
1649,V15_4_FISHWAY,V15_4_FISHWAY_I,V15_10_ALL,CONCRETE,V15_10_ALL,"165.920358500,-149.027777800,3059.000000000;166.919381300,-146.305555600,3059.500000000",NEGATIVE_VOLUME
1650,V15_4_FISHWAY,V15_4_FISHWAY_I,V15_10_ALL,CONCRETE,V15_10_ALL,"164.921335700,-149.250000000,3059.000000000;165.920358500,-146.527777800,3059.500000000",NEGATIVE_VOLUME
1651,V15_4_FISHWAY,V15_4_FISHWAY_I,V15_10_ALL,CONCRETE,V15_10_ALL,"163.922312900,-149.472222200,3059.000000000;164.921335700,-146.750000000,3059.500000000",NEGATIVE_VOLUME
1652,V15_4_FISHWAY,V15_4_FISHWAY_I,V15_10_ALL,CONCRETE,V15_10_ALL,"162.923290100,-149.694444400,3059.000000000;163.922312900,-146.972222200,3059.500000000",NEGATIVE_VOLUME
1653,V15_4_FISHWAY,V15_4_FISHWAY_I,V15_10_ALL,CONCRETE,V15_10_ALL,"161.924267300,-149.916666700,3059.000000000;162.923290100,-147.194444400,3059.500000000",NEGATIVE_VOLUME
1654,V15_4_FISHWAY,V15_4_FISHWAY_I,V15_10_ALL,CONCRETE,V15_10_ALL,"160.925244500,-150.138888900,3059.000000000;161.924267300,-147.416666700,3059.500000000",NEGATIVE_VOLUME
1655,V15_4_FISHWAY,V15_4_FISHWAY_I,V15_10_ALL,CONCRETE,V15_10_ALL,"159.926221700,-150.361111100,3059.000000000;160.925244500,-147.638888900,3059.500000000",NEGATIVE_VOLUME
1656,V15_4_FISHWAY,V15_4_FISHWAY_I,V15_10_ALL,CONCRETE,V15_10_ALL,"158.927198900,-150.583333300,3059.000000000;159.926221700,-147.861111100,3059.500000000",NEGATIVE_VOLUME
1657,V15_4_FISHWAY,V15_4_FISHWAY_I,V15_10_ALL,CONCRETE,V15_10_ALL,"157.928176100,-150.805555600,3059.000000000;158.927198900,-148.083333300,3059.500000000",NEGATIVE_VOLUME
1658,V15_4_FISHWAY,V15_4_FISHWAY_I,V15_10_ALL,CONCRETE,V15_10_ALL,"156.929153300,-151.027777800,3059.000000000;157.928176100,-148.305555600,3059.500000000",NEGATIVE_VOLUME
1659,V15_4_FISHWAY,V15_4_FISHWAY_I,V15_10_ALL,CONCRETE,V15_10_ALL,"155.930130500,-151.250000000,3059.000000000;156.929153300,-148.527777800,3059.500000000",NEGATIVE_VOLUME
1660,V15_4_FISHWAY,V15_4_FISHWAY_I,V15_10_ALL,CONCRETE,V15_10_ALL,"154.931107700,-151.472222200,3059.000000000;155.930130500,-148.750000000,3059.500000000",NEGATIVE_VOLUME
1661,V15_4_FISHWAY,V15_4_FISHWAY_I,V15_10_ALL,CONCRETE,V15_10_ALL,"153.932084900,-151.694444400,3059.000000000;154.931107700,-148.972222200,3059.500000000",NEGATIVE_VOLUME
1662,V15_4_FISHWAY,V15_4_FISHWAY_I,V15_10_ALL,CONCRETE,V15_10_ALL,"152.933062100,-151.916666700,3059.000000000;153.932084900,-149.194444400,3059.500000000",NEGATIVE_VOLUME
1663,V15_4_FISHWAY,V15_4_FISHWAY_I,V15_10_ALL,CONCRETE,V15_10_ALL,"151.934039300,-152.138888900,3059.000000000;152.933062100,-149.416666700,3059.500000000",NEGATIVE_VOLUME
1664,V15_4_FISHWAY,V15_4_FISHWAY_I,V15_10_ALL,CONCRETE,V15_10_ALL,"150.935016500,-152.361111100,3059.000000000;151.934039300,-149.638888900,3059.500000000",NEGATIVE_VOLUME
1665,V15_4_FISHWAY,V15_4_FISHWAY_I,V15_10_ALL,CONCRETE,V15_10_ALL,"149.935993700,-152.583333300,3059.000000000;150.935016500,-149.861111100,3059.500000000",NEGATIVE_VOLUME
1666,V15_4_FISHWAY,V15_4_FISHWAY_I,V15_10_ALL,CONCRETE,V15_10_ALL,"148.936970900,-152.805555600,3059.000000000;149.935993700,-150.083333300,3059.500000000",NEGATIVE_VOLUME
1667,V15_4_FISHWAY,V15_4_FISHWAY_I,V15_10_ALL,CONCRETE,V15_10_ALL,"147.937948100,-153.027777800,3059.000000000;148.936970900,-150.305555600,3059.500000000",NEGATIVE_VOLUME
1668,V15_4_FISHWAY,V15_4_FISHWAY_I,V15_10_ALL,CONCRETE,V15_10_ALL,"146.938925300,-153.250000000,3059.000000000;147.937948100,-150.527777800,3059.500000000",NEGATIVE_VOLUME
1669,V15_4_FISHWAY,V15_4_FISHWAY_I,V15_10_ALL,CONCRETE,V15_10_ALL,"145.939902500,-153.472222200,3059.000000000;146.938925300,-150.750000000,3059.500000000",NEGATIVE_VOLUME
1670,V15_4_FISHWAY,V15_4_FISHWAY_I,V15_10_ALL,CONCRETE,V15_10_ALL,"144.940879700,-153.694444400,3059.000000000;145.939902500,-150.972222200,3059.500000000",NEGATIVE_VOLUME
1671,V15_4_FISHWAY,V15_4_FISHWAY_I,V15_10_ALL,CONCRETE,V15_10_ALL,"143.941856900,-153.916666700,3059.000000000;144.940879700,-151.194444400,3059.500000000",NEGATIVE_VOLUME
1672,V15_4_FISHWAY,V15_4_FISHWAY_I,V15_10_ALL,CONCRETE,V15_10_ALL,"142.942834100,-154.138888900,3059.000000000;143.941856900,-151.416666700,3059.500000000",NEGATIVE_VOLUME
1673,V15_4_FISHWAY,V15_4_FISHWAY_I,V15_10_ALL,CONCRETE,V15_10_ALL,"141.943811300,-154.361111100,3059.000000000;142.942834100,-151.638888900,3059.500000000",NEGATIVE_VOLUME
1674,V15_4_FISHWAY,V15_4_FISHWAY_I,V15_10_ALL,CONCRETE,V15_10_ALL,"140.944788500,-154.583333300,3059.000000000;141.943811300,-151.861111100,3059.500000000",NEGATIVE_VOLUME
1675,V15_4_FISHWAY,V15_4_FISHWAY_I,V15_10_ALL,CONCRETE,V15_10_ALL,"139.945765700,-154.805555600,3059.000000000;140.944788500,-152.083333300,3059.500000000",NEGATIVE_VOLUME
1676,V15_4_FISHWAY,V15_4_FISHWAY_I,V15_10_ALL,CONCRETE,V15_10_ALL,"138.946742900,-155.027777800,3059.000000000;139.945765700,-152.305555600,3059.500000000",NEGATIVE_VOLUME
1677,V15_4_FISHWAY,V15_4_FISHWAY_I,V15_10_ALL,CONCRETE,V15_10_ALL,"137.947720000,-155.250000000,3059.000000000;138.946742900,-152.527777800,3059.500000000",NEGATIVE_VOLUME
1678,V15_4_FISHWAY,V15_4_FISHWAY_I,V15_10_ALL,CONCRETE,V15_10_ALL,"136.948697200,-155.472222200,3059.000000000;137.947720000,-152.750000000,3059.500000000",NEGATIVE_VOLUME
1679,V15_4_FISHWAY,V15_4_FISHWAY_I,V15_10_ALL,CONCRETE,V15_10_ALL,"135.949674400,-155.694444400,3059.000000000;136.948697200,-152.972222200,3059.500000000",NEGATIVE_VOLUME
1680,V15_4_FISHWAY,V15_4_FISHWAY_I,V15_10_ALL,CONCRETE,V15_10_ALL,"134.950651600,-155.916666700,3059.000000000;135.949674400,-153.194444400,3059.500000000",NEGATIVE_VOLUME
1681,V15_4_FISHWAY,V15_4_FISHWAY_I,V15_10_ALL,CONCRETE,V15_10_ALL,"133.951628800,-156.138888900,3059.000000000;134.950651600,-153.416666700,3059.500000000",NEGATIVE_VOLUME
1682,V15_4_FISHWAY,V15_4_FISHWAY_I,V15_10_ALL,CONCRETE,V15_10_ALL,"132.952606000,-156.361111100,3059.000000000;133.951628800,-153.638888900,3059.500000000",NEGATIVE_VOLUME
1683,V15_4_FISHWAY,V15_4_FISHWAY_I,V15_10_ALL,CONCRETE,V15_10_ALL,"131.953583200,-156.583333300,3059.000000000;132.952606000,-153.861111100,3059.500000000",NEGATIVE_VOLUME
1684,V15_4_FISHWAY,V15_4_FISHWAY_I,V15_10_ALL,CONCRETE,V15_10_ALL,"130.954560400,-156.805555600,3059.000000000;131.953583200,-154.083333300,3059.500000000",NEGATIVE_VOLUME
1685,V15_4_FISHWAY,V15_4_FISHWAY_I,V15_10_ALL,CONCRETE,V15_10_ALL,"129.955537600,-157.027777800,3059.000000000;130.954560400,-154.305555600,3059.500000000",NEGATIVE_VOLUME
1686,V15_4_FISHWAY,V15_4_FISHWAY_I,V15_10_ALL,CONCRETE,V15_10_ALL,"128.956514800,-157.250000000,3059.000000000;129.955537600,-154.527777800,3059.500000000",NEGATIVE_VOLUME
1687,V15_4_FISHWAY,V15_4_FISHWAY_I,V15_10_ALL,CONCRETE,V15_10_ALL,"127.957492000,-157.472222200,3059.000000000;128.956514800,-154.750000000,3059.500000000",NEGATIVE_VOLUME
1688,V15_4_FISHWAY,V15_4_FISHWAY_I,V15_10_ALL,CONCRETE,V15_10_ALL,"126.958469200,-157.694444400,3059.000000000;127.957492000,-154.972222200,3059.500000000",NEGATIVE_VOLUME
1689,V15_4_FISHWAY,V15_4_FISHWAY_I,V15_10_ALL,CONCRETE,V15_10_ALL,"125.959446400,-157.916666700,3059.000000000;126.958469200,-155.194444400,3059.500000000",NEGATIVE_VOLUME
1690,V15_4_FISHWAY,V15_4_FISHWAY_I,V15_10_ALL,CONCRETE,V15_10_ALL,"124.960423600,-158.138888900,3059.000000000;125.959446400,-155.416666700,3059.500000000",NEGATIVE_VOLUME
1691,V15_4_FISHWAY,V15_4_FISHWAY_I,V15_10_ALL,CONCRETE,V15_10_ALL,"123.961400800,-158.361111100,3059.000000000;124.960423600,-155.638888900,3059.500000000",NEGATIVE_VOLUME
1692,V15_4_FISHWAY,V15_4_FISHWAY_I,V15_10_ALL,CONCRETE,V15_10_ALL,"122.962378000,-158.583333300,3059.000000000;123.961400800,-155.861111100,3059.500000000",NEGATIVE_VOLUME
1693,V15_4_FISHWAY,V15_4_FISHWAY_I,V15_10_ALL,CONCRETE,V15_10_ALL,"121.963355200,-158.805555600,3059.000000000;122.962378000,-156.083333300,3059.500000000",NEGATIVE_VOLUME
1694,V15_4_FISHWAY,V15_4_FISHWAY_I,V15_10_ALL,CONCRETE,V15_10_ALL,"120.964332400,-159.027777800,3059.000000000;121.963355200,-156.305555600,3059.500000000",NEGATIVE_VOLUME
1695,V15_4_FISHWAY,V15_4_FISHWAY_I,V15_10_ALL,CONCRETE,V15_10_ALL,"119.965309600,-159.250000000,3059.000000000;120.964332400,-156.527777800,3059.500000000",NEGATIVE_VOLUME
1696,V15_4_FISHWAY,V15_4_FISHWAY_I,V15_10_ALL,CONCRETE,V15_10_ALL,"118.966286800,-159.472222200,3059.000000000;119.965309600,-156.750000000,3059.500000000",NEGATIVE_VOLUME
1697,V15_4_FISHWAY,V15_4_FISHWAY_I,V15_10_ALL,CONCRETE,V15_10_ALL,"117.967264000,-159.694444400,3059.000000000;118.966286800,-156.972222200,3059.500000000",NEGATIVE_VOLUME
1698,V15_4_FISHWAY,V15_4_FISHWAY_I,V15_10_ALL,CONCRETE,V15_10_ALL,"116.968241200,-159.916666700,3059.000000000;117.967264000,-157.194444400,3059.500000000",NEGATIVE_VOLUME
1699,V15_4_FISHWAY,V15_4_FISHWAY_I,V15_10_ALL,CONCRETE,V15_10_ALL,"115.969218400,-160.138888900,3059.000000000;116.968241200,-157.416666700,3059.500000000",NEGATIVE_VOLUME
1700,V15_4_FISHWAY,V15_4_FISHWAY_I,V15_10_ALL,CONCRETE,V15_10_ALL,"114.970195600,-160.361111100,3059.000000000;115.969218400,-157.638888900,3059.500000000",NEGATIVE_VOLUME
1701,V15_4_FISHWAY,V15_4_FISHWAY_I,V15_10_ALL,CONCRETE,V15_10_ALL,"113.971172800,-160.583333300,3059.000000000;114.970195600,-157.861111100,3059.500000000",NEGATIVE_VOLUME
1702,V15_4_FISHWAY,V15_4_FISHWAY_I,V15_10_ALL,CONCRETE,V15_10_ALL,"112.972150000,-160.805555600,3059.000000000;113.971172800,-158.083333300,3059.500000000",NEGATIVE_VOLUME
1703,V15_4_FISHWAY,V15_4_FISHWAY_I,V15_10_ALL,CONCRETE,V15_10_ALL,"111.973127200,-161.027777800,3059.000000000;112.972150000,-158.305555600,3059.500000000",NEGATIVE_VOLUME
1704,V15_4_FISHWAY,V15_4_FISHWAY_I,V15_10_ALL,CONCRETE,V15_10_ALL,"110.974104400,-161.250000000,3059.000000000;111.973127200,-158.527777800,3059.500000000",NEGATIVE_VOLUME
1705,V15_4_FISHWAY,V15_4_FISHWAY_I,V15_10_ALL,CONCRETE,V15_10_ALL,"109.975081600,-161.472222200,3059.000000000;110.974104400,-158.750000000,3059.500000000",NEGATIVE_VOLUME
1706,V15_4_FISHWAY,V15_4_FISHWAY_I,V15_10_ALL,CONCRETE,V15_10_ALL,"108.976058800,-161.694444400,3059.000000000;109.975081600,-158.972222200,3059.500000000",NEGATIVE_VOLUME
1707,V15_4_FISHWAY,V15_4_FISHWAY_I,V15_10_ALL,CONCRETE,V15_10_ALL,"107.977036000,-161.916666700,3059.000000000;108.976058800,-159.194444400,3059.500000000",NEGATIVE_VOLUME
1708,V15_4_FISHWAY,V15_4_FISHWAY_I,V15_10_ALL,CONCRETE,V15_10_ALL,"106.978013200,-162.138888900,3059.000000000;107.977036000,-159.416666700,3059.500000000",NEGATIVE_VOLUME
1709,V15_4_FISHWAY,V15_4_FISHWAY_I,V15_10_ALL,CONCRETE,V15_10_ALL,"105.978990400,-162.361111100,3059.000000000;106.978013200,-159.638888900,3059.500000000",NEGATIVE_VOLUME
1710,V15_4_FISHWAY,V15_4_FISHWAY_I,V15_10_ALL,CONCRETE,V15_10_ALL,"104.979967600,-162.583333300,3059.000000000;105.978990400,-159.861111100,3059.500000000",NEGATIVE_VOLUME
1711,V15_4_FISHWAY,V15_4_FISHWAY_I,V15_10_ALL,CONCRETE,V15_10_ALL,"103.980944800,-162.805555600,3059.000000000;104.979967600,-160.083333300,3059.500000000",NEGATIVE_VOLUME
1712,V15_4_FISHWAY,V15_4_FISHWAY_I,V15_10_ALL,CONCRETE,V15_10_ALL,"102.981922000,-163.027777800,3059.000000000;103.980944800,-160.305555600,3059.500000000",NEGATIVE_VOLUME
1713,V15_4_FISHWAY,V15_4_FISHWAY_I,V15_10_ALL,CONCRETE,V15_10_ALL,"101.982899200,-163.250000000,3059.000000000;102.981922000,-160.527777800,3059.500000000",NEGATIVE_VOLUME
1714,V15_4_FISHWAY,V15_4_FISHWAY_I,V15_10_ALL,CONCRETE,V15_10_ALL,"100.983876400,-163.472222200,3059.000000000;101.982899200,-160.750000000,3059.500000000",NEGATIVE_VOLUME
1715,V15_4_FISHWAY,V15_4_FISHWAY_I,V15_10_ALL,CONCRETE,V15_10_ALL,"99.984853570,-163.694444400,3059.000000000;100.983876400,-160.972222200,3059.500000000",NEGATIVE_VOLUME
1716,V15_4_FISHWAY,V15_4_FISHWAY_I,V15_10_ALL,CONCRETE,V15_10_ALL,"98.985830760,-163.916666700,3059.000000000;99.984853570,-161.194444400,3059.500000000",NEGATIVE_VOLUME
1717,V15_4_FISHWAY,V15_4_FISHWAY_I,V15_10_ALL,CONCRETE,V15_10_ALL,"97.986807960,-164.138888900,3059.000000000;98.985830760,-161.416666700,3059.500000000",NEGATIVE_VOLUME
1718,V15_4_FISHWAY,V15_4_FISHWAY_I,V15_10_ALL,CONCRETE,V15_10_ALL,"96.987785160,-164.361111100,3059.000000000;97.986807960,-161.638888900,3059.500000000",NEGATIVE_VOLUME
1719,V15_4_FISHWAY,V15_4_FISHWAY_I,V15_10_ALL,CONCRETE,V15_10_ALL,"95.988762360,-164.583333300,3059.000000000;96.987785160,-161.861111100,3059.500000000",NEGATIVE_VOLUME
1720,V15_4_FISHWAY,V15_4_FISHWAY_I,V15_10_ALL,CONCRETE,V15_10_ALL,"94.989739560,-164.805555600,3059.000000000;95.988762360,-162.083333300,3059.500000000",NEGATIVE_VOLUME
1721,V15_4_FISHWAY,V15_4_FISHWAY_I,V15_10_ALL,CONCRETE,V15_10_ALL,"93.990716750,-165.027777800,3059.000000000;94.989739560,-162.305555600,3059.500000000",NEGATIVE_VOLUME
1722,V15_4_FISHWAY,V15_4_FISHWAY_I,V15_10_ALL,CONCRETE,V15_10_ALL,"92.991693950,-165.250000000,3059.000000000;93.990716750,-162.527777800,3059.500000000",NEGATIVE_VOLUME
1723,V15_4_FISHWAY,V15_4_FISHWAY_I,V15_10_ALL,CONCRETE,V15_10_ALL,"91.992671150,-165.472222200,3059.000000000;92.991693950,-162.750000000,3059.500000000",NEGATIVE_VOLUME
1724,V15_4_FISHWAY,V15_4_FISHWAY_I,V15_10_ALL,CONCRETE,V15_10_ALL,"90.993648350,-165.694444400,3059.000000000;91.992671150,-162.972222200,3059.500000000",NEGATIVE_VOLUME
1725,V15_4_FISHWAY,V15_4_FISHWAY_I,V15_10_ALL,CONCRETE,V15_10_ALL,"89.994625540,-165.916666700,3059.000000000;90.993648350,-163.194444400,3059.500000000",NEGATIVE_VOLUME
1726,V15_4_FISHWAY,V15_4_FISHWAY_I,V15_10_ALL,CONCRETE,V15_10_ALL,"88.995602740,-166.138888900,3059.000000000;89.994625540,-163.416666700,3059.500000000",NEGATIVE_VOLUME
1727,V15_4_FISHWAY,V15_4_FISHWAY_I,V15_10_ALL,CONCRETE,V15_10_ALL,"87.996579940,-166.361111100,3059.000000000;88.995602740,-163.638888900,3059.500000000",NEGATIVE_VOLUME
1728,V15_4_FISHWAY,V15_4_FISHWAY_I,V15_10_ALL,CONCRETE,V15_10_ALL,"86.997557140,-166.583333300,3059.000000000;87.996579940,-163.861111100,3059.500000000",NEGATIVE_VOLUME
1729,V15_4_FISHWAY,V15_4_FISHWAY_I,V15_10_ALL,CONCRETE,V15_10_ALL,"85.998534340,-166.805555600,3059.000000000;86.997557140,-164.083333300,3059.500000000",NEGATIVE_VOLUME
1730,V15_4_FISHWAY,V15_4_FISHWAY_I,V15_10_ALL,CONCRETE,V15_10_ALL,"84.999511530,-167.027777800,3059.000000000;85.998534340,-164.305555600,3059.500000000",NEGATIVE_VOLUME
1731,V15_4_FISHWAY,V15_4_FISHWAY_I,V15_10_ALL,CONCRETE,V15_10_ALL,"84.000488730,-167.250000000,3059.000000000;84.999511530,-164.527777800,3059.500000000",NEGATIVE_VOLUME
1732,V15_4_FISHWAY,V15_4_FISHWAY_I,V15_10_ALL,CONCRETE,V15_10_ALL,"83.001465930,-167.472222200,3059.000000000;84.000488730,-164.750000000,3059.500000000",NEGATIVE_VOLUME
1733,V15_4_FISHWAY,V15_4_FISHWAY_I,V15_10_ALL,CONCRETE,V15_10_ALL,"82.002443130,-167.694444400,3059.000000000;83.001465930,-164.972222200,3059.500000000",NEGATIVE_VOLUME
1734,V15_4_FISHWAY,V15_4_FISHWAY_I,V15_10_ALL,CONCRETE,V15_10_ALL,"81.003420330,-167.916666700,3059.000000000;82.002443130,-165.194444400,3059.500000000",NEGATIVE_VOLUME
1735,V15_4_FISHWAY,V15_4_FISHWAY_I,V15_10_ALL,CONCRETE,V15_10_ALL,"80.004397520,-168.138888900,3059.000000000;81.003420330,-165.416666700,3059.500000000",NEGATIVE_VOLUME
1736,V15_4_FISHWAY,V15_4_FISHWAY_I,V15_10_ALL,CONCRETE,V15_10_ALL,"79.005374720,-168.361111100,3059.000000000;80.004397520,-165.638888900,3059.500000000",NEGATIVE_VOLUME
1737,V15_4_FISHWAY,V15_4_FISHWAY_I,V15_10_ALL,CONCRETE,V15_10_ALL,"78.006351920,-168.583333300,3059.000000000;79.005374720,-165.861111100,3059.500000000",NEGATIVE_VOLUME
1738,V15_4_FISHWAY,V15_4_FISHWAY_I,V15_10_ALL,CONCRETE,V15_10_ALL,"77.007329120,-168.805555600,3059.000000000;78.006351920,-166.083333300,3059.500000000",NEGATIVE_VOLUME
1739,V15_4_FISHWAY,V15_4_FISHWAY_I,V15_10_ALL,CONCRETE,V15_10_ALL,"76.008306310,-169.027777800,3059.000000000;77.007329120,-166.305555600,3059.500000000",NEGATIVE_VOLUME
1740,V15_4_FISHWAY,V15_4_FISHWAY_I,V15_10_ALL,CONCRETE,V15_10_ALL,"75.009283510,-169.250000000,3059.000000000;76.008306310,-166.527777800,3059.500000000",NEGATIVE_VOLUME
1741,V15_4_FISHWAY,V15_4_FISHWAY_I,V15_10_ALL,CONCRETE,V15_10_ALL,"74.010260710,-169.472222200,3059.000000000;75.009283510,-166.750000000,3059.500000000",NEGATIVE_VOLUME
1742,V15_4_FISHWAY,V15_4_FISHWAY_I,V15_10_ALL,CONCRETE,V15_10_ALL,"73.011237910,-169.694444400,3059.000000000;74.010260710,-166.972222200,3059.500000000",NEGATIVE_VOLUME
1743,V15_4_FISHWAY,V15_4_FISHWAY_I,V15_10_ALL,CONCRETE,V15_10_ALL,"72.012215110,-169.916666700,3059.000000000;73.011237910,-167.194444400,3059.500000000",NEGATIVE_VOLUME
1744,V15_4_FISHWAY,V15_4_FISHWAY_I,V15_10_ALL,CONCRETE,V15_10_ALL,"71.013192300,-170.138888900,3059.000000000;72.012215110,-167.416666700,3059.500000000",NEGATIVE_VOLUME
1745,V15_4_FISHWAY,V15_4_FISHWAY_I,V15_10_ALL,CONCRETE,V15_10_ALL,"70.014169500,-170.361111100,3059.000000000;71.013192300,-167.638888900,3059.500000000",NEGATIVE_VOLUME
1746,V15_4_FISHWAY,V15_4_FISHWAY_I,V15_10_ALL,CONCRETE,V15_10_ALL,"69.015146700,-170.583333300,3059.000000000;70.014169500,-167.861111100,3059.500000000",NEGATIVE_VOLUME
1747,V15_4_FISHWAY,V15_4_FISHWAY_I,V15_10_ALL,CONCRETE,V15_10_ALL,"68.016123900,-170.805555600,3059.000000000;69.015146700,-168.083333300,3059.500000000",NEGATIVE_VOLUME
1748,V15_4_FISHWAY,V15_4_FISHWAY_I,V15_10_ALL,CONCRETE,V15_10_ALL,"67.017101100,-171.027777800,3059.000000000;68.016123900,-168.305555600,3059.500000000",NEGATIVE_VOLUME
1749,V15_4_FISHWAY,V15_4_FISHWAY_I,V15_10_ALL,CONCRETE,V15_10_ALL,"66.018078290,-171.250000000,3059.000000000;67.017101100,-168.527777800,3059.500000000",NEGATIVE_VOLUME
1750,V15_4_FISHWAY,V15_4_FISHWAY_I,V15_10_ALL,CONCRETE,V15_10_ALL,"65.019055490,-171.472222200,3059.000000000;66.018078290,-168.750000000,3059.500000000",NEGATIVE_VOLUME
1751,V15_4_FISHWAY,V15_4_FISHWAY_I,V15_10_ALL,CONCRETE,V15_10_ALL,"64.020032690,-171.694444400,3059.000000000;65.019055490,-168.972222200,3059.500000000",NEGATIVE_VOLUME
1752,V15_4_FISHWAY,V15_4_FISHWAY_I,V15_10_ALL,CONCRETE,V15_10_ALL,"63.021009890,-171.916666700,3059.000000000;64.020032690,-169.194444400,3059.500000000",NEGATIVE_VOLUME
1753,V15_4_FISHWAY,V15_4_FISHWAY_I,V15_10_ALL,CONCRETE,V15_10_ALL,"62.021987080,-172.138888900,3059.000000000;63.021009890,-169.416666700,3059.500000000",NEGATIVE_VOLUME
1754,V15_4_FISHWAY,V15_4_FISHWAY_I,V15_10_ALL,CONCRETE,V15_10_ALL,"61.022964280,-172.361111100,3059.000000000;62.021987080,-169.638888900,3059.500000000",NEGATIVE_VOLUME
1755,V15_4_FISHWAY,V15_4_FISHWAY_I,V15_10_ALL,CONCRETE,V15_10_ALL,"60.023941480,-172.583333300,3059.000000000;61.022964280,-169.861111100,3059.500000000",NEGATIVE_VOLUME
1756,V15_4_FISHWAY,V15_4_FISHWAY_I,V15_10_ALL,CONCRETE,V15_10_ALL,"59.024918680,-172.805555600,3059.000000000;60.023941480,-170.083333300,3059.500000000",NEGATIVE_VOLUME
1757,V15_4_FISHWAY,V15_4_FISHWAY_I,V15_10_ALL,CONCRETE,V15_10_ALL,"58.025895880,-173.027777800,3059.000000000;59.024918680,-170.305555600,3059.500000000",NEGATIVE_VOLUME
1758,V15_4_FISHWAY,V15_4_FISHWAY_I,V15_10_ALL,CONCRETE,V15_10_ALL,"57.026873070,-173.250000000,3059.000000000;58.025895880,-170.527777800,3059.500000000",NEGATIVE_VOLUME
1759,V15_4_FISHWAY,V15_4_FISHWAY_I,V15_10_ALL,CONCRETE,V15_10_ALL,"56.027850270,-173.472222200,3059.000000000;57.026873070,-170.750000000,3059.500000000",NEGATIVE_VOLUME
1760,V15_4_FISHWAY,V15_4_FISHWAY_I,V15_10_ALL,CONCRETE,V15_10_ALL,"55.028827470,-173.694444400,3059.000000000;56.027850270,-170.972222200,3059.500000000",NEGATIVE_VOLUME
1761,V15_4_FISHWAY,V15_4_FISHWAY_I,V15_10_ALL,CONCRETE,V15_10_ALL,"54.029804670,-173.916666700,3059.000000000;55.028827470,-171.194444400,3059.500000000",NEGATIVE_VOLUME
1762,V15_4_FISHWAY,V15_4_FISHWAY_I,V15_10_ALL,CONCRETE,V15_10_ALL,"53.030781860,-174.138888900,3059.000000000;54.029804670,-171.416666700,3059.500000000",NEGATIVE_VOLUME
1763,V15_4_FISHWAY,V15_4_FISHWAY_I,V15_10_ALL,CONCRETE,V15_10_ALL,"52.031759060,-174.361111100,3059.000000000;53.030781860,-171.638888900,3059.500000000",NEGATIVE_VOLUME
1764,V15_4_FISHWAY,V15_4_FISHWAY_I,V15_10_ALL,CONCRETE,V15_10_ALL,"51.032736260,-174.583333300,3059.000000000;52.031759060,-171.861111100,3059.500000000",NEGATIVE_VOLUME
1765,V15_4_FISHWAY,V15_4_FISHWAY_I,V15_10_ALL,CONCRETE,V15_10_ALL,"50.033713460,-174.805555600,3059.000000000;51.032736260,-172.083333300,3059.500000000",NEGATIVE_VOLUME
1766,V15_4_FISHWAY,V15_4_FISHWAY_I,V15_10_ALL,CONCRETE,V15_10_ALL,"49.034690660,-175.027777800,3059.000000000;50.033713460,-172.305555600,3059.500000000",NEGATIVE_VOLUME
1767,V15_4_FISHWAY,V15_4_FISHWAY_I,V15_10_ALL,CONCRETE,V15_10_ALL,"48.035667850,-175.250000000,3059.000000000;49.034690660,-172.527777800,3059.500000000",NEGATIVE_VOLUME
1768,V15_4_FISHWAY,V15_4_FISHWAY_I,V15_10_ALL,CONCRETE,V15_10_ALL,"47.036645050,-175.472222200,3059.000000000;48.035667850,-172.750000000,3059.500000000",NEGATIVE_VOLUME
1769,V15_4_FISHWAY,V15_4_FISHWAY_I,V15_10_ALL,CONCRETE,V15_10_ALL,"46.037622250,-175.694444400,3059.000000000;47.036645050,-172.972222200,3059.500000000",NEGATIVE_VOLUME
1770,V15_4_FISHWAY,V15_4_FISHWAY_I,V15_10_ALL,CONCRETE,V15_10_ALL,"45.038599450,-175.916666700,3059.000000000;46.037622250,-173.194444400,3059.500000000",NEGATIVE_VOLUME
1771,V15_4_FISHWAY,V15_4_FISHWAY_I,V15_10_ALL,CONCRETE,V15_10_ALL,"44.039576650,-176.138888900,3059.000000000;45.038599450,-173.416666700,3059.500000000",NEGATIVE_VOLUME
1772,V15_4_FISHWAY,V15_4_FISHWAY_I,V15_10_ALL,CONCRETE,V15_10_ALL,"43.040553840,-176.361111100,3059.000000000;44.039576650,-173.638888900,3059.500000000",NEGATIVE_VOLUME
1773,V15_4_FISHWAY,V15_4_FISHWAY_I,V15_10_ALL,CONCRETE,V15_10_ALL,"42.041531040,-176.583333300,3059.000000000;43.040553840,-173.861111100,3059.500000000",NEGATIVE_VOLUME
1774,V15_4_FISHWAY,V15_4_FISHWAY_I,V15_10_ALL,CONCRETE,V15_10_ALL,"41.042508240,-176.805555600,3059.000000000;42.041531040,-174.083333300,3059.500000000",NEGATIVE_VOLUME
1775,V15_4_FISHWAY,V15_4_FISHWAY_I,V15_10_ALL,CONCRETE,V15_10_ALL,"40.043485440,-177.027777800,3059.000000000;41.042508240,-174.305555600,3059.500000000",NEGATIVE_VOLUME
1776,V15_4_FISHWAY,V15_4_FISHWAY_I,V15_10_ALL,CONCRETE,V15_10_ALL,"39.044462630,-177.250000000,3059.000000000;40.043485440,-174.527777800,3059.500000000",NEGATIVE_VOLUME
1777,V15_4_FISHWAY,V15_4_FISHWAY_I,V15_10_ALL,CONCRETE,V15_10_ALL,"38.045439830,-177.472222200,3059.000000000;39.044462630,-174.750000000,3059.500000000",NEGATIVE_VOLUME
1778,V15_4_FISHWAY,V15_4_FISHWAY_I,V15_10_ALL,CONCRETE,V15_10_ALL,"37.046417030,-177.694444400,3059.000000000;38.045439830,-174.972222200,3059.500000000",NEGATIVE_VOLUME
1779,V15_4_FISHWAY,V15_4_FISHWAY_I,V15_10_ALL,CONCRETE,V15_10_ALL,"36.047394230,-177.916666700,3059.000000000;37.046417030,-175.194444400,3059.500000000",NEGATIVE_VOLUME
1780,V15_4_FISHWAY,V15_4_FISHWAY_I,V15_10_ALL,CONCRETE,V15_10_ALL,"35.048371430,-178.138888900,3059.000000000;36.047394230,-175.416666700,3059.500000000",NEGATIVE_VOLUME
1781,V15_4_FISHWAY,V15_4_FISHWAY_I,V15_10_ALL,CONCRETE,V15_10_ALL,"34.049348620,-178.361111100,3059.000000000;35.048371430,-175.638888900,3059.500000000",NEGATIVE_VOLUME
1782,V15_4_FISHWAY,V15_4_FISHWAY_I,V15_10_ALL,CONCRETE,V15_10_ALL,"33.050325820,-178.583333300,3059.000000000;34.049348620,-175.861111100,3059.500000000",NEGATIVE_VOLUME
1783,V15_4_FISHWAY,V15_4_FISHWAY_I,V15_10_ALL,CONCRETE,V15_10_ALL,"32.051303020,-178.805555600,3059.000000000;33.050325820,-176.083333300,3059.500000000",NEGATIVE_VOLUME
1784,V15_4_FISHWAY,V15_4_FISHWAY_I,V15_10_ALL,CONCRETE,V15_10_ALL,"31.052280220,-179.027777800,3059.000000000;32.051303020,-176.305555600,3059.500000000",NEGATIVE_VOLUME
1785,V15_4_FISHWAY,V15_4_FISHWAY_I,V15_10_ALL,CONCRETE,V15_10_ALL,"30.053257410,-179.250000000,3059.000000000;31.052280220,-176.527777800,3059.500000000",NEGATIVE_VOLUME
1786,V15_4_FISHWAY,V15_4_FISHWAY_I,V15_10_ALL,CONCRETE,V15_10_ALL,"29.054234610,-179.472222200,3059.000000000;30.053257410,-176.750000000,3059.500000000",NEGATIVE_VOLUME
1787,V15_4_FISHWAY,V15_4_FISHWAY_I,V15_10_ALL,CONCRETE,V15_10_ALL,"28.055211810,-179.694444400,3059.000000000;29.054234610,-176.972222200,3059.500000000",NEGATIVE_VOLUME
1788,V15_4_FISHWAY,V15_4_FISHWAY_I,V15_10_ALL,CONCRETE,V15_10_ALL,"27.056189010,-179.916666700,3059.000000000;28.055211810,-177.194444400,3059.500000000",NEGATIVE_VOLUME
1789,V15_4_FISHWAY,V15_4_FISHWAY_I,V15_10_ALL,CONCRETE,V15_10_ALL,"26.057166210,-180.138888900,3059.000000000;27.056189010,-177.416666700,3059.500000000",NEGATIVE_VOLUME
1790,V15_4_FISHWAY,V15_4_FISHWAY_I,V15_10_ALL,CONCRETE,V15_10_ALL,"25.058143400,-180.361111100,3059.000000000;26.057166210,-177.638888900,3059.500000000",NEGATIVE_VOLUME
1791,V15_4_FISHWAY,V15_4_FISHWAY_I,V15_10_ALL,CONCRETE,V15_10_ALL,"24.059120600,-180.583333300,3059.000000000;25.058143400,-177.861111100,3059.500000000",NEGATIVE_VOLUME
1792,V15_4_FISHWAY,V15_4_FISHWAY_I,V15_10_ALL,CONCRETE,V15_10_ALL,"23.060097800,-180.805555600,3059.000000000;24.059120600,-178.083333300,3059.500000000",NEGATIVE_VOLUME
1793,V15_4_FISHWAY,V15_4_FISHWAY_I,V15_10_ALL,CONCRETE,V15_10_ALL,"22.061075000,-181.027777800,3059.000000000;23.060097800,-178.305555600,3059.500000000",NEGATIVE_VOLUME
1794,V15_4_FISHWAY,V15_4_FISHWAY_I,V15_10_ALL,CONCRETE,V15_10_ALL,"21.062052200,-181.250000000,3059.000000000;22.061075000,-178.527777800,3059.500000000",NEGATIVE_VOLUME
1795,V15_4_FISHWAY,V15_4_FISHWAY_I,V15_10_ALL,CONCRETE,V15_10_ALL,"20.063029390,-181.472222200,3059.000000000;21.062052200,-178.750000000,3059.500000000",NEGATIVE_VOLUME
1796,V15_4_FISHWAY,V15_4_FISHWAY_I,V15_10_ALL,CONCRETE,V15_10_ALL,"19.064006590,-181.694444400,3059.000000000;20.063029390,-178.972222200,3059.500000000",NEGATIVE_VOLUME
1797,V15_4_FISHWAY,V15_4_FISHWAY_I,V15_10_ALL,CONCRETE,V15_10_ALL,"18.064983790,-181.916666700,3059.000000000;19.064006590,-179.194444400,3059.500000000",NEGATIVE_VOLUME
1798,V15_4_FISHWAY,V15_4_FISHWAY_I,V15_10_ALL,CONCRETE,V15_10_ALL,"17.065960990,-182.138888900,3059.000000000;18.064983790,-179.416666700,3059.500000000",NEGATIVE_VOLUME
1799,V15_4_FISHWAY,V15_4_FISHWAY_I,V15_10_ALL,CONCRETE,V15_10_ALL,"16.066938180,-182.361111100,3059.000000000;17.065960990,-179.638888900,3059.500000000",NEGATIVE_VOLUME
1800,V15_4_FISHWAY,V15_4_FISHWAY_I,V15_10_ALL,CONCRETE,V15_10_ALL,"15.067915380,-182.583333300,3059.000000000;16.066938180,-179.861111100,3059.500000000",NEGATIVE_VOLUME
1801,V15_4_FISHWAY,V15_4_FISHWAY_I,V15_10_ALL,CONCRETE,V15_10_ALL,"14.068892580,-182.805555600,3059.000000000;15.067915380,-180.083333300,3059.500000000",NEGATIVE_VOLUME
1802,V15_4_FISHWAY,V15_4_FISHWAY_I,V15_10_ALL,CONCRETE,V15_10_ALL,"13.069869780,-183.027777800,3059.000000000;14.068892580,-180.305555600,3059.500000000",NEGATIVE_VOLUME
1803,V15_4_FISHWAY,V15_4_FISHWAY_I,V15_10_ALL,CONCRETE,V15_10_ALL,"12.070846980,-183.250000000,3059.000000000;13.069869780,-180.527777800,3059.500000000",NEGATIVE_VOLUME
1804,V15_4_FISHWAY,V15_4_FISHWAY_I,V15_10_ALL,CONCRETE,V15_10_ALL,"11.071824170,-183.472222200,3059.000000000;12.070846980,-180.750000000,3059.500000000",NEGATIVE_VOLUME
1805,V15_4_FISHWAY,V15_4_FISHWAY_I,V15_10_ALL,CONCRETE,V15_10_ALL,"10.072801370,-183.694444400,3059.000000000;11.071824170,-180.972222200,3059.500000000",NEGATIVE_VOLUME
1806,V15_4_FISHWAY,V15_4_FISHWAY_I,V15_10_ALL,CONCRETE,V15_10_ALL,"9.073778569,-183.916666700,3059.000000000;10.072801370,-181.194444400,3059.500000000",NEGATIVE_VOLUME
1807,V15_4_FISHWAY,V15_4_FISHWAY_I,V15_10_ALL,CONCRETE,V15_10_ALL,"8.074755767,-184.138888900,3059.000000000;9.073778569,-181.416666700,3059.500000000",NEGATIVE_VOLUME
1808,V15_4_FISHWAY,V15_4_FISHWAY_I,V15_10_ALL,CONCRETE,V15_10_ALL,"7.075732965,-184.361111100,3059.000000000;8.074755767,-181.638888900,3059.500000000",NEGATIVE_VOLUME
1809,V15_4_FISHWAY,V15_4_FISHWAY_I,V15_10_ALL,CONCRETE,V15_10_ALL,"6.076710163,-184.583333300,3059.000000000;7.075732965,-181.861111100,3059.500000000",NEGATIVE_VOLUME
1810,V15_4_FISHWAY,V15_4_FISHWAY_I,V15_10_ALL,CONCRETE,V15_10_ALL,"5.077687361,-184.805555600,3059.000000000;6.076710163,-182.083333300,3059.500000000",NEGATIVE_VOLUME
1811,V15_4_FISHWAY,V15_4_FISHWAY_I,V15_10_ALL,CONCRETE,V15_10_ALL,"4.078664558,-185.027777800,3059.000000000;5.077687361,-182.305555600,3059.500000000",NEGATIVE_VOLUME
1812,V15_4_FISHWAY,V15_4_FISHWAY_I,V15_10_ALL,CONCRETE,V15_10_ALL,"3.079641756,-185.250000000,3059.000000000;4.078664558,-182.527777800,3059.500000000",NEGATIVE_VOLUME
1813,V15_4_FISHWAY,V15_4_FISHWAY_I,V15_10_ALL,CONCRETE,V15_10_ALL,"2.080618954,-185.472222200,3059.000000000;3.079641756,-182.750000000,3059.500000000",NEGATIVE_VOLUME
1814,V15_4_FISHWAY,V15_4_FISHWAY_I,V15_10_ALL,CONCRETE,V15_10_ALL,"1.081596152,-185.694444400,3059.000000000;2.080618954,-182.972222200,3059.500000000",NEGATIVE_VOLUME
1815,V15_4_FISHWAY,V15_4_FISHWAY_I,V15_10_ALL,CONCRETE,V15_10_ALL,"0.082573350,-185.916666700,3059.000000000;1.081596152,-183.194444400,3059.500000000",NEGATIVE_VOLUME
1816,V15_4_FISHWAY,V15_4_FISHWAY_I,V15_10_ALL,CONCRETE,V15_10_ALL,"-0.916449452,-186.138888900,3059.000000000;0.082573350,-183.416666700,3059.500000000",NEGATIVE_VOLUME
1817,V15_4_FISHWAY,V15_4_FISHWAY_I,V15_10_ALL,CONCRETE,V15_10_ALL,"-1.915472255,-186.361111100,3059.000000000;-0.916449452,-183.638888900,3059.500000000",NEGATIVE_VOLUME
1818,V15_4_FISHWAY,V15_4_FISHWAY_I,V15_10_ALL,CONCRETE,V15_10_ALL,"-2.914495057,-186.583333300,3059.000000000;-1.915472255,-183.861111100,3059.500000000",NEGATIVE_VOLUME
1819,V15_4_FISHWAY,V15_4_FISHWAY_I,V15_10_ALL,CONCRETE,V15_10_ALL,"-3.913517859,-186.805555600,3059.000000000;-2.914495057,-184.083333300,3059.500000000",NEGATIVE_VOLUME
1820,V15_4_FISHWAY,V15_4_FISHWAY_I,V15_10_ALL,CONCRETE,V15_10_ALL,"-4.912540661,-187.027777800,3059.000000000;-3.913517859,-184.305555600,3059.500000000",NEGATIVE_VOLUME
1821,V15_4_FISHWAY,V15_4_FISHWAY_I,V15_10_ALL,CONCRETE,V15_10_ALL,"-5.911563463,-187.250000000,3059.000000000;-4.912540661,-184.527777800,3059.500000000",NEGATIVE_VOLUME
1822,V15_4_FISHWAY,V15_4_FISHWAY_I,V15_10_ALL,CONCRETE,V15_10_ALL,"-6.910586265,-187.472222200,3059.000000000;-5.911563463,-184.750000000,3059.500000000",NEGATIVE_VOLUME
1823,V15_4_FISHWAY,V15_4_FISHWAY_I,V15_10_ALL,CONCRETE,V15_10_ALL,"-7.909609068,-187.694444400,3059.000000000;-6.910586265,-184.972222200,3059.500000000",NEGATIVE_VOLUME
1824,V15_4_FISHWAY,V15_4_FISHWAY_I,V15_10_ALL,CONCRETE,V15_10_ALL,"-8.908631870,-187.916666700,3059.000000000;-7.909609068,-185.194444400,3059.500000000",NEGATIVE_VOLUME
1825,V15_4_FISHWAY,V15_4_FISHWAY_I,V15_10_ALL,CONCRETE,V15_10_ALL,"-9.907654672,-188.138888900,3059.000000000;-8.908631870,-185.416666700,3059.500000000",NEGATIVE_VOLUME
1826,V15_4_FISHWAY,V15_4_FISHWAY_I,V15_10_ALL,CONCRETE,V15_10_ALL,"-10.906677470,-188.361111100,3059.000000000;-9.907654672,-185.638888900,3059.500000000",NEGATIVE_VOLUME
1827,V15_4_FISHWAY,V15_4_FISHWAY_I,V15_10_ALL,CONCRETE,V15_10_ALL,"-11.905700280,-188.583333300,3059.000000000;-10.906677470,-185.861111100,3059.500000000",NEGATIVE_VOLUME
1828,V15_4_FISHWAY,V15_4_FISHWAY_I,V15_10_ALL,CONCRETE,V15_10_ALL,"-12.904723080,-188.805555600,3059.000000000;-11.905700280,-186.083333300,3059.500000000",NEGATIVE_VOLUME
1829,V15_4_FISHWAY,V15_4_FISHWAY_I,V15_10_ALL,CONCRETE,V15_10_ALL,"-13.903745880,-189.027777800,3059.000000000;-12.904723080,-186.305555600,3059.500000000",NEGATIVE_VOLUME
1830,V15_4_FISHWAY,V15_4_FISHWAY_I,V15_10_ALL,CONCRETE,V15_10_ALL,"-14.902768680,-189.250000000,3059.000000000;-13.903745880,-186.527777800,3059.500000000",NEGATIVE_VOLUME
1831,V15_4_FISHWAY,V15_4_FISHWAY_I,V15_10_ALL,CONCRETE,V15_10_ALL,"-15.901791490,-189.472222200,3059.000000000;-14.902768680,-186.750000000,3059.500000000",NEGATIVE_VOLUME
1832,V15_4_FISHWAY,V15_4_FISHWAY_I,V15_10_ALL,CONCRETE,V15_10_ALL,"-16.900814290,-189.694444400,3059.000000000;-15.901791490,-186.972222200,3059.500000000",NEGATIVE_VOLUME
1833,V15_4_FISHWAY,V15_4_FISHWAY_I,V15_10_ALL,CONCRETE,V15_10_ALL,"-17.899837090,-189.916666700,3059.000000000;-16.900814290,-187.194444400,3059.500000000",NEGATIVE_VOLUME
1834,V15_4_FISHWAY,V15_4_FISHWAY_I,V15_10_ALL,CONCRETE,V15_10_ALL,"-18.898859890,-190.138888900,3059.000000000;-17.899837090,-187.416666700,3059.500000000",NEGATIVE_VOLUME
1835,V15_4_FISHWAY,V15_4_FISHWAY_I,V15_10_ALL,CONCRETE,V15_10_ALL,"-19.897882690,-190.361111100,3059.000000000;-18.898859890,-187.638888900,3059.500000000",NEGATIVE_VOLUME
1836,V15_4_FISHWAY,V15_4_FISHWAY_I,V15_10_ALL,CONCRETE,V15_10_ALL,"-20.896905500,-190.583333300,3059.000000000;-19.897882690,-187.861111100,3059.500000000",NEGATIVE_VOLUME
1837,V15_4_FISHWAY,V15_4_FISHWAY_I,V15_10_ALL,CONCRETE,V15_10_ALL,"-21.895928300,-190.805555600,3059.000000000;-20.896905500,-188.083333300,3059.500000000",NEGATIVE_VOLUME
1838,V15_4_FISHWAY,V15_4_FISHWAY_I,V15_10_ALL,CONCRETE,V15_10_ALL,"-22.894951100,-191.027777800,3059.000000000;-21.895928300,-188.305555600,3059.500000000",NEGATIVE_VOLUME
1839,V15_4_FISHWAY,V15_4_FISHWAY_I,V15_10_ALL,CONCRETE,V15_10_ALL,"-23.893973900,-191.250000000,3059.000000000;-22.894951100,-188.527777800,3059.500000000",NEGATIVE_VOLUME
1840,V15_4_FISHWAY,V15_4_FISHWAY_I,V15_10_ALL,CONCRETE,V15_10_ALL,"-24.892996700,-191.472222200,3059.000000000;-23.893973900,-188.750000000,3059.500000000",NEGATIVE_VOLUME
1841,V15_4_FISHWAY,V15_4_FISHWAY_I,V15_10_ALL,CONCRETE,V15_10_ALL,"-25.892019510,-191.694444400,3059.000000000;-24.892996700,-188.972222200,3059.500000000",NEGATIVE_VOLUME
1842,V15_4_FISHWAY,V15_4_FISHWAY_I,V15_10_ALL,CONCRETE,V15_10_ALL,"-26.891042310,-191.916666700,3059.000000000;-25.892019510,-189.194444400,3059.500000000",NEGATIVE_VOLUME
1843,V15_4_FISHWAY,V15_4_FISHWAY_I,V15_10_ALL,CONCRETE,V15_10_ALL,"-27.890065110,-192.138888900,3059.000000000;-26.891042310,-189.416666700,3059.500000000",NEGATIVE_VOLUME
1844,V15_4_FISHWAY,V15_4_FISHWAY_I,V15_10_ALL,CONCRETE,V15_10_ALL,"-28.889087910,-192.361111100,3059.000000000;-27.890065110,-189.638888900,3059.500000000",NEGATIVE_VOLUME
1845,V15_4_FISHWAY,V15_4_FISHWAY_I,V15_10_ALL,CONCRETE,V15_10_ALL,"-29.888110720,-192.583333300,3059.000000000;-28.889087910,-189.861111100,3059.500000000",NEGATIVE_VOLUME
1846,V15_4_FISHWAY,V15_4_FISHWAY_I,V15_10_ALL,CONCRETE,V15_10_ALL,"-30.887133520,-192.805555600,3059.000000000;-29.888110720,-190.083333300,3059.500000000",NEGATIVE_VOLUME
1847,V15_4_FISHWAY,V15_4_FISHWAY_I,V15_10_ALL,CONCRETE,V15_10_ALL,"-31.886156320,-193.027777800,3059.000000000;-30.887133520,-190.305555600,3059.500000000",NEGATIVE_VOLUME
1848,V15_4_FISHWAY,V15_4_FISHWAY_I,V15_10_ALL,CONCRETE,V15_10_ALL,"-32.885179120,-193.250000000,3059.000000000;-31.886156320,-190.527777800,3059.500000000",NEGATIVE_VOLUME
1849,V15_4_FISHWAY,V15_4_FISHWAY_I,V15_10_ALL,CONCRETE,V15_10_ALL,"-33.884201920,-193.472222200,3059.000000000;-32.885179120,-190.750000000,3059.500000000",NEGATIVE_VOLUME
1850,V15_4_FISHWAY,V15_4_FISHWAY_I,V15_10_ALL,CONCRETE,V15_10_ALL,"-34.883224730,-193.694444400,3059.000000000;-33.884201920,-190.972222200,3059.500000000",NEGATIVE_VOLUME
1851,V15_4_FISHWAY,V15_4_FISHWAY_I,V15_10_ALL,CONCRETE,V15_10_ALL,"-35.882247530,-193.916666700,3059.000000000;-34.883224730,-191.194444400,3059.500000000",NEGATIVE_VOLUME
1852,V15_4_FISHWAY,V15_4_FISHWAY_I,V15_10_ALL,CONCRETE,V15_10_ALL,"-36.881270330,-194.138888900,3059.000000000;-35.882247530,-191.416666700,3059.500000000",NEGATIVE_VOLUME
1853,V15_4_FISHWAY,V15_4_FISHWAY_I,V15_10_ALL,CONCRETE,V15_10_ALL,"-37.880293130,-194.361111100,3059.000000000;-36.881270330,-191.638888900,3059.500000000",NEGATIVE_VOLUME
1854,V15_4_FISHWAY,V15_4_FISHWAY_I,V15_10_ALL,CONCRETE,V15_10_ALL,"-38.879315930,-194.583333300,3059.000000000;-37.880293130,-191.861111100,3059.500000000",NEGATIVE_VOLUME
1855,V15_4_FISHWAY,V15_4_FISHWAY_I,V15_10_ALL,CONCRETE,V15_10_ALL,"-39.878338740,-194.805555600,3059.000000000;-38.879315930,-192.083333300,3059.500000000",NEGATIVE_VOLUME
1856,V15_4_FISHWAY,V15_4_FISHWAY_I,V15_10_ALL,CONCRETE,V15_10_ALL,"-40.877361540,-195.027777800,3059.000000000;-39.878338740,-192.305555600,3059.500000000",NEGATIVE_VOLUME
1857,V15_4_FISHWAY,V15_4_FISHWAY_I,V15_10_ALL,CONCRETE,V15_10_ALL,"-41.876384340,-195.250000000,3059.000000000;-40.877361540,-192.527777800,3059.500000000",NEGATIVE_VOLUME
1858,V15_4_FISHWAY,V15_4_FISHWAY_I,V15_10_ALL,CONCRETE,V15_10_ALL,"-42.875407140,-195.472222200,3059.000000000;-41.876384340,-192.750000000,3059.500000000",NEGATIVE_VOLUME
1859,V15_4_FISHWAY,V15_4_FISHWAY_I,V15_10_ALL,CONCRETE,V15_10_ALL,"-43.874429950,-195.694444400,3059.000000000;-42.875407140,-192.972222200,3059.500000000",NEGATIVE_VOLUME
1860,V15_4_FISHWAY,V15_4_FISHWAY_I,V15_10_ALL,CONCRETE,V15_10_ALL,"-44.873452750,-195.916666700,3059.000000000;-43.874429950,-193.194444400,3059.500000000",NEGATIVE_VOLUME
1861,V15_4_FISHWAY,V15_4_FISHWAY_I,V15_10_ALL,CONCRETE,V15_10_ALL,"-45.872475550,-196.138888900,3059.000000000;-44.873452750,-193.416666700,3059.500000000",NEGATIVE_VOLUME
1862,V15_4_FISHWAY,V15_4_FISHWAY_I,V15_10_ALL,CONCRETE,V15_10_ALL,"-46.871498350,-196.361111100,3059.000000000;-45.872475550,-193.638888900,3059.500000000",NEGATIVE_VOLUME
1863,V15_4_FISHWAY,V15_4_FISHWAY_I,V15_10_ALL,CONCRETE,V15_10_ALL,"-47.870521150,-196.583333300,3059.000000000;-46.871498350,-193.861111100,3059.500000000",NEGATIVE_VOLUME
1864,V15_4_FISHWAY,V15_4_FISHWAY_I,V15_10_ALL,CONCRETE,V15_10_ALL,"-48.869543960,-196.805555600,3059.000000000;-47.870521150,-194.083333300,3059.500000000",NEGATIVE_VOLUME
1865,V15_4_FISHWAY,V15_4_FISHWAY_I,V15_10_ALL,CONCRETE,V15_10_ALL,"-49.868566760,-197.027777800,3059.000000000;-48.869543960,-194.305555600,3059.500000000",NEGATIVE_VOLUME
1866,V15_4_FISHWAY,V15_4_FISHWAY_I,V15_10_ALL,CONCRETE,V15_10_ALL,"-50.867589560,-197.250000000,3059.000000000;-49.868566760,-194.527777800,3059.500000000",NEGATIVE_VOLUME
1867,V15_4_FISHWAY,V15_4_FISHWAY_I,V15_10_ALL,CONCRETE,V15_10_ALL,"-51.866612360,-197.472222200,3059.000000000;-50.867589560,-194.750000000,3059.500000000",NEGATIVE_VOLUME
1868,V15_4_FISHWAY,V15_4_FISHWAY_I,V15_10_ALL,CONCRETE,V15_10_ALL,"-52.865635170,-197.694444400,3059.000000000;-51.866612360,-194.972222200,3059.500000000",NEGATIVE_VOLUME
1869,V15_4_FISHWAY,V15_4_FISHWAY_I,V15_10_ALL,CONCRETE,V15_10_ALL,"-53.864657970,-197.916666700,3059.000000000;-52.865635170,-195.194444400,3059.500000000",NEGATIVE_VOLUME
1870,V15_4_FISHWAY,V15_4_FISHWAY_I,V15_10_ALL,CONCRETE,V15_10_ALL,"-54.863680770,-198.138888900,3059.000000000;-53.864657970,-195.416666700,3059.500000000",NEGATIVE_VOLUME
1871,V15_4_FISHWAY,V15_4_FISHWAY_I,V15_10_ALL,CONCRETE,V15_10_ALL,"-55.862703570,-198.361111100,3059.000000000;-54.863680770,-195.638888900,3059.500000000",NEGATIVE_VOLUME
1872,V15_4_FISHWAY,V15_4_FISHWAY_I,V15_10_ALL,CONCRETE,V15_10_ALL,"-56.861726370,-198.583333300,3059.000000000;-55.862703570,-195.861111100,3059.500000000",NEGATIVE_VOLUME
1873,V15_4_FISHWAY,V15_4_FISHWAY_I,V15_10_ALL,CONCRETE,V15_10_ALL,"-57.860749180,-198.805555600,3059.000000000;-56.861726370,-196.083333300,3059.500000000",NEGATIVE_VOLUME
1874,V15_4_FISHWAY,V15_4_FISHWAY_I,V15_10_ALL,CONCRETE,V15_10_ALL,"-58.859771980,-199.027777800,3059.000000000;-57.860749180,-196.305555600,3059.500000000",NEGATIVE_VOLUME
1875,V15_4_FISHWAY,V15_4_FISHWAY_I,V15_10_ALL,CONCRETE,V15_10_ALL,"-59.858794780,-199.250000000,3059.000000000;-58.859771980,-196.527777800,3059.500000000",NEGATIVE_VOLUME
1876,V15_4_FISHWAY,V15_4_FISHWAY_I,V15_10_ALL,CONCRETE,V15_10_ALL,"-60.857817580,-199.472222200,3059.000000000;-59.858794780,-196.750000000,3059.500000000",NEGATIVE_VOLUME
1877,V15_4_FISHWAY,V15_4_FISHWAY_I,V15_10_ALL,CONCRETE,V15_10_ALL,"-61.856840380,-199.694444400,3059.000000000;-60.857817580,-196.972222200,3059.500000000",NEGATIVE_VOLUME
1878,V15_4_FISHWAY,V15_4_FISHWAY_I,V15_10_ALL,CONCRETE,V15_10_ALL,"-62.855863190,-199.916666700,3059.000000000;-61.856840380,-197.194444400,3059.500000000",NEGATIVE_VOLUME
1879,V15_4_FISHWAY,V15_4_FISHWAY_I,V15_10_ALL,CONCRETE,V15_10_ALL,"-63.854885990,-200.138888900,3059.000000000;-62.855863190,-197.416666700,3059.500000000",NEGATIVE_VOLUME
1880,V15_4_FISHWAY,V15_4_FISHWAY_I,V15_10_ALL,CONCRETE,V15_10_ALL,"-64.853908790,-200.361111100,3059.000000000;-63.854885990,-197.638888900,3059.500000000",NEGATIVE_VOLUME
1881,V15_4_FISHWAY,V15_4_FISHWAY_I,V15_10_ALL,CONCRETE,V15_10_ALL,"-65.852931590,-200.583333300,3059.000000000;-64.853908790,-197.861111100,3059.500000000",NEGATIVE_VOLUME
1882,V15_4_FISHWAY,V15_4_FISHWAY_I,V15_10_ALL,CONCRETE,V15_10_ALL,"-66.851954400,-200.805555600,3059.000000000;-65.852931590,-198.083333300,3059.500000000",NEGATIVE_VOLUME
1883,V15_4_FISHWAY,V15_4_FISHWAY_I,V15_10_ALL,CONCRETE,V15_10_ALL,"-67.850977200,-201.027777800,3059.000000000;-66.851954400,-198.305555600,3059.500000000",NEGATIVE_VOLUME
1884,V15_4_FISHWAY,V15_4_FISHWAY_I,V15_10_ALL,CONCRETE,V15_10_ALL,"-68.850000000,-201.250000000,3059.000000000;-67.850977200,-198.527777800,3059.500000000",NEGATIVE_VOLUME
1885,V15_4_FISHWAY,V15_4_FISHWAY_I,V15_10_ALL,CONCRETE,V15_10_ALL,"379.711238200,-101.472222200,3059.500000000;380.710261000,-101.000000000,3061.500000000",NEGATIVE_VOLUME
1886,V15_4_FISHWAY,V15_4_FISHWAY_I,V15_10_ALL,CONCRETE,V15_10_ALL,"378.712215400,-101.694444400,3059.500000000;379.711238200,-101.222222200,3061.500000000",NEGATIVE_VOLUME
1887,V15_4_FISHWAY,V15_4_FISHWAY_I,V15_10_ALL,CONCRETE,V15_10_ALL,"377.713192600,-101.916666700,3059.500000000;378.712215400,-101.444444400,3061.500000000",NEGATIVE_VOLUME
1888,V15_4_FISHWAY,V15_4_FISHWAY_I,V15_10_ALL,CONCRETE,V15_10_ALL,"376.714169800,-102.138888900,3059.500000000;377.713192600,-101.666666700,3061.500000000",NEGATIVE_VOLUME
1889,V15_4_FISHWAY,V15_4_FISHWAY_I,V15_10_ALL,CONCRETE,V15_10_ALL,"375.715147000,-102.361111100,3059.500000000;376.714169800,-101.888888900,3061.500000000",NEGATIVE_VOLUME
1890,V15_4_FISHWAY,V15_4_FISHWAY_I,V15_10_ALL,CONCRETE,V15_10_ALL,"374.716124200,-102.583333300,3059.500000000;375.715147000,-102.111111100,3061.500000000",NEGATIVE_VOLUME
1891,V15_4_FISHWAY,V15_4_FISHWAY_I,V15_10_ALL,CONCRETE,V15_10_ALL,"373.717101400,-102.805555600,3059.500000000;374.716124200,-102.333333300,3061.500000000",NEGATIVE_VOLUME
1892,V15_4_FISHWAY,V15_4_FISHWAY_I,V15_10_ALL,CONCRETE,V15_10_ALL,"372.718078600,-103.027777800,3059.500000000;373.717101400,-102.555555600,3061.500000000",NEGATIVE_VOLUME
1893,V15_4_FISHWAY,V15_4_FISHWAY_I,V15_10_ALL,CONCRETE,V15_10_ALL,"371.719055800,-103.250000000,3059.500000000;372.718078600,-102.777777800,3061.500000000",NEGATIVE_VOLUME
1894,V15_4_FISHWAY,V15_4_FISHWAY_I,V15_10_ALL,CONCRETE,V15_10_ALL,"370.720033000,-103.472222200,3059.500000000;371.719055800,-103.000000000,3061.500000000",NEGATIVE_VOLUME
1895,V15_4_FISHWAY,V15_4_FISHWAY_I,V15_10_ALL,CONCRETE,V15_10_ALL,"369.721010200,-103.694444400,3059.500000000;370.720033000,-103.222222200,3061.500000000",NEGATIVE_VOLUME
1896,V15_4_FISHWAY,V15_4_FISHWAY_I,V15_10_ALL,CONCRETE,V15_10_ALL,"368.721987400,-103.916666700,3059.500000000;369.721010200,-103.444444400,3061.500000000",NEGATIVE_VOLUME
1897,V15_4_FISHWAY,V15_4_FISHWAY_I,V15_10_ALL,CONCRETE,V15_10_ALL,"367.722964500,-104.138888900,3059.500000000;368.721987400,-103.666666700,3061.500000000",NEGATIVE_VOLUME
1898,V15_4_FISHWAY,V15_4_FISHWAY_I,V15_10_ALL,CONCRETE,V15_10_ALL,"366.723941700,-104.361111100,3059.500000000;367.722964500,-103.888888900,3061.500000000",NEGATIVE_VOLUME
1899,V15_4_FISHWAY,V15_4_FISHWAY_I,V15_10_ALL,CONCRETE,V15_10_ALL,"365.724918900,-104.583333300,3059.500000000;366.723941700,-104.111111100,3061.500000000",NEGATIVE_VOLUME
1900,V15_4_FISHWAY,V15_4_FISHWAY_I,V15_10_ALL,CONCRETE,V15_10_ALL,"364.725896100,-104.805555600,3059.500000000;365.724918900,-104.333333300,3061.500000000",NEGATIVE_VOLUME
1901,V15_4_FISHWAY,V15_4_FISHWAY_I,V15_10_ALL,CONCRETE,V15_10_ALL,"363.726873300,-105.027777800,3059.500000000;364.725896100,-104.555555600,3061.500000000",NEGATIVE_VOLUME
1902,V15_4_FISHWAY,V15_4_FISHWAY_I,V15_10_ALL,CONCRETE,V15_10_ALL,"362.727850500,-105.250000000,3059.500000000;363.726873300,-104.777777800,3061.500000000",NEGATIVE_VOLUME
1903,V15_4_FISHWAY,V15_4_FISHWAY_I,V15_10_ALL,CONCRETE,V15_10_ALL,"361.728827700,-105.472222200,3059.500000000;362.727850500,-105.000000000,3061.500000000",NEGATIVE_VOLUME
1904,V15_4_FISHWAY,V15_4_FISHWAY_I,V15_10_ALL,CONCRETE,V15_10_ALL,"360.729804900,-105.694444400,3059.500000000;361.728827700,-105.222222200,3061.500000000",NEGATIVE_VOLUME
1905,V15_4_FISHWAY,V15_4_FISHWAY_I,V15_10_ALL,CONCRETE,V15_10_ALL,"359.730782100,-105.916666700,3059.500000000;360.729804900,-105.444444400,3061.500000000",NEGATIVE_VOLUME
1906,V15_4_FISHWAY,V15_4_FISHWAY_I,V15_10_ALL,CONCRETE,V15_10_ALL,"358.731759300,-106.138888900,3059.500000000;359.730782100,-105.666666700,3061.500000000",NEGATIVE_VOLUME
1907,V15_4_FISHWAY,V15_4_FISHWAY_I,V15_10_ALL,CONCRETE,V15_10_ALL,"357.732736500,-106.361111100,3059.500000000;358.731759300,-105.888888900,3061.500000000",NEGATIVE_VOLUME
1908,V15_4_FISHWAY,V15_4_FISHWAY_I,V15_10_ALL,CONCRETE,V15_10_ALL,"356.733713700,-106.583333300,3059.500000000;357.732736500,-106.111111100,3061.500000000",NEGATIVE_VOLUME
1909,V15_4_FISHWAY,V15_4_FISHWAY_I,V15_10_ALL,CONCRETE,V15_10_ALL,"355.734690900,-106.805555600,3059.500000000;356.733713700,-106.333333300,3061.500000000",NEGATIVE_VOLUME
1910,V15_4_FISHWAY,V15_4_FISHWAY_I,V15_10_ALL,CONCRETE,V15_10_ALL,"354.735668100,-107.027777800,3059.500000000;355.734690900,-106.555555600,3061.500000000",NEGATIVE_VOLUME
1911,V15_4_FISHWAY,V15_4_FISHWAY_I,V15_10_ALL,CONCRETE,V15_10_ALL,"353.736645300,-107.250000000,3059.500000000;354.735668100,-106.777777800,3061.500000000",NEGATIVE_VOLUME
1912,V15_4_FISHWAY,V15_4_FISHWAY_I,V15_10_ALL,CONCRETE,V15_10_ALL,"352.737622500,-107.472222200,3059.500000000;353.736645300,-107.000000000,3061.500000000",NEGATIVE_VOLUME
1913,V15_4_FISHWAY,V15_4_FISHWAY_I,V15_10_ALL,CONCRETE,V15_10_ALL,"351.738599700,-107.694444400,3059.500000000;352.737622500,-107.222222200,3061.500000000",NEGATIVE_VOLUME
1914,V15_4_FISHWAY,V15_4_FISHWAY_I,V15_10_ALL,CONCRETE,V15_10_ALL,"350.739576900,-107.916666700,3059.500000000;351.738599700,-107.444444400,3061.500000000",NEGATIVE_VOLUME
1915,V15_4_FISHWAY,V15_4_FISHWAY_I,V15_10_ALL,CONCRETE,V15_10_ALL,"349.740554100,-108.138888900,3059.500000000;350.739576900,-107.666666700,3061.500000000",NEGATIVE_VOLUME
1916,V15_4_FISHWAY,V15_4_FISHWAY_I,V15_10_ALL,CONCRETE,V15_10_ALL,"348.741531300,-108.361111100,3059.500000000;349.740554100,-107.888888900,3061.500000000",NEGATIVE_VOLUME
1917,V15_4_FISHWAY,V15_4_FISHWAY_I,V15_10_ALL,CONCRETE,V15_10_ALL,"347.742508500,-108.583333300,3059.500000000;348.741531300,-108.111111100,3061.500000000",NEGATIVE_VOLUME
1918,V15_4_FISHWAY,V15_4_FISHWAY_I,V15_10_ALL,CONCRETE,V15_10_ALL,"346.743485700,-108.805555600,3059.500000000;347.742508500,-108.333333300,3061.500000000",NEGATIVE_VOLUME
1919,V15_4_FISHWAY,V15_4_FISHWAY_I,V15_10_ALL,CONCRETE,V15_10_ALL,"345.744462900,-109.027777800,3059.500000000;346.743485700,-108.555555600,3061.500000000",NEGATIVE_VOLUME
1920,V15_4_FISHWAY,V15_4_FISHWAY_I,V15_10_ALL,CONCRETE,V15_10_ALL,"344.745440100,-109.250000000,3059.500000000;345.744462900,-108.777777800,3061.500000000",NEGATIVE_VOLUME
1921,V15_4_FISHWAY,V15_4_FISHWAY_I,V15_10_ALL,CONCRETE,V15_10_ALL,"343.746417300,-109.472222200,3059.500000000;344.745440100,-109.000000000,3061.500000000",NEGATIVE_VOLUME
1922,V15_4_FISHWAY,V15_4_FISHWAY_I,V15_10_ALL,CONCRETE,V15_10_ALL,"342.747394500,-109.694444400,3059.500000000;343.746417300,-109.222222200,3061.500000000",NEGATIVE_VOLUME
1923,V15_4_FISHWAY,V15_4_FISHWAY_I,V15_10_ALL,CONCRETE,V15_10_ALL,"341.748371700,-109.916666700,3059.500000000;342.747394500,-109.444444400,3061.500000000",NEGATIVE_VOLUME
1924,V15_4_FISHWAY,V15_4_FISHWAY_I,V15_10_ALL,CONCRETE,V15_10_ALL,"340.749348900,-110.138888900,3059.500000000;341.748371700,-109.666666700,3061.500000000",NEGATIVE_VOLUME
1925,V15_4_FISHWAY,V15_4_FISHWAY_I,V15_10_ALL,CONCRETE,V15_10_ALL,"339.750326100,-110.361111100,3059.500000000;340.749348900,-109.888888900,3061.500000000",NEGATIVE_VOLUME
1926,V15_4_FISHWAY,V15_4_FISHWAY_I,V15_10_ALL,CONCRETE,V15_10_ALL,"338.751303300,-110.583333300,3059.500000000;339.750326100,-110.111111100,3061.500000000",NEGATIVE_VOLUME
1927,V15_4_FISHWAY,V15_4_FISHWAY_I,V15_10_ALL,CONCRETE,V15_10_ALL,"337.752280500,-110.805555600,3059.500000000;338.751303300,-110.333333300,3061.500000000",NEGATIVE_VOLUME
1928,V15_4_FISHWAY,V15_4_FISHWAY_I,V15_10_ALL,CONCRETE,V15_10_ALL,"336.753257700,-111.027777800,3059.500000000;337.752280500,-110.555555600,3061.500000000",NEGATIVE_VOLUME
1929,V15_4_FISHWAY,V15_4_FISHWAY_I,V15_10_ALL,CONCRETE,V15_10_ALL,"335.754234900,-111.250000000,3059.500000000;336.753257700,-110.777777800,3061.500000000",NEGATIVE_VOLUME
1930,V15_4_FISHWAY,V15_4_FISHWAY_I,V15_10_ALL,CONCRETE,V15_10_ALL,"334.755212100,-111.472222200,3059.500000000;335.754234900,-111.000000000,3061.500000000",NEGATIVE_VOLUME
1931,V15_4_FISHWAY,V15_4_FISHWAY_I,V15_10_ALL,CONCRETE,V15_10_ALL,"333.756189300,-111.694444400,3059.500000000;334.755212100,-111.222222200,3061.500000000",NEGATIVE_VOLUME
1932,V15_4_FISHWAY,V15_4_FISHWAY_I,V15_10_ALL,CONCRETE,V15_10_ALL,"332.757166500,-111.916666700,3059.500000000;333.756189300,-111.444444400,3061.500000000",NEGATIVE_VOLUME
1933,V15_4_FISHWAY,V15_4_FISHWAY_I,V15_10_ALL,CONCRETE,V15_10_ALL,"331.758143700,-112.138888900,3059.500000000;332.757166500,-111.666666700,3061.500000000",NEGATIVE_VOLUME
1934,V15_4_FISHWAY,V15_4_FISHWAY_I,V15_10_ALL,CONCRETE,V15_10_ALL,"330.759120900,-112.361111100,3059.500000000;331.758143700,-111.888888900,3061.500000000",NEGATIVE_VOLUME
1935,V15_4_FISHWAY,V15_4_FISHWAY_I,V15_10_ALL,CONCRETE,V15_10_ALL,"329.760098100,-112.583333300,3059.500000000;330.759120900,-112.111111100,3061.500000000",NEGATIVE_VOLUME
1936,V15_4_FISHWAY,V15_4_FISHWAY_I,V15_10_ALL,CONCRETE,V15_10_ALL,"328.761075300,-112.805555600,3059.500000000;329.760098100,-112.333333300,3061.500000000",NEGATIVE_VOLUME
1937,V15_4_FISHWAY,V15_4_FISHWAY_I,V15_10_ALL,CONCRETE,V15_10_ALL,"327.762052500,-113.027777800,3059.500000000;328.761075300,-112.555555600,3061.500000000",NEGATIVE_VOLUME
1938,V15_4_FISHWAY,V15_4_FISHWAY_I,V15_10_ALL,CONCRETE,V15_10_ALL,"326.763029700,-113.250000000,3059.500000000;327.762052500,-112.777777800,3061.500000000",NEGATIVE_VOLUME
1939,V15_4_FISHWAY,V15_4_FISHWAY_I,V15_10_ALL,CONCRETE,V15_10_ALL,"325.764006900,-113.472222200,3059.500000000;326.763029700,-113.000000000,3061.500000000",NEGATIVE_VOLUME
1940,V15_4_FISHWAY,V15_4_FISHWAY_I,V15_10_ALL,CONCRETE,V15_10_ALL,"324.764984100,-113.694444400,3059.500000000;325.764006900,-113.222222200,3061.500000000",NEGATIVE_VOLUME
1941,V15_4_FISHWAY,V15_4_FISHWAY_I,V15_10_ALL,CONCRETE,V15_10_ALL,"323.765961300,-113.916666700,3059.500000000;324.764984100,-113.444444400,3061.500000000",NEGATIVE_VOLUME
1942,V15_4_FISHWAY,V15_4_FISHWAY_I,V15_10_ALL,CONCRETE,V15_10_ALL,"322.766938500,-114.138888900,3059.500000000;323.765961300,-113.666666700,3061.500000000",NEGATIVE_VOLUME
1943,V15_4_FISHWAY,V15_4_FISHWAY_I,V15_10_ALL,CONCRETE,V15_10_ALL,"321.767915600,-114.361111100,3059.500000000;322.766938500,-113.888888900,3061.500000000",NEGATIVE_VOLUME
1944,V15_4_FISHWAY,V15_4_FISHWAY_I,V15_10_ALL,CONCRETE,V15_10_ALL,"320.768892800,-114.583333300,3059.500000000;321.767915600,-114.111111100,3061.500000000",NEGATIVE_VOLUME
1945,V15_4_FISHWAY,V15_4_FISHWAY_I,V15_10_ALL,CONCRETE,V15_10_ALL,"319.769870000,-114.805555600,3059.500000000;320.768892800,-114.333333300,3061.500000000",NEGATIVE_VOLUME
1946,V15_4_FISHWAY,V15_4_FISHWAY_I,V15_10_ALL,CONCRETE,V15_10_ALL,"318.770847200,-115.027777800,3059.500000000;319.769870000,-114.555555600,3061.500000000",NEGATIVE_VOLUME
1947,V15_4_FISHWAY,V15_4_FISHWAY_I,V15_10_ALL,CONCRETE,V15_10_ALL,"317.771824400,-115.250000000,3059.500000000;318.770847200,-114.777777800,3061.500000000",NEGATIVE_VOLUME
1948,V15_4_FISHWAY,V15_4_FISHWAY_I,V15_10_ALL,CONCRETE,V15_10_ALL,"316.772801600,-115.472222200,3059.500000000;317.771824400,-115.000000000,3061.500000000",NEGATIVE_VOLUME
1949,V15_4_FISHWAY,V15_4_FISHWAY_I,V15_10_ALL,CONCRETE,V15_10_ALL,"315.773778800,-115.694444400,3059.500000000;316.772801600,-115.222222200,3061.500000000",NEGATIVE_VOLUME
1950,V15_4_FISHWAY,V15_4_FISHWAY_I,V15_10_ALL,CONCRETE,V15_10_ALL,"314.774756000,-115.916666700,3059.500000000;315.773778800,-115.444444400,3061.500000000",NEGATIVE_VOLUME
1951,V15_4_FISHWAY,V15_4_FISHWAY_I,V15_10_ALL,CONCRETE,V15_10_ALL,"313.775733200,-116.138888900,3059.500000000;314.774756000,-115.666666700,3061.500000000",NEGATIVE_VOLUME
1952,V15_4_FISHWAY,V15_4_FISHWAY_I,V15_10_ALL,CONCRETE,V15_10_ALL,"312.776710400,-116.361111100,3059.500000000;313.775733200,-115.888888900,3061.500000000",NEGATIVE_VOLUME
1953,V15_4_FISHWAY,V15_4_FISHWAY_I,V15_10_ALL,CONCRETE,V15_10_ALL,"311.777687600,-116.583333300,3059.500000000;312.776710400,-116.111111100,3061.500000000",NEGATIVE_VOLUME
1954,V15_4_FISHWAY,V15_4_FISHWAY_I,V15_10_ALL,CONCRETE,V15_10_ALL,"310.778664800,-116.805555600,3059.500000000;311.777687600,-116.333333300,3061.500000000",NEGATIVE_VOLUME
1955,V15_4_FISHWAY,V15_4_FISHWAY_I,V15_10_ALL,CONCRETE,V15_10_ALL,"309.779642000,-117.027777800,3059.500000000;310.778664800,-116.555555600,3061.500000000",NEGATIVE_VOLUME
1956,V15_4_FISHWAY,V15_4_FISHWAY_I,V15_10_ALL,CONCRETE,V15_10_ALL,"308.780619200,-117.250000000,3059.500000000;309.779642000,-116.777777800,3061.500000000",NEGATIVE_VOLUME
1957,V15_4_FISHWAY,V15_4_FISHWAY_I,V15_10_ALL,CONCRETE,V15_10_ALL,"307.781596400,-117.472222200,3059.500000000;308.780619200,-117.000000000,3061.500000000",NEGATIVE_VOLUME
1958,V15_4_FISHWAY,V15_4_FISHWAY_I,V15_10_ALL,CONCRETE,V15_10_ALL,"306.782573600,-117.694444400,3059.500000000;307.781596400,-117.222222200,3061.500000000",NEGATIVE_VOLUME
1959,V15_4_FISHWAY,V15_4_FISHWAY_I,V15_10_ALL,CONCRETE,V15_10_ALL,"305.783550800,-117.916666700,3059.500000000;306.782573600,-117.444444400,3061.500000000",NEGATIVE_VOLUME
1960,V15_4_FISHWAY,V15_4_FISHWAY_I,V15_10_ALL,CONCRETE,V15_10_ALL,"304.784528000,-118.138888900,3059.500000000;305.783550800,-117.666666700,3061.500000000",NEGATIVE_VOLUME
1961,V15_4_FISHWAY,V15_4_FISHWAY_I,V15_10_ALL,CONCRETE,V15_10_ALL,"303.785505200,-118.361111100,3059.500000000;304.784528000,-117.888888900,3061.500000000",NEGATIVE_VOLUME
1962,V15_4_FISHWAY,V15_4_FISHWAY_I,V15_10_ALL,CONCRETE,V15_10_ALL,"302.786482400,-118.583333300,3059.500000000;303.785505200,-118.111111100,3061.500000000",NEGATIVE_VOLUME
1963,V15_4_FISHWAY,V15_4_FISHWAY_I,V15_10_ALL,CONCRETE,V15_10_ALL,"301.787459600,-118.805555600,3059.500000000;302.786482400,-118.333333300,3061.500000000",NEGATIVE_VOLUME
1964,V15_4_FISHWAY,V15_4_FISHWAY_I,V15_10_ALL,CONCRETE,V15_10_ALL,"300.788436800,-119.027777800,3059.500000000;301.787459600,-118.555555600,3061.500000000",NEGATIVE_VOLUME
1965,V15_4_FISHWAY,V15_4_FISHWAY_I,V15_10_ALL,CONCRETE,V15_10_ALL,"299.789414000,-119.250000000,3059.500000000;300.788436800,-118.777777800,3061.500000000",NEGATIVE_VOLUME
1966,V15_4_FISHWAY,V15_4_FISHWAY_I,V15_10_ALL,CONCRETE,V15_10_ALL,"298.790391200,-119.472222200,3059.500000000;299.789414000,-119.000000000,3061.500000000",NEGATIVE_VOLUME
1967,V15_4_FISHWAY,V15_4_FISHWAY_I,V15_10_ALL,CONCRETE,V15_10_ALL,"297.791368400,-119.694444400,3059.500000000;298.790391200,-119.222222200,3061.500000000",NEGATIVE_VOLUME
1968,V15_4_FISHWAY,V15_4_FISHWAY_I,V15_10_ALL,CONCRETE,V15_10_ALL,"296.792345600,-119.916666700,3059.500000000;297.791368400,-119.444444400,3061.500000000",NEGATIVE_VOLUME
1969,V15_4_FISHWAY,V15_4_FISHWAY_I,V15_10_ALL,CONCRETE,V15_10_ALL,"295.793322800,-120.138888900,3059.500000000;296.792345600,-119.666666700,3061.500000000",NEGATIVE_VOLUME
1970,V15_4_FISHWAY,V15_4_FISHWAY_I,V15_10_ALL,CONCRETE,V15_10_ALL,"294.794300000,-120.361111100,3059.500000000;295.793322800,-119.888888900,3061.500000000",NEGATIVE_VOLUME
1971,V15_4_FISHWAY,V15_4_FISHWAY_I,V15_10_ALL,CONCRETE,V15_10_ALL,"293.795277200,-120.583333300,3059.500000000;294.794300000,-120.111111100,3061.500000000",NEGATIVE_VOLUME
1972,V15_4_FISHWAY,V15_4_FISHWAY_I,V15_10_ALL,CONCRETE,V15_10_ALL,"292.796254400,-120.805555600,3059.500000000;293.795277200,-120.333333300,3061.500000000",NEGATIVE_VOLUME
1973,V15_4_FISHWAY,V15_4_FISHWAY_I,V15_10_ALL,CONCRETE,V15_10_ALL,"291.797231600,-121.027777800,3059.500000000;292.796254400,-120.555555600,3061.500000000",NEGATIVE_VOLUME
1974,V15_4_FISHWAY,V15_4_FISHWAY_I,V15_10_ALL,CONCRETE,V15_10_ALL,"290.798208800,-121.250000000,3059.500000000;291.797231600,-120.777777800,3061.500000000",NEGATIVE_VOLUME
1975,V15_4_FISHWAY,V15_4_FISHWAY_I,V15_10_ALL,CONCRETE,V15_10_ALL,"289.799186000,-121.472222200,3059.500000000;290.798208800,-121.000000000,3061.500000000",NEGATIVE_VOLUME
1976,V15_4_FISHWAY,V15_4_FISHWAY_I,V15_10_ALL,CONCRETE,V15_10_ALL,"288.800163200,-121.694444400,3059.500000000;289.799186000,-121.222222200,3061.500000000",NEGATIVE_VOLUME
1977,V15_4_FISHWAY,V15_4_FISHWAY_I,V15_10_ALL,CONCRETE,V15_10_ALL,"287.801140400,-121.916666700,3059.500000000;288.800163200,-121.444444400,3061.500000000",NEGATIVE_VOLUME
1978,V15_4_FISHWAY,V15_4_FISHWAY_I,V15_10_ALL,CONCRETE,V15_10_ALL,"286.802117600,-122.138888900,3059.500000000;287.801140400,-121.666666700,3061.500000000",NEGATIVE_VOLUME
1979,V15_4_FISHWAY,V15_4_FISHWAY_I,V15_10_ALL,CONCRETE,V15_10_ALL,"285.803094800,-122.361111100,3059.500000000;286.802117600,-121.888888900,3061.500000000",NEGATIVE_VOLUME
1980,V15_4_FISHWAY,V15_4_FISHWAY_I,V15_10_ALL,CONCRETE,V15_10_ALL,"284.804072000,-122.583333300,3059.500000000;285.803094800,-122.111111100,3061.500000000",NEGATIVE_VOLUME
1981,V15_4_FISHWAY,V15_4_FISHWAY_I,V15_10_ALL,CONCRETE,V15_10_ALL,"283.805049200,-122.805555600,3059.500000000;284.804072000,-122.333333300,3061.500000000",NEGATIVE_VOLUME
1982,V15_4_FISHWAY,V15_4_FISHWAY_I,V15_10_ALL,CONCRETE,V15_10_ALL,"282.806026400,-123.027777800,3059.500000000;283.805049200,-122.555555600,3061.500000000",NEGATIVE_VOLUME
1983,V15_4_FISHWAY,V15_4_FISHWAY_I,V15_10_ALL,CONCRETE,V15_10_ALL,"281.807003600,-123.250000000,3059.500000000;282.806026400,-122.777777800,3061.500000000",NEGATIVE_VOLUME
1984,V15_4_FISHWAY,V15_4_FISHWAY_I,V15_10_ALL,CONCRETE,V15_10_ALL,"280.807980800,-123.472222200,3059.500000000;281.807003600,-123.000000000,3061.500000000",NEGATIVE_VOLUME
1985,V15_4_FISHWAY,V15_4_FISHWAY_I,V15_10_ALL,CONCRETE,V15_10_ALL,"279.808958000,-123.694444400,3059.500000000;280.807980800,-123.222222200,3061.500000000",NEGATIVE_VOLUME
1986,V15_4_FISHWAY,V15_4_FISHWAY_I,V15_10_ALL,CONCRETE,V15_10_ALL,"278.809935200,-123.916666700,3059.500000000;279.808958000,-123.444444400,3061.500000000",NEGATIVE_VOLUME
1987,V15_4_FISHWAY,V15_4_FISHWAY_I,V15_10_ALL,CONCRETE,V15_10_ALL,"277.810912400,-124.138888900,3059.500000000;278.809935200,-123.666666700,3061.500000000",NEGATIVE_VOLUME
1988,V15_4_FISHWAY,V15_4_FISHWAY_I,V15_10_ALL,CONCRETE,V15_10_ALL,"276.811889600,-124.361111100,3059.500000000;277.810912400,-123.888888900,3061.500000000",NEGATIVE_VOLUME
1989,V15_4_FISHWAY,V15_4_FISHWAY_I,V15_10_ALL,CONCRETE,V15_10_ALL,"275.812866700,-124.583333300,3059.500000000;276.811889600,-124.111111100,3061.500000000",NEGATIVE_VOLUME
1990,V15_4_FISHWAY,V15_4_FISHWAY_I,V15_10_ALL,CONCRETE,V15_10_ALL,"274.813843900,-124.805555600,3059.500000000;275.812866700,-124.333333300,3061.500000000",NEGATIVE_VOLUME
1991,V15_4_FISHWAY,V15_4_FISHWAY_I,V15_10_ALL,CONCRETE,V15_10_ALL,"273.814821100,-125.027777800,3059.500000000;274.813843900,-124.555555600,3061.500000000",NEGATIVE_VOLUME
1992,V15_4_FISHWAY,V15_4_FISHWAY_I,V15_10_ALL,CONCRETE,V15_10_ALL,"272.815798300,-125.250000000,3059.500000000;273.814821100,-124.777777800,3061.500000000",NEGATIVE_VOLUME
1993,V15_4_FISHWAY,V15_4_FISHWAY_I,V15_10_ALL,CONCRETE,V15_10_ALL,"271.816775500,-125.472222200,3059.500000000;272.815798300,-125.000000000,3061.500000000",NEGATIVE_VOLUME
1994,V15_4_FISHWAY,V15_4_FISHWAY_I,V15_10_ALL,CONCRETE,V15_10_ALL,"270.817752700,-125.694444400,3059.500000000;271.816775500,-125.222222200,3061.500000000",NEGATIVE_VOLUME
1995,V15_4_FISHWAY,V15_4_FISHWAY_I,V15_10_ALL,CONCRETE,V15_10_ALL,"269.818729900,-125.916666700,3059.500000000;270.817752700,-125.444444400,3061.500000000",NEGATIVE_VOLUME
1996,V15_4_FISHWAY,V15_4_FISHWAY_I,V15_10_ALL,CONCRETE,V15_10_ALL,"268.819707100,-126.138888900,3059.500000000;269.818729900,-125.666666700,3061.500000000",NEGATIVE_VOLUME
1997,V15_4_FISHWAY,V15_4_FISHWAY_I,V15_10_ALL,CONCRETE,V15_10_ALL,"267.820684300,-126.361111100,3059.500000000;268.819707100,-125.888888900,3061.500000000",NEGATIVE_VOLUME
1998,V15_4_FISHWAY,V15_4_FISHWAY_I,V15_10_ALL,CONCRETE,V15_10_ALL,"266.821661500,-126.583333300,3059.500000000;267.820684300,-126.111111100,3061.500000000",NEGATIVE_VOLUME
1999,V15_4_FISHWAY,V15_4_FISHWAY_I,V15_10_ALL,CONCRETE,V15_10_ALL,"265.822638700,-126.805555600,3059.500000000;266.821661500,-126.333333300,3061.500000000",NEGATIVE_VOLUME
2000,V15_4_FISHWAY,V15_4_FISHWAY_I,V15_10_ALL,CONCRETE,V15_10_ALL,"264.823615900,-127.027777800,3059.500000000;265.822638700,-126.555555600,3061.500000000",NEGATIVE_VOLUME
2001,V15_4_FISHWAY,V15_4_FISHWAY_I,V15_10_ALL,CONCRETE,V15_10_ALL,"263.824593100,-127.250000000,3059.500000000;264.823615900,-126.777777800,3061.500000000",NEGATIVE_VOLUME
2002,V15_4_FISHWAY,V15_4_FISHWAY_I,V15_10_ALL,CONCRETE,V15_10_ALL,"262.825570300,-127.472222200,3059.500000000;263.824593100,-127.000000000,3061.500000000",NEGATIVE_VOLUME
2003,V15_4_FISHWAY,V15_4_FISHWAY_I,V15_10_ALL,CONCRETE,V15_10_ALL,"261.826547500,-127.694444400,3059.500000000;262.825570300,-127.222222200,3061.500000000",NEGATIVE_VOLUME
2004,V15_4_FISHWAY,V15_4_FISHWAY_I,V15_10_ALL,CONCRETE,V15_10_ALL,"260.827524700,-127.916666700,3059.500000000;261.826547500,-127.444444400,3061.500000000",NEGATIVE_VOLUME
2005,V15_4_FISHWAY,V15_4_FISHWAY_I,V15_10_ALL,CONCRETE,V15_10_ALL,"259.828501900,-128.138888900,3059.500000000;260.827524700,-127.666666700,3061.500000000",NEGATIVE_VOLUME
2006,V15_4_FISHWAY,V15_4_FISHWAY_I,V15_10_ALL,CONCRETE,V15_10_ALL,"258.829479100,-128.361111100,3059.500000000;259.828501900,-127.888888900,3061.500000000",NEGATIVE_VOLUME
2007,V15_4_FISHWAY,V15_4_FISHWAY_I,V15_10_ALL,CONCRETE,V15_10_ALL,"257.830456300,-128.583333300,3059.500000000;258.829479100,-128.111111100,3061.500000000",NEGATIVE_VOLUME
2008,V15_4_FISHWAY,V15_4_FISHWAY_I,V15_10_ALL,CONCRETE,V15_10_ALL,"256.831433500,-128.805555600,3059.500000000;257.830456300,-128.333333300,3061.500000000",NEGATIVE_VOLUME
2009,V15_4_FISHWAY,V15_4_FISHWAY_I,V15_10_ALL,CONCRETE,V15_10_ALL,"255.832410700,-129.027777800,3059.500000000;256.831433500,-128.555555600,3061.500000000",NEGATIVE_VOLUME
2010,V15_4_FISHWAY,V15_4_FISHWAY_I,V15_10_ALL,CONCRETE,V15_10_ALL,"254.833387900,-129.250000000,3059.500000000;255.832410700,-128.777777800,3061.500000000",NEGATIVE_VOLUME
2011,V15_4_FISHWAY,V15_4_FISHWAY_I,V15_10_ALL,CONCRETE,V15_10_ALL,"253.834365100,-129.472222200,3059.500000000;254.833387900,-129.000000000,3061.500000000",NEGATIVE_VOLUME
2012,V15_4_FISHWAY,V15_4_FISHWAY_I,V15_10_ALL,CONCRETE,V15_10_ALL,"252.835342300,-129.694444400,3059.500000000;253.834365100,-129.222222200,3061.500000000",NEGATIVE_VOLUME
2013,V15_4_FISHWAY,V15_4_FISHWAY_I,V15_10_ALL,CONCRETE,V15_10_ALL,"251.836319500,-129.916666700,3059.500000000;252.835342300,-129.444444400,3061.500000000",NEGATIVE_VOLUME
2014,V15_4_FISHWAY,V15_4_FISHWAY_I,V15_10_ALL,CONCRETE,V15_10_ALL,"250.837296700,-130.138888900,3059.500000000;251.836319500,-129.666666700,3061.500000000",NEGATIVE_VOLUME
2015,V15_4_FISHWAY,V15_4_FISHWAY_I,V15_10_ALL,CONCRETE,V15_10_ALL,"249.838273900,-130.361111100,3059.500000000;250.837296700,-129.888888900,3061.500000000",NEGATIVE_VOLUME
2016,V15_4_FISHWAY,V15_4_FISHWAY_I,V15_10_ALL,CONCRETE,V15_10_ALL,"248.839251100,-130.583333300,3059.500000000;249.838273900,-130.111111100,3061.500000000",NEGATIVE_VOLUME
2017,V15_4_FISHWAY,V15_4_FISHWAY_I,V15_10_ALL,CONCRETE,V15_10_ALL,"247.840228300,-130.805555600,3059.500000000;248.839251100,-130.333333300,3061.500000000",NEGATIVE_VOLUME
2018,V15_4_FISHWAY,V15_4_FISHWAY_I,V15_10_ALL,CONCRETE,V15_10_ALL,"246.841205500,-131.027777800,3059.500000000;247.840228300,-130.555555600,3061.500000000",NEGATIVE_VOLUME
2019,V15_4_FISHWAY,V15_4_FISHWAY_I,V15_10_ALL,CONCRETE,V15_10_ALL,"245.842182700,-131.250000000,3059.500000000;246.841205500,-130.777777800,3061.500000000",NEGATIVE_VOLUME
2020,V15_4_FISHWAY,V15_4_FISHWAY_I,V15_10_ALL,CONCRETE,V15_10_ALL,"244.843159900,-131.472222200,3059.500000000;245.842182700,-131.000000000,3061.500000000",NEGATIVE_VOLUME
2021,V15_4_FISHWAY,V15_4_FISHWAY_I,V15_10_ALL,CONCRETE,V15_10_ALL,"243.844137100,-131.694444400,3059.500000000;244.843159900,-131.222222200,3061.500000000",NEGATIVE_VOLUME
2022,V15_4_FISHWAY,V15_4_FISHWAY_I,V15_10_ALL,CONCRETE,V15_10_ALL,"242.845114300,-131.916666700,3059.500000000;243.844137100,-131.444444400,3061.500000000",NEGATIVE_VOLUME
2023,V15_4_FISHWAY,V15_4_FISHWAY_I,V15_10_ALL,CONCRETE,V15_10_ALL,"241.846091500,-132.138888900,3059.500000000;242.845114300,-131.666666700,3061.500000000",NEGATIVE_VOLUME
2024,V15_4_FISHWAY,V15_4_FISHWAY_I,V15_10_ALL,CONCRETE,V15_10_ALL,"240.847068700,-132.361111100,3059.500000000;241.846091500,-131.888888900,3061.500000000",NEGATIVE_VOLUME
2025,V15_4_FISHWAY,V15_4_FISHWAY_I,V15_10_ALL,CONCRETE,V15_10_ALL,"239.848045900,-132.583333300,3059.500000000;240.847068700,-132.111111100,3061.500000000",NEGATIVE_VOLUME
2026,V15_4_FISHWAY,V15_4_FISHWAY_I,V15_10_ALL,CONCRETE,V15_10_ALL,"238.849023100,-132.805555600,3059.500000000;239.848045900,-132.333333300,3061.500000000",NEGATIVE_VOLUME
2027,V15_4_FISHWAY,V15_4_FISHWAY_I,V15_10_ALL,CONCRETE,V15_10_ALL,"237.850000300,-133.027777800,3059.500000000;238.849023100,-132.555555600,3061.500000000",NEGATIVE_VOLUME
2028,V15_4_FISHWAY,V15_4_FISHWAY_I,V15_10_ALL,CONCRETE,V15_10_ALL,"236.850977500,-133.250000000,3059.500000000;237.850000300,-132.777777800,3061.500000000",NEGATIVE_VOLUME
2029,V15_4_FISHWAY,V15_4_FISHWAY_I,V15_10_ALL,CONCRETE,V15_10_ALL,"235.851954700,-133.472222200,3059.500000000;236.850977500,-133.000000000,3061.500000000",NEGATIVE_VOLUME
2030,V15_4_FISHWAY,V15_4_FISHWAY_I,V15_10_ALL,CONCRETE,V15_10_ALL,"234.852931900,-133.694444400,3059.500000000;235.851954700,-133.222222200,3061.500000000",NEGATIVE_VOLUME
2031,V15_4_FISHWAY,V15_4_FISHWAY_I,V15_10_ALL,CONCRETE,V15_10_ALL,"233.853909100,-133.916666700,3059.500000000;234.852931900,-133.444444400,3061.500000000",NEGATIVE_VOLUME
2032,V15_4_FISHWAY,V15_4_FISHWAY_I,V15_10_ALL,CONCRETE,V15_10_ALL,"232.854886300,-134.138888900,3059.500000000;233.853909100,-133.666666700,3061.500000000",NEGATIVE_VOLUME
2033,V15_4_FISHWAY,V15_4_FISHWAY_I,V15_10_ALL,CONCRETE,V15_10_ALL,"231.855863500,-134.361111100,3059.500000000;232.854886300,-133.888888900,3061.500000000",NEGATIVE_VOLUME
2034,V15_4_FISHWAY,V15_4_FISHWAY_I,V15_10_ALL,CONCRETE,V15_10_ALL,"230.856840700,-134.583333300,3059.500000000;231.855863500,-134.111111100,3061.500000000",NEGATIVE_VOLUME
2035,V15_4_FISHWAY,V15_4_FISHWAY_I,V15_10_ALL,CONCRETE,V15_10_ALL,"229.857817800,-134.805555600,3059.500000000;230.856840700,-134.333333300,3061.500000000",NEGATIVE_VOLUME
2036,V15_4_FISHWAY,V15_4_FISHWAY_I,V15_10_ALL,CONCRETE,V15_10_ALL,"228.858795000,-135.027777800,3059.500000000;229.857817800,-134.555555600,3061.500000000",NEGATIVE_VOLUME
2037,V15_4_FISHWAY,V15_4_FISHWAY_I,V15_10_ALL,CONCRETE,V15_10_ALL,"227.859772200,-135.250000000,3059.500000000;228.858795000,-134.777777800,3061.500000000",NEGATIVE_VOLUME
2038,V15_4_FISHWAY,V15_4_FISHWAY_I,V15_10_ALL,CONCRETE,V15_10_ALL,"226.860749400,-135.472222200,3059.500000000;227.859772200,-135.000000000,3061.500000000",NEGATIVE_VOLUME
2039,V15_4_FISHWAY,V15_4_FISHWAY_I,V15_10_ALL,CONCRETE,V15_10_ALL,"225.861726600,-135.694444400,3059.500000000;226.860749400,-135.222222200,3061.500000000",NEGATIVE_VOLUME
2040,V15_4_FISHWAY,V15_4_FISHWAY_I,V15_10_ALL,CONCRETE,V15_10_ALL,"224.862703800,-135.916666700,3059.500000000;225.861726600,-135.444444400,3061.500000000",NEGATIVE_VOLUME
2041,V15_4_FISHWAY,V15_4_FISHWAY_I,V15_10_ALL,CONCRETE,V15_10_ALL,"223.863681000,-136.138888900,3059.500000000;224.862703800,-135.666666700,3061.500000000",NEGATIVE_VOLUME
2042,V15_4_FISHWAY,V15_4_FISHWAY_I,V15_10_ALL,CONCRETE,V15_10_ALL,"222.864658200,-136.361111100,3059.500000000;223.863681000,-135.888888900,3061.500000000",NEGATIVE_VOLUME
2043,V15_4_FISHWAY,V15_4_FISHWAY_I,V15_10_ALL,CONCRETE,V15_10_ALL,"221.865635400,-136.583333300,3059.500000000;222.864658200,-136.111111100,3061.500000000",NEGATIVE_VOLUME
2044,V15_4_FISHWAY,V15_4_FISHWAY_I,V15_10_ALL,CONCRETE,V15_10_ALL,"220.866612600,-136.805555600,3059.500000000;221.865635400,-136.333333300,3061.500000000",NEGATIVE_VOLUME
2045,V15_4_FISHWAY,V15_4_FISHWAY_I,V15_10_ALL,CONCRETE,V15_10_ALL,"219.867589800,-137.027777800,3059.500000000;220.866612600,-136.555555600,3061.500000000",NEGATIVE_VOLUME
2046,V15_4_FISHWAY,V15_4_FISHWAY_I,V15_10_ALL,CONCRETE,V15_10_ALL,"218.868567000,-137.250000000,3059.500000000;219.867589800,-136.777777800,3061.500000000",NEGATIVE_VOLUME
2047,V15_4_FISHWAY,V15_4_FISHWAY_I,V15_10_ALL,CONCRETE,V15_10_ALL,"217.869544200,-137.472222200,3059.500000000;218.868567000,-137.000000000,3061.500000000",NEGATIVE_VOLUME
2048,V15_4_FISHWAY,V15_4_FISHWAY_I,V15_10_ALL,CONCRETE,V15_10_ALL,"216.870521400,-137.694444400,3059.500000000;217.869544200,-137.222222200,3061.500000000",NEGATIVE_VOLUME
2049,V15_4_FISHWAY,V15_4_FISHWAY_I,V15_10_ALL,CONCRETE,V15_10_ALL,"215.871498600,-137.916666700,3059.500000000;216.870521400,-137.444444400,3061.500000000",NEGATIVE_VOLUME
2050,V15_4_FISHWAY,V15_4_FISHWAY_I,V15_10_ALL,CONCRETE,V15_10_ALL,"214.872475800,-138.138888900,3059.500000000;215.871498600,-137.666666700,3061.500000000",NEGATIVE_VOLUME
2051,V15_4_FISHWAY,V15_4_FISHWAY_I,V15_10_ALL,CONCRETE,V15_10_ALL,"213.873453000,-138.361111100,3059.500000000;214.872475800,-137.888888900,3061.500000000",NEGATIVE_VOLUME
2052,V15_4_FISHWAY,V15_4_FISHWAY_I,V15_10_ALL,CONCRETE,V15_10_ALL,"212.874430200,-138.583333300,3059.500000000;213.873453000,-138.111111100,3061.500000000",NEGATIVE_VOLUME
2053,V15_4_FISHWAY,V15_4_FISHWAY_I,V15_10_ALL,CONCRETE,V15_10_ALL,"211.875407400,-138.805555600,3059.500000000;212.874430200,-138.333333300,3061.500000000",NEGATIVE_VOLUME
2054,V15_4_FISHWAY,V15_4_FISHWAY_I,V15_10_ALL,CONCRETE,V15_10_ALL,"210.876384600,-139.027777800,3059.500000000;211.875407400,-138.555555600,3061.500000000",NEGATIVE_VOLUME
2055,V15_4_FISHWAY,V15_4_FISHWAY_I,V15_10_ALL,CONCRETE,V15_10_ALL,"209.877361800,-139.250000000,3059.500000000;210.876384600,-138.777777800,3061.500000000",NEGATIVE_VOLUME
2056,V15_4_FISHWAY,V15_4_FISHWAY_I,V15_10_ALL,CONCRETE,V15_10_ALL,"208.878339000,-139.472222200,3059.500000000;209.877361800,-139.000000000,3061.500000000",NEGATIVE_VOLUME
2057,V15_4_FISHWAY,V15_4_FISHWAY_I,V15_10_ALL,CONCRETE,V15_10_ALL,"207.879316200,-139.694444400,3059.500000000;208.878339000,-139.222222200,3061.500000000",NEGATIVE_VOLUME
2058,V15_4_FISHWAY,V15_4_FISHWAY_I,V15_10_ALL,CONCRETE,V15_10_ALL,"206.880293400,-139.916666700,3059.500000000;207.879316200,-139.444444400,3061.500000000",NEGATIVE_VOLUME
2059,V15_4_FISHWAY,V15_4_FISHWAY_I,V15_10_ALL,CONCRETE,V15_10_ALL,"205.881270600,-140.138888900,3059.500000000;206.880293400,-139.666666700,3061.500000000",NEGATIVE_VOLUME
2060,V15_4_FISHWAY,V15_4_FISHWAY_I,V15_10_ALL,CONCRETE,V15_10_ALL,"204.882247800,-140.361111100,3059.500000000;205.881270600,-139.888888900,3061.500000000",NEGATIVE_VOLUME
2061,V15_4_FISHWAY,V15_4_FISHWAY_I,V15_10_ALL,CONCRETE,V15_10_ALL,"203.883225000,-140.583333300,3059.500000000;204.882247800,-140.111111100,3061.500000000",NEGATIVE_VOLUME
2062,V15_4_FISHWAY,V15_4_FISHWAY_I,V15_10_ALL,CONCRETE,V15_10_ALL,"202.884202200,-140.805555600,3059.500000000;203.883225000,-140.333333300,3061.500000000",NEGATIVE_VOLUME
2063,V15_4_FISHWAY,V15_4_FISHWAY_I,V15_10_ALL,CONCRETE,V15_10_ALL,"201.885179400,-141.027777800,3059.500000000;202.884202200,-140.555555600,3061.500000000",NEGATIVE_VOLUME
2064,V15_4_FISHWAY,V15_4_FISHWAY_I,V15_10_ALL,CONCRETE,V15_10_ALL,"200.886156600,-141.250000000,3059.500000000;201.885179400,-140.777777800,3061.500000000",NEGATIVE_VOLUME
2065,V15_4_FISHWAY,V15_4_FISHWAY_I,V15_10_ALL,CONCRETE,V15_10_ALL,"199.887133800,-141.472222200,3059.500000000;200.886156600,-141.000000000,3061.500000000",NEGATIVE_VOLUME
2066,V15_4_FISHWAY,V15_4_FISHWAY_I,V15_10_ALL,CONCRETE,V15_10_ALL,"198.888111000,-141.694444400,3059.500000000;199.887133800,-141.222222200,3061.500000000",NEGATIVE_VOLUME
2067,V15_4_FISHWAY,V15_4_FISHWAY_I,V15_10_ALL,CONCRETE,V15_10_ALL,"197.889088200,-141.916666700,3059.500000000;198.888111000,-141.444444400,3061.500000000",NEGATIVE_VOLUME
2068,V15_4_FISHWAY,V15_4_FISHWAY_I,V15_10_ALL,CONCRETE,V15_10_ALL,"196.890065400,-142.138888900,3059.500000000;197.889088200,-141.666666700,3061.500000000",NEGATIVE_VOLUME
2069,V15_4_FISHWAY,V15_4_FISHWAY_I,V15_10_ALL,CONCRETE,V15_10_ALL,"195.891042600,-142.361111100,3059.500000000;196.890065400,-141.888888900,3061.500000000",NEGATIVE_VOLUME
2070,V15_4_FISHWAY,V15_4_FISHWAY_I,V15_10_ALL,CONCRETE,V15_10_ALL,"194.892019800,-142.583333300,3059.500000000;195.891042600,-142.111111100,3061.500000000",NEGATIVE_VOLUME
2071,V15_4_FISHWAY,V15_4_FISHWAY_I,V15_10_ALL,CONCRETE,V15_10_ALL,"193.892997000,-142.805555600,3059.500000000;194.892019800,-142.333333300,3061.500000000",NEGATIVE_VOLUME
2072,V15_4_FISHWAY,V15_4_FISHWAY_I,V15_10_ALL,CONCRETE,V15_10_ALL,"192.893974200,-143.027777800,3059.500000000;193.892997000,-142.555555600,3061.500000000",NEGATIVE_VOLUME
2073,V15_4_FISHWAY,V15_4_FISHWAY_I,V15_10_ALL,CONCRETE,V15_10_ALL,"191.894951400,-143.250000000,3059.500000000;192.893974200,-142.777777800,3061.500000000",NEGATIVE_VOLUME
2074,V15_4_FISHWAY,V15_4_FISHWAY_I,V15_10_ALL,CONCRETE,V15_10_ALL,"190.895928600,-143.472222200,3059.500000000;191.894951400,-143.000000000,3061.500000000",NEGATIVE_VOLUME
2075,V15_4_FISHWAY,V15_4_FISHWAY_I,V15_10_ALL,CONCRETE,V15_10_ALL,"189.896905800,-143.694444400,3059.500000000;190.895928600,-143.222222200,3061.500000000",NEGATIVE_VOLUME
2076,V15_4_FISHWAY,V15_4_FISHWAY_I,V15_10_ALL,CONCRETE,V15_10_ALL,"188.897883000,-143.916666700,3059.500000000;189.896905800,-143.444444400,3061.500000000",NEGATIVE_VOLUME
2077,V15_4_FISHWAY,V15_4_FISHWAY_I,V15_10_ALL,CONCRETE,V15_10_ALL,"187.898860200,-144.138888900,3059.500000000;188.897883000,-143.666666700,3061.500000000",NEGATIVE_VOLUME
2078,V15_4_FISHWAY,V15_4_FISHWAY_I,V15_10_ALL,CONCRETE,V15_10_ALL,"186.899837400,-144.361111100,3059.500000000;187.898860200,-143.888888900,3061.500000000",NEGATIVE_VOLUME
2079,V15_4_FISHWAY,V15_4_FISHWAY_I,V15_10_ALL,CONCRETE,V15_10_ALL,"185.900814600,-144.583333300,3059.500000000;186.899837400,-144.111111100,3061.500000000",NEGATIVE_VOLUME
2080,V15_4_FISHWAY,V15_4_FISHWAY_I,V15_10_ALL,CONCRETE,V15_10_ALL,"184.901791800,-144.805555600,3059.500000000;185.900814600,-144.333333300,3061.500000000",NEGATIVE_VOLUME
2081,V15_4_FISHWAY,V15_4_FISHWAY_I,V15_10_ALL,CONCRETE,V15_10_ALL,"183.902768900,-145.027777800,3059.500000000;184.901791800,-144.555555600,3061.500000000",NEGATIVE_VOLUME
2082,V15_4_FISHWAY,V15_4_FISHWAY_I,V15_10_ALL,CONCRETE,V15_10_ALL,"182.903746100,-145.250000000,3059.500000000;183.902768900,-144.777777800,3061.500000000",NEGATIVE_VOLUME
2083,V15_4_FISHWAY,V15_4_FISHWAY_I,V15_10_ALL,CONCRETE,V15_10_ALL,"181.904723300,-145.472222200,3059.500000000;182.903746100,-145.000000000,3061.500000000",NEGATIVE_VOLUME
2084,V15_4_FISHWAY,V15_4_FISHWAY_I,V15_10_ALL,CONCRETE,V15_10_ALL,"180.905700500,-145.694444400,3059.500000000;181.904723300,-145.222222200,3061.500000000",NEGATIVE_VOLUME
2085,V15_4_FISHWAY,V15_4_FISHWAY_I,V15_10_ALL,CONCRETE,V15_10_ALL,"179.906677700,-145.916666700,3059.500000000;180.905700500,-145.444444400,3061.500000000",NEGATIVE_VOLUME
2086,V15_4_FISHWAY,V15_4_FISHWAY_I,V15_10_ALL,CONCRETE,V15_10_ALL,"178.907654900,-146.138888900,3059.500000000;179.906677700,-145.666666700,3061.500000000",NEGATIVE_VOLUME
2087,V15_4_FISHWAY,V15_4_FISHWAY_I,V15_10_ALL,CONCRETE,V15_10_ALL,"177.908632100,-146.361111100,3059.500000000;178.907654900,-145.888888900,3061.500000000",NEGATIVE_VOLUME
2088,V15_4_FISHWAY,V15_4_FISHWAY_I,V15_10_ALL,CONCRETE,V15_10_ALL,"176.909609300,-146.583333300,3059.500000000;177.908632100,-146.111111100,3061.500000000",NEGATIVE_VOLUME
2089,V15_4_FISHWAY,V15_4_FISHWAY_I,V15_10_ALL,CONCRETE,V15_10_ALL,"175.910586500,-146.805555600,3059.500000000;176.909609300,-146.333333300,3061.500000000",NEGATIVE_VOLUME
2090,V15_4_FISHWAY,V15_4_FISHWAY_I,V15_10_ALL,CONCRETE,V15_10_ALL,"174.911563700,-147.027777800,3059.500000000;175.910586500,-146.555555600,3061.500000000",NEGATIVE_VOLUME
2091,V15_4_FISHWAY,V15_4_FISHWAY_I,V15_10_ALL,CONCRETE,V15_10_ALL,"173.912540900,-147.250000000,3059.500000000;174.911563700,-146.777777800,3061.500000000",NEGATIVE_VOLUME
2092,V15_4_FISHWAY,V15_4_FISHWAY_I,V15_10_ALL,CONCRETE,V15_10_ALL,"172.913518100,-147.472222200,3059.500000000;173.912540900,-147.000000000,3061.500000000",NEGATIVE_VOLUME
2093,V15_4_FISHWAY,V15_4_FISHWAY_I,V15_10_ALL,CONCRETE,V15_10_ALL,"171.914495300,-147.694444400,3059.500000000;172.913518100,-147.222222200,3061.500000000",NEGATIVE_VOLUME
2094,V15_4_FISHWAY,V15_4_FISHWAY_I,V15_10_ALL,CONCRETE,V15_10_ALL,"170.915472500,-147.916666700,3059.500000000;171.914495300,-147.444444400,3061.500000000",NEGATIVE_VOLUME
2095,V15_4_FISHWAY,V15_4_FISHWAY_I,V15_10_ALL,CONCRETE,V15_10_ALL,"169.916449700,-148.138888900,3059.500000000;170.915472500,-147.666666700,3061.500000000",NEGATIVE_VOLUME
2096,V15_4_FISHWAY,V15_4_FISHWAY_I,V15_10_ALL,CONCRETE,V15_10_ALL,"168.917426900,-148.361111100,3059.500000000;169.916449700,-147.888888900,3061.500000000",NEGATIVE_VOLUME
2097,V15_4_FISHWAY,V15_4_FISHWAY_I,V15_10_ALL,CONCRETE,V15_10_ALL,"167.918404100,-148.583333300,3059.500000000;168.917426900,-148.111111100,3061.500000000",NEGATIVE_VOLUME
2098,V15_4_FISHWAY,V15_4_FISHWAY_I,V15_10_ALL,CONCRETE,V15_10_ALL,"166.919381300,-148.805555600,3059.500000000;167.918404100,-148.333333300,3061.500000000",NEGATIVE_VOLUME
2099,V15_4_FISHWAY,V15_4_FISHWAY_I,V15_10_ALL,CONCRETE,V15_10_ALL,"165.920358500,-149.027777800,3059.500000000;166.919381300,-148.555555600,3061.500000000",NEGATIVE_VOLUME
2100,V15_4_FISHWAY,V15_4_FISHWAY_I,V15_10_ALL,CONCRETE,V15_10_ALL,"164.921335700,-149.250000000,3059.500000000;165.920358500,-148.777777800,3061.500000000",NEGATIVE_VOLUME
2101,V15_4_FISHWAY,V15_4_FISHWAY_I,V15_10_ALL,CONCRETE,V15_10_ALL,"163.922312900,-149.472222200,3059.500000000;164.921335700,-149.000000000,3061.500000000",NEGATIVE_VOLUME
2102,V15_4_FISHWAY,V15_4_FISHWAY_I,V15_10_ALL,CONCRETE,V15_10_ALL,"162.923290100,-149.694444400,3059.500000000;163.922312900,-149.222222200,3061.500000000",NEGATIVE_VOLUME
2103,V15_4_FISHWAY,V15_4_FISHWAY_I,V15_10_ALL,CONCRETE,V15_10_ALL,"161.924267300,-149.916666700,3059.500000000;162.923290100,-149.444444400,3061.500000000",NEGATIVE_VOLUME
2104,V15_4_FISHWAY,V15_4_FISHWAY_I,V15_10_ALL,CONCRETE,V15_10_ALL,"160.925244500,-150.138888900,3059.500000000;161.924267300,-149.666666700,3061.500000000",NEGATIVE_VOLUME
2105,V15_4_FISHWAY,V15_4_FISHWAY_I,V15_10_ALL,CONCRETE,V15_10_ALL,"159.926221700,-150.361111100,3059.500000000;160.925244500,-149.888888900,3061.500000000",NEGATIVE_VOLUME
2106,V15_4_FISHWAY,V15_4_FISHWAY_I,V15_10_ALL,CONCRETE,V15_10_ALL,"158.927198900,-150.583333300,3059.500000000;159.926221700,-150.111111100,3061.500000000",NEGATIVE_VOLUME
2107,V15_4_FISHWAY,V15_4_FISHWAY_I,V15_10_ALL,CONCRETE,V15_10_ALL,"157.928176100,-150.805555600,3059.500000000;158.927198900,-150.333333300,3061.500000000",NEGATIVE_VOLUME
2108,V15_4_FISHWAY,V15_4_FISHWAY_I,V15_10_ALL,CONCRETE,V15_10_ALL,"156.929153300,-151.027777800,3059.500000000;157.928176100,-150.555555600,3061.500000000",NEGATIVE_VOLUME
2109,V15_4_FISHWAY,V15_4_FISHWAY_I,V15_10_ALL,CONCRETE,V15_10_ALL,"155.930130500,-151.250000000,3059.500000000;156.929153300,-150.777777800,3061.500000000",NEGATIVE_VOLUME
2110,V15_4_FISHWAY,V15_4_FISHWAY_I,V15_10_ALL,CONCRETE,V15_10_ALL,"154.931107700,-151.472222200,3059.500000000;155.930130500,-151.000000000,3061.500000000",NEGATIVE_VOLUME
2111,V15_4_FISHWAY,V15_4_FISHWAY_I,V15_10_ALL,CONCRETE,V15_10_ALL,"153.932084900,-151.694444400,3059.500000000;154.931107700,-151.222222200,3061.500000000",NEGATIVE_VOLUME
2112,V15_4_FISHWAY,V15_4_FISHWAY_I,V15_10_ALL,CONCRETE,V15_10_ALL,"152.933062100,-151.916666700,3059.500000000;153.932084900,-151.444444400,3061.500000000",NEGATIVE_VOLUME
2113,V15_4_FISHWAY,V15_4_FISHWAY_I,V15_10_ALL,CONCRETE,V15_10_ALL,"151.934039300,-152.138888900,3059.500000000;152.933062100,-151.666666700,3061.500000000",NEGATIVE_VOLUME
2114,V15_4_FISHWAY,V15_4_FISHWAY_I,V15_10_ALL,CONCRETE,V15_10_ALL,"150.935016500,-152.361111100,3059.500000000;151.934039300,-151.888888900,3061.500000000",NEGATIVE_VOLUME
2115,V15_4_FISHWAY,V15_4_FISHWAY_I,V15_10_ALL,CONCRETE,V15_10_ALL,"149.935993700,-152.583333300,3059.500000000;150.935016500,-152.111111100,3061.500000000",NEGATIVE_VOLUME
2116,V15_4_FISHWAY,V15_4_FISHWAY_I,V15_10_ALL,CONCRETE,V15_10_ALL,"148.936970900,-152.805555600,3059.500000000;149.935993700,-152.333333300,3061.500000000",NEGATIVE_VOLUME
2117,V15_4_FISHWAY,V15_4_FISHWAY_I,V15_10_ALL,CONCRETE,V15_10_ALL,"147.937948100,-153.027777800,3059.500000000;148.936970900,-152.555555600,3061.500000000",NEGATIVE_VOLUME
2118,V15_4_FISHWAY,V15_4_FISHWAY_I,V15_10_ALL,CONCRETE,V15_10_ALL,"146.938925300,-153.250000000,3059.500000000;147.937948100,-152.777777800,3061.500000000",NEGATIVE_VOLUME
2119,V15_4_FISHWAY,V15_4_FISHWAY_I,V15_10_ALL,CONCRETE,V15_10_ALL,"145.939902500,-153.472222200,3059.500000000;146.938925300,-153.000000000,3061.500000000",NEGATIVE_VOLUME
2120,V15_4_FISHWAY,V15_4_FISHWAY_I,V15_10_ALL,CONCRETE,V15_10_ALL,"144.940879700,-153.694444400,3059.500000000;145.939902500,-153.222222200,3061.500000000",NEGATIVE_VOLUME
2121,V15_4_FISHWAY,V15_4_FISHWAY_I,V15_10_ALL,CONCRETE,V15_10_ALL,"143.941856900,-153.916666700,3059.500000000;144.940879700,-153.444444400,3061.500000000",NEGATIVE_VOLUME
2122,V15_4_FISHWAY,V15_4_FISHWAY_I,V15_10_ALL,CONCRETE,V15_10_ALL,"142.942834100,-154.138888900,3059.500000000;143.941856900,-153.666666700,3061.500000000",NEGATIVE_VOLUME
2123,V15_4_FISHWAY,V15_4_FISHWAY_I,V15_10_ALL,CONCRETE,V15_10_ALL,"141.943811300,-154.361111100,3059.500000000;142.942834100,-153.888888900,3061.500000000",NEGATIVE_VOLUME
2124,V15_4_FISHWAY,V15_4_FISHWAY_I,V15_10_ALL,CONCRETE,V15_10_ALL,"140.944788500,-154.583333300,3059.500000000;141.943811300,-154.111111100,3061.500000000",NEGATIVE_VOLUME
2125,V15_4_FISHWAY,V15_4_FISHWAY_I,V15_10_ALL,CONCRETE,V15_10_ALL,"139.945765700,-154.805555600,3059.500000000;140.944788500,-154.333333300,3061.500000000",NEGATIVE_VOLUME
2126,V15_4_FISHWAY,V15_4_FISHWAY_I,V15_10_ALL,CONCRETE,V15_10_ALL,"138.946742900,-155.027777800,3059.500000000;139.945765700,-154.555555600,3061.500000000",NEGATIVE_VOLUME
2127,V15_4_FISHWAY,V15_4_FISHWAY_I,V15_10_ALL,CONCRETE,V15_10_ALL,"137.947720000,-155.250000000,3059.500000000;138.946742900,-154.777777800,3061.500000000",NEGATIVE_VOLUME
2128,V15_4_FISHWAY,V15_4_FISHWAY_I,V15_10_ALL,CONCRETE,V15_10_ALL,"136.948697200,-155.472222200,3059.500000000;137.947720000,-155.000000000,3061.500000000",NEGATIVE_VOLUME
2129,V15_4_FISHWAY,V15_4_FISHWAY_I,V15_10_ALL,CONCRETE,V15_10_ALL,"135.949674400,-155.694444400,3059.500000000;136.948697200,-155.222222200,3061.500000000",NEGATIVE_VOLUME
2130,V15_4_FISHWAY,V15_4_FISHWAY_I,V15_10_ALL,CONCRETE,V15_10_ALL,"134.950651600,-155.916666700,3059.500000000;135.949674400,-155.444444400,3061.500000000",NEGATIVE_VOLUME
2131,V15_4_FISHWAY,V15_4_FISHWAY_I,V15_10_ALL,CONCRETE,V15_10_ALL,"133.951628800,-156.138888900,3059.500000000;134.950651600,-155.666666700,3061.500000000",NEGATIVE_VOLUME
2132,V15_4_FISHWAY,V15_4_FISHWAY_I,V15_10_ALL,CONCRETE,V15_10_ALL,"132.952606000,-156.361111100,3059.500000000;133.951628800,-155.888888900,3061.500000000",NEGATIVE_VOLUME
2133,V15_4_FISHWAY,V15_4_FISHWAY_I,V15_10_ALL,CONCRETE,V15_10_ALL,"131.953583200,-156.583333300,3059.500000000;132.952606000,-156.111111100,3061.500000000",NEGATIVE_VOLUME
2134,V15_4_FISHWAY,V15_4_FISHWAY_I,V15_10_ALL,CONCRETE,V15_10_ALL,"130.954560400,-156.805555600,3059.500000000;131.953583200,-156.333333300,3061.500000000",NEGATIVE_VOLUME
2135,V15_4_FISHWAY,V15_4_FISHWAY_I,V15_10_ALL,CONCRETE,V15_10_ALL,"129.955537600,-157.027777800,3059.500000000;130.954560400,-156.555555600,3061.500000000",NEGATIVE_VOLUME
2136,V15_4_FISHWAY,V15_4_FISHWAY_I,V15_10_ALL,CONCRETE,V15_10_ALL,"128.956514800,-157.250000000,3059.500000000;129.955537600,-156.777777800,3061.500000000",NEGATIVE_VOLUME
2137,V15_4_FISHWAY,V15_4_FISHWAY_I,V15_10_ALL,CONCRETE,V15_10_ALL,"127.957492000,-157.472222200,3059.500000000;128.956514800,-157.000000000,3061.500000000",NEGATIVE_VOLUME
2138,V15_4_FISHWAY,V15_4_FISHWAY_I,V15_10_ALL,CONCRETE,V15_10_ALL,"126.958469200,-157.694444400,3059.500000000;127.957492000,-157.222222200,3061.500000000",NEGATIVE_VOLUME
2139,V15_4_FISHWAY,V15_4_FISHWAY_I,V15_10_ALL,CONCRETE,V15_10_ALL,"125.959446400,-157.916666700,3059.500000000;126.958469200,-157.444444400,3061.500000000",NEGATIVE_VOLUME
2140,V15_4_FISHWAY,V15_4_FISHWAY_I,V15_10_ALL,CONCRETE,V15_10_ALL,"124.960423600,-158.138888900,3059.500000000;125.959446400,-157.666666700,3061.500000000",NEGATIVE_VOLUME
2141,V15_4_FISHWAY,V15_4_FISHWAY_I,V15_10_ALL,CONCRETE,V15_10_ALL,"123.961400800,-158.361111100,3059.500000000;124.960423600,-157.888888900,3061.500000000",NEGATIVE_VOLUME
2142,V15_4_FISHWAY,V15_4_FISHWAY_I,V15_10_ALL,CONCRETE,V15_10_ALL,"122.962378000,-158.583333300,3059.500000000;123.961400800,-158.111111100,3061.500000000",NEGATIVE_VOLUME
2143,V15_4_FISHWAY,V15_4_FISHWAY_I,V15_10_ALL,CONCRETE,V15_10_ALL,"121.963355200,-158.805555600,3059.500000000;122.962378000,-158.333333300,3061.500000000",NEGATIVE_VOLUME
2144,V15_4_FISHWAY,V15_4_FISHWAY_I,V15_10_ALL,CONCRETE,V15_10_ALL,"120.964332400,-159.027777800,3059.500000000;121.963355200,-158.555555600,3061.500000000",NEGATIVE_VOLUME
2145,V15_4_FISHWAY,V15_4_FISHWAY_I,V15_10_ALL,CONCRETE,V15_10_ALL,"119.965309600,-159.250000000,3059.500000000;120.964332400,-158.777777800,3061.500000000",NEGATIVE_VOLUME
2146,V15_4_FISHWAY,V15_4_FISHWAY_I,V15_10_ALL,CONCRETE,V15_10_ALL,"118.966286800,-159.472222200,3059.500000000;119.965309600,-159.000000000,3061.500000000",NEGATIVE_VOLUME
2147,V15_4_FISHWAY,V15_4_FISHWAY_I,V15_10_ALL,CONCRETE,V15_10_ALL,"117.967264000,-159.694444400,3059.500000000;118.966286800,-159.222222200,3061.500000000",NEGATIVE_VOLUME
2148,V15_4_FISHWAY,V15_4_FISHWAY_I,V15_10_ALL,CONCRETE,V15_10_ALL,"116.968241200,-159.916666700,3059.500000000;117.967264000,-159.444444400,3061.500000000",NEGATIVE_VOLUME
2149,V15_4_FISHWAY,V15_4_FISHWAY_I,V15_10_ALL,CONCRETE,V15_10_ALL,"115.969218400,-160.138888900,3059.500000000;116.968241200,-159.666666700,3061.500000000",NEGATIVE_VOLUME
2150,V15_4_FISHWAY,V15_4_FISHWAY_I,V15_10_ALL,CONCRETE,V15_10_ALL,"114.970195600,-160.361111100,3059.500000000;115.969218400,-159.888888900,3061.500000000",NEGATIVE_VOLUME
2151,V15_4_FISHWAY,V15_4_FISHWAY_I,V15_10_ALL,CONCRETE,V15_10_ALL,"113.971172800,-160.583333300,3059.500000000;114.970195600,-160.111111100,3061.500000000",NEGATIVE_VOLUME
2152,V15_4_FISHWAY,V15_4_FISHWAY_I,V15_10_ALL,CONCRETE,V15_10_ALL,"112.972150000,-160.805555600,3059.500000000;113.971172800,-160.333333300,3061.500000000",NEGATIVE_VOLUME
2153,V15_4_FISHWAY,V15_4_FISHWAY_I,V15_10_ALL,CONCRETE,V15_10_ALL,"111.973127200,-161.027777800,3059.500000000;112.972150000,-160.555555600,3061.500000000",NEGATIVE_VOLUME
2154,V15_4_FISHWAY,V15_4_FISHWAY_I,V15_10_ALL,CONCRETE,V15_10_ALL,"110.974104400,-161.250000000,3059.500000000;111.973127200,-160.777777800,3061.500000000",NEGATIVE_VOLUME
2155,V15_4_FISHWAY,V15_4_FISHWAY_I,V15_10_ALL,CONCRETE,V15_10_ALL,"109.975081600,-161.472222200,3059.500000000;110.974104400,-161.000000000,3061.500000000",NEGATIVE_VOLUME
2156,V15_4_FISHWAY,V15_4_FISHWAY_I,V15_10_ALL,CONCRETE,V15_10_ALL,"108.976058800,-161.694444400,3059.500000000;109.975081600,-161.222222200,3061.500000000",NEGATIVE_VOLUME
2157,V15_4_FISHWAY,V15_4_FISHWAY_I,V15_10_ALL,CONCRETE,V15_10_ALL,"107.977036000,-161.916666700,3059.500000000;108.976058800,-161.444444400,3061.500000000",NEGATIVE_VOLUME
2158,V15_4_FISHWAY,V15_4_FISHWAY_I,V15_10_ALL,CONCRETE,V15_10_ALL,"106.978013200,-162.138888900,3059.500000000;107.977036000,-161.666666700,3061.500000000",NEGATIVE_VOLUME
2159,V15_4_FISHWAY,V15_4_FISHWAY_I,V15_10_ALL,CONCRETE,V15_10_ALL,"105.978990400,-162.361111100,3059.500000000;106.978013200,-161.888888900,3061.500000000",NEGATIVE_VOLUME
2160,V15_4_FISHWAY,V15_4_FISHWAY_I,V15_10_ALL,CONCRETE,V15_10_ALL,"104.979967600,-162.583333300,3059.500000000;105.978990400,-162.111111100,3061.500000000",NEGATIVE_VOLUME
2161,V15_4_FISHWAY,V15_4_FISHWAY_I,V15_10_ALL,CONCRETE,V15_10_ALL,"103.980944800,-162.805555600,3059.500000000;104.979967600,-162.333333300,3061.500000000",NEGATIVE_VOLUME
2162,V15_4_FISHWAY,V15_4_FISHWAY_I,V15_10_ALL,CONCRETE,V15_10_ALL,"102.981922000,-163.027777800,3059.500000000;103.980944800,-162.555555600,3061.500000000",NEGATIVE_VOLUME
2163,V15_4_FISHWAY,V15_4_FISHWAY_I,V15_10_ALL,CONCRETE,V15_10_ALL,"101.982899200,-163.250000000,3059.500000000;102.981922000,-162.777777800,3061.500000000",NEGATIVE_VOLUME
2164,V15_4_FISHWAY,V15_4_FISHWAY_I,V15_10_ALL,CONCRETE,V15_10_ALL,"100.983876400,-163.472222200,3059.500000000;101.982899200,-163.000000000,3061.500000000",NEGATIVE_VOLUME
2165,V15_4_FISHWAY,V15_4_FISHWAY_I,V15_10_ALL,CONCRETE,V15_10_ALL,"99.984853570,-163.694444400,3059.500000000;100.983876400,-163.222222200,3061.500000000",NEGATIVE_VOLUME
2166,V15_4_FISHWAY,V15_4_FISHWAY_I,V15_10_ALL,CONCRETE,V15_10_ALL,"98.985830760,-163.916666700,3059.500000000;99.984853570,-163.444444400,3061.500000000",NEGATIVE_VOLUME
2167,V15_4_FISHWAY,V15_4_FISHWAY_I,V15_10_ALL,CONCRETE,V15_10_ALL,"97.986807960,-164.138888900,3059.500000000;98.985830760,-163.666666700,3061.500000000",NEGATIVE_VOLUME
2168,V15_4_FISHWAY,V15_4_FISHWAY_I,V15_10_ALL,CONCRETE,V15_10_ALL,"96.987785160,-164.361111100,3059.500000000;97.986807960,-163.888888900,3061.500000000",NEGATIVE_VOLUME
2169,V15_4_FISHWAY,V15_4_FISHWAY_I,V15_10_ALL,CONCRETE,V15_10_ALL,"95.988762360,-164.583333300,3059.500000000;96.987785160,-164.111111100,3061.500000000",NEGATIVE_VOLUME
2170,V15_4_FISHWAY,V15_4_FISHWAY_I,V15_10_ALL,CONCRETE,V15_10_ALL,"94.989739560,-164.805555600,3059.500000000;95.988762360,-164.333333300,3061.500000000",NEGATIVE_VOLUME
2171,V15_4_FISHWAY,V15_4_FISHWAY_I,V15_10_ALL,CONCRETE,V15_10_ALL,"93.990716750,-165.027777800,3059.500000000;94.989739560,-164.555555600,3061.500000000",NEGATIVE_VOLUME
2172,V15_4_FISHWAY,V15_4_FISHWAY_I,V15_10_ALL,CONCRETE,V15_10_ALL,"92.991693950,-165.250000000,3059.500000000;93.990716750,-164.777777800,3061.500000000",NEGATIVE_VOLUME
2173,V15_4_FISHWAY,V15_4_FISHWAY_I,V15_10_ALL,CONCRETE,V15_10_ALL,"91.992671150,-165.472222200,3059.500000000;92.991693950,-165.000000000,3061.500000000",NEGATIVE_VOLUME
2174,V15_4_FISHWAY,V15_4_FISHWAY_I,V15_10_ALL,CONCRETE,V15_10_ALL,"90.993648350,-165.694444400,3059.500000000;91.992671150,-165.222222200,3061.500000000",NEGATIVE_VOLUME
2175,V15_4_FISHWAY,V15_4_FISHWAY_I,V15_10_ALL,CONCRETE,V15_10_ALL,"89.994625540,-165.916666700,3059.500000000;90.993648350,-165.444444400,3061.500000000",NEGATIVE_VOLUME
2176,V15_4_FISHWAY,V15_4_FISHWAY_I,V15_10_ALL,CONCRETE,V15_10_ALL,"88.995602740,-166.138888900,3059.500000000;89.994625540,-165.666666700,3061.500000000",NEGATIVE_VOLUME
2177,V15_4_FISHWAY,V15_4_FISHWAY_I,V15_10_ALL,CONCRETE,V15_10_ALL,"87.996579940,-166.361111100,3059.500000000;88.995602740,-165.888888900,3061.500000000",NEGATIVE_VOLUME
2178,V15_4_FISHWAY,V15_4_FISHWAY_I,V15_10_ALL,CONCRETE,V15_10_ALL,"86.997557140,-166.583333300,3059.500000000;87.996579940,-166.111111100,3061.500000000",NEGATIVE_VOLUME
2179,V15_4_FISHWAY,V15_4_FISHWAY_I,V15_10_ALL,CONCRETE,V15_10_ALL,"85.998534340,-166.805555600,3059.500000000;86.997557140,-166.333333300,3061.500000000",NEGATIVE_VOLUME
2180,V15_4_FISHWAY,V15_4_FISHWAY_I,V15_10_ALL,CONCRETE,V15_10_ALL,"84.999511530,-167.027777800,3059.500000000;85.998534340,-166.555555600,3061.500000000",NEGATIVE_VOLUME
2181,V15_4_FISHWAY,V15_4_FISHWAY_I,V15_10_ALL,CONCRETE,V15_10_ALL,"84.000488730,-167.250000000,3059.500000000;84.999511530,-166.777777800,3061.500000000",NEGATIVE_VOLUME
2182,V15_4_FISHWAY,V15_4_FISHWAY_I,V15_10_ALL,CONCRETE,V15_10_ALL,"83.001465930,-167.472222200,3059.500000000;84.000488730,-167.000000000,3061.500000000",NEGATIVE_VOLUME
2183,V15_4_FISHWAY,V15_4_FISHWAY_I,V15_10_ALL,CONCRETE,V15_10_ALL,"82.002443130,-167.694444400,3059.500000000;83.001465930,-167.222222200,3061.500000000",NEGATIVE_VOLUME
2184,V15_4_FISHWAY,V15_4_FISHWAY_I,V15_10_ALL,CONCRETE,V15_10_ALL,"81.003420330,-167.916666700,3059.500000000;82.002443130,-167.444444400,3061.500000000",NEGATIVE_VOLUME
2185,V15_4_FISHWAY,V15_4_FISHWAY_I,V15_10_ALL,CONCRETE,V15_10_ALL,"80.004397520,-168.138888900,3059.500000000;81.003420330,-167.666666700,3061.500000000",NEGATIVE_VOLUME
2186,V15_4_FISHWAY,V15_4_FISHWAY_I,V15_10_ALL,CONCRETE,V15_10_ALL,"79.005374720,-168.361111100,3059.500000000;80.004397520,-167.888888900,3061.500000000",NEGATIVE_VOLUME
2187,V15_4_FISHWAY,V15_4_FISHWAY_I,V15_10_ALL,CONCRETE,V15_10_ALL,"78.006351920,-168.583333300,3059.500000000;79.005374720,-168.111111100,3061.500000000",NEGATIVE_VOLUME
2188,V15_4_FISHWAY,V15_4_FISHWAY_I,V15_10_ALL,CONCRETE,V15_10_ALL,"77.007329120,-168.805555600,3059.500000000;78.006351920,-168.333333300,3061.500000000",NEGATIVE_VOLUME
2189,V15_4_FISHWAY,V15_4_FISHWAY_I,V15_10_ALL,CONCRETE,V15_10_ALL,"76.008306310,-169.027777800,3059.500000000;77.007329120,-168.555555600,3061.500000000",NEGATIVE_VOLUME
2190,V15_4_FISHWAY,V15_4_FISHWAY_I,V15_10_ALL,CONCRETE,V15_10_ALL,"75.009283510,-169.250000000,3059.500000000;76.008306310,-168.777777800,3061.500000000",NEGATIVE_VOLUME
2191,V15_4_FISHWAY,V15_4_FISHWAY_I,V15_10_ALL,CONCRETE,V15_10_ALL,"74.010260710,-169.472222200,3059.500000000;75.009283510,-169.000000000,3061.500000000",NEGATIVE_VOLUME
2192,V15_4_FISHWAY,V15_4_FISHWAY_I,V15_10_ALL,CONCRETE,V15_10_ALL,"73.011237910,-169.694444400,3059.500000000;74.010260710,-169.222222200,3061.500000000",NEGATIVE_VOLUME
2193,V15_4_FISHWAY,V15_4_FISHWAY_I,V15_10_ALL,CONCRETE,V15_10_ALL,"72.012215110,-169.916666700,3059.500000000;73.011237910,-169.444444400,3061.500000000",NEGATIVE_VOLUME
2194,V15_4_FISHWAY,V15_4_FISHWAY_I,V15_10_ALL,CONCRETE,V15_10_ALL,"71.013192300,-170.138888900,3059.500000000;72.012215110,-169.666666700,3061.500000000",NEGATIVE_VOLUME
2195,V15_4_FISHWAY,V15_4_FISHWAY_I,V15_10_ALL,CONCRETE,V15_10_ALL,"70.014169500,-170.361111100,3059.500000000;71.013192300,-169.888888900,3061.500000000",NEGATIVE_VOLUME
2196,V15_4_FISHWAY,V15_4_FISHWAY_I,V15_10_ALL,CONCRETE,V15_10_ALL,"69.015146700,-170.583333300,3059.500000000;70.014169500,-170.111111100,3061.500000000",NEGATIVE_VOLUME
2197,V15_4_FISHWAY,V15_4_FISHWAY_I,V15_10_ALL,CONCRETE,V15_10_ALL,"68.016123900,-170.805555600,3059.500000000;69.015146700,-170.333333300,3061.500000000",NEGATIVE_VOLUME
2198,V15_4_FISHWAY,V15_4_FISHWAY_I,V15_10_ALL,CONCRETE,V15_10_ALL,"67.017101100,-171.027777800,3059.500000000;68.016123900,-170.555555600,3061.500000000",NEGATIVE_VOLUME
2199,V15_4_FISHWAY,V15_4_FISHWAY_I,V15_10_ALL,CONCRETE,V15_10_ALL,"66.018078290,-171.250000000,3059.500000000;67.017101100,-170.777777800,3061.500000000",NEGATIVE_VOLUME
2200,V15_4_FISHWAY,V15_4_FISHWAY_I,V15_10_ALL,CONCRETE,V15_10_ALL,"65.019055490,-171.472222200,3059.500000000;66.018078290,-171.000000000,3061.500000000",NEGATIVE_VOLUME
2201,V15_4_FISHWAY,V15_4_FISHWAY_I,V15_10_ALL,CONCRETE,V15_10_ALL,"64.020032690,-171.694444400,3059.500000000;65.019055490,-171.222222200,3061.500000000",NEGATIVE_VOLUME
2202,V15_4_FISHWAY,V15_4_FISHWAY_I,V15_10_ALL,CONCRETE,V15_10_ALL,"63.021009890,-171.916666700,3059.500000000;64.020032690,-171.444444400,3061.500000000",NEGATIVE_VOLUME
2203,V15_4_FISHWAY,V15_4_FISHWAY_I,V15_10_ALL,CONCRETE,V15_10_ALL,"62.021987080,-172.138888900,3059.500000000;63.021009890,-171.666666700,3061.500000000",NEGATIVE_VOLUME
2204,V15_4_FISHWAY,V15_4_FISHWAY_I,V15_10_ALL,CONCRETE,V15_10_ALL,"61.022964280,-172.361111100,3059.500000000;62.021987080,-171.888888900,3061.500000000",NEGATIVE_VOLUME
2205,V15_4_FISHWAY,V15_4_FISHWAY_I,V15_10_ALL,CONCRETE,V15_10_ALL,"60.023941480,-172.583333300,3059.500000000;61.022964280,-172.111111100,3061.500000000",NEGATIVE_VOLUME
2206,V15_4_FISHWAY,V15_4_FISHWAY_I,V15_10_ALL,CONCRETE,V15_10_ALL,"59.024918680,-172.805555600,3059.500000000;60.023941480,-172.333333300,3061.500000000",NEGATIVE_VOLUME
2207,V15_4_FISHWAY,V15_4_FISHWAY_I,V15_10_ALL,CONCRETE,V15_10_ALL,"58.025895880,-173.027777800,3059.500000000;59.024918680,-172.555555600,3061.500000000",NEGATIVE_VOLUME
2208,V15_4_FISHWAY,V15_4_FISHWAY_I,V15_10_ALL,CONCRETE,V15_10_ALL,"57.026873070,-173.250000000,3059.500000000;58.025895880,-172.777777800,3061.500000000",NEGATIVE_VOLUME
2209,V15_4_FISHWAY,V15_4_FISHWAY_I,V15_10_ALL,CONCRETE,V15_10_ALL,"56.027850270,-173.472222200,3059.500000000;57.026873070,-173.000000000,3061.500000000",NEGATIVE_VOLUME
2210,V15_4_FISHWAY,V15_4_FISHWAY_I,V15_10_ALL,CONCRETE,V15_10_ALL,"55.028827470,-173.694444400,3059.500000000;56.027850270,-173.222222200,3061.500000000",NEGATIVE_VOLUME
2211,V15_4_FISHWAY,V15_4_FISHWAY_I,V15_10_ALL,CONCRETE,V15_10_ALL,"54.029804670,-173.916666700,3059.500000000;55.028827470,-173.444444400,3061.500000000",NEGATIVE_VOLUME
2212,V15_4_FISHWAY,V15_4_FISHWAY_I,V15_10_ALL,CONCRETE,V15_10_ALL,"53.030781860,-174.138888900,3059.500000000;54.029804670,-173.666666700,3061.500000000",NEGATIVE_VOLUME
2213,V15_4_FISHWAY,V15_4_FISHWAY_I,V15_10_ALL,CONCRETE,V15_10_ALL,"52.031759060,-174.361111100,3059.500000000;53.030781860,-173.888888900,3061.500000000",NEGATIVE_VOLUME
2214,V15_4_FISHWAY,V15_4_FISHWAY_I,V15_10_ALL,CONCRETE,V15_10_ALL,"51.032736260,-174.583333300,3059.500000000;52.031759060,-174.111111100,3061.500000000",NEGATIVE_VOLUME
2215,V15_4_FISHWAY,V15_4_FISHWAY_I,V15_10_ALL,CONCRETE,V15_10_ALL,"50.033713460,-174.805555600,3059.500000000;51.032736260,-174.333333300,3061.500000000",NEGATIVE_VOLUME
2216,V15_4_FISHWAY,V15_4_FISHWAY_I,V15_10_ALL,CONCRETE,V15_10_ALL,"49.034690660,-175.027777800,3059.500000000;50.033713460,-174.555555600,3061.500000000",NEGATIVE_VOLUME
2217,V15_4_FISHWAY,V15_4_FISHWAY_I,V15_10_ALL,CONCRETE,V15_10_ALL,"48.035667850,-175.250000000,3059.500000000;49.034690660,-174.777777800,3061.500000000",NEGATIVE_VOLUME
2218,V15_4_FISHWAY,V15_4_FISHWAY_I,V15_10_ALL,CONCRETE,V15_10_ALL,"47.036645050,-175.472222200,3059.500000000;48.035667850,-175.000000000,3061.500000000",NEGATIVE_VOLUME
2219,V15_4_FISHWAY,V15_4_FISHWAY_I,V15_10_ALL,CONCRETE,V15_10_ALL,"46.037622250,-175.694444400,3059.500000000;47.036645050,-175.222222200,3061.500000000",NEGATIVE_VOLUME
2220,V15_4_FISHWAY,V15_4_FISHWAY_I,V15_10_ALL,CONCRETE,V15_10_ALL,"45.038599450,-175.916666700,3059.500000000;46.037622250,-175.444444400,3061.500000000",NEGATIVE_VOLUME
2221,V15_4_FISHWAY,V15_4_FISHWAY_I,V15_10_ALL,CONCRETE,V15_10_ALL,"44.039576650,-176.138888900,3059.500000000;45.038599450,-175.666666700,3061.500000000",NEGATIVE_VOLUME
2222,V15_4_FISHWAY,V15_4_FISHWAY_I,V15_10_ALL,CONCRETE,V15_10_ALL,"43.040553840,-176.361111100,3059.500000000;44.039576650,-175.888888900,3061.500000000",NEGATIVE_VOLUME
2223,V15_4_FISHWAY,V15_4_FISHWAY_I,V15_10_ALL,CONCRETE,V15_10_ALL,"42.041531040,-176.583333300,3059.500000000;43.040553840,-176.111111100,3061.500000000",NEGATIVE_VOLUME
2224,V15_4_FISHWAY,V15_4_FISHWAY_I,V15_10_ALL,CONCRETE,V15_10_ALL,"41.042508240,-176.805555600,3059.500000000;42.041531040,-176.333333300,3061.500000000",NEGATIVE_VOLUME
2225,V15_4_FISHWAY,V15_4_FISHWAY_I,V15_10_ALL,CONCRETE,V15_10_ALL,"40.043485440,-177.027777800,3059.500000000;41.042508240,-176.555555600,3061.500000000",NEGATIVE_VOLUME
2226,V15_4_FISHWAY,V15_4_FISHWAY_I,V15_10_ALL,CONCRETE,V15_10_ALL,"39.044462630,-177.250000000,3059.500000000;40.043485440,-176.777777800,3061.500000000",NEGATIVE_VOLUME
2227,V15_4_FISHWAY,V15_4_FISHWAY_I,V15_10_ALL,CONCRETE,V15_10_ALL,"38.045439830,-177.472222200,3059.500000000;39.044462630,-177.000000000,3061.500000000",NEGATIVE_VOLUME
2228,V15_4_FISHWAY,V15_4_FISHWAY_I,V15_10_ALL,CONCRETE,V15_10_ALL,"37.046417030,-177.694444400,3059.500000000;38.045439830,-177.222222200,3061.500000000",NEGATIVE_VOLUME
2229,V15_4_FISHWAY,V15_4_FISHWAY_I,V15_10_ALL,CONCRETE,V15_10_ALL,"36.047394230,-177.916666700,3059.500000000;37.046417030,-177.444444400,3061.500000000",NEGATIVE_VOLUME
2230,V15_4_FISHWAY,V15_4_FISHWAY_I,V15_10_ALL,CONCRETE,V15_10_ALL,"35.048371430,-178.138888900,3059.500000000;36.047394230,-177.666666700,3061.500000000",NEGATIVE_VOLUME
2231,V15_4_FISHWAY,V15_4_FISHWAY_I,V15_10_ALL,CONCRETE,V15_10_ALL,"34.049348620,-178.361111100,3059.500000000;35.048371430,-177.888888900,3061.500000000",NEGATIVE_VOLUME
2232,V15_4_FISHWAY,V15_4_FISHWAY_I,V15_10_ALL,CONCRETE,V15_10_ALL,"33.050325820,-178.583333300,3059.500000000;34.049348620,-178.111111100,3061.500000000",NEGATIVE_VOLUME
2233,V15_4_FISHWAY,V15_4_FISHWAY_I,V15_10_ALL,CONCRETE,V15_10_ALL,"32.051303020,-178.805555600,3059.500000000;33.050325820,-178.333333300,3061.500000000",NEGATIVE_VOLUME
2234,V15_4_FISHWAY,V15_4_FISHWAY_I,V15_10_ALL,CONCRETE,V15_10_ALL,"31.052280220,-179.027777800,3059.500000000;32.051303020,-178.555555600,3061.500000000",NEGATIVE_VOLUME
2235,V15_4_FISHWAY,V15_4_FISHWAY_I,V15_10_ALL,CONCRETE,V15_10_ALL,"30.053257410,-179.250000000,3059.500000000;31.052280220,-178.777777800,3061.500000000",NEGATIVE_VOLUME
2236,V15_4_FISHWAY,V15_4_FISHWAY_I,V15_10_ALL,CONCRETE,V15_10_ALL,"29.054234610,-179.472222200,3059.500000000;30.053257410,-179.000000000,3061.500000000",NEGATIVE_VOLUME
2237,V15_4_FISHWAY,V15_4_FISHWAY_I,V15_10_ALL,CONCRETE,V15_10_ALL,"28.055211810,-179.694444400,3059.500000000;29.054234610,-179.222222200,3061.500000000",NEGATIVE_VOLUME
2238,V15_4_FISHWAY,V15_4_FISHWAY_I,V15_10_ALL,CONCRETE,V15_10_ALL,"27.056189010,-179.916666700,3059.500000000;28.055211810,-179.444444400,3061.500000000",NEGATIVE_VOLUME
2239,V15_4_FISHWAY,V15_4_FISHWAY_I,V15_10_ALL,CONCRETE,V15_10_ALL,"26.057166210,-180.138888900,3059.500000000;27.056189010,-179.666666700,3061.500000000",NEGATIVE_VOLUME
2240,V15_4_FISHWAY,V15_4_FISHWAY_I,V15_10_ALL,CONCRETE,V15_10_ALL,"25.058143400,-180.361111100,3059.500000000;26.057166210,-179.888888900,3061.500000000",NEGATIVE_VOLUME
2241,V15_4_FISHWAY,V15_4_FISHWAY_I,V15_10_ALL,CONCRETE,V15_10_ALL,"24.059120600,-180.583333300,3059.500000000;25.058143400,-180.111111100,3061.500000000",NEGATIVE_VOLUME
2242,V15_4_FISHWAY,V15_4_FISHWAY_I,V15_10_ALL,CONCRETE,V15_10_ALL,"23.060097800,-180.805555600,3059.500000000;24.059120600,-180.333333300,3061.500000000",NEGATIVE_VOLUME
2243,V15_4_FISHWAY,V15_4_FISHWAY_I,V15_10_ALL,CONCRETE,V15_10_ALL,"22.061075000,-181.027777800,3059.500000000;23.060097800,-180.555555600,3061.500000000",NEGATIVE_VOLUME
2244,V15_4_FISHWAY,V15_4_FISHWAY_I,V15_10_ALL,CONCRETE,V15_10_ALL,"21.062052200,-181.250000000,3059.500000000;22.061075000,-180.777777800,3061.500000000",NEGATIVE_VOLUME
2245,V15_4_FISHWAY,V15_4_FISHWAY_I,V15_10_ALL,CONCRETE,V15_10_ALL,"20.063029390,-181.472222200,3059.500000000;21.062052200,-181.000000000,3061.500000000",NEGATIVE_VOLUME
2246,V15_4_FISHWAY,V15_4_FISHWAY_I,V15_10_ALL,CONCRETE,V15_10_ALL,"19.064006590,-181.694444400,3059.500000000;20.063029390,-181.222222200,3061.500000000",NEGATIVE_VOLUME
2247,V15_4_FISHWAY,V15_4_FISHWAY_I,V15_10_ALL,CONCRETE,V15_10_ALL,"18.064983790,-181.916666700,3059.500000000;19.064006590,-181.444444400,3061.500000000",NEGATIVE_VOLUME
2248,V15_4_FISHWAY,V15_4_FISHWAY_I,V15_10_ALL,CONCRETE,V15_10_ALL,"17.065960990,-182.138888900,3059.500000000;18.064983790,-181.666666700,3061.500000000",NEGATIVE_VOLUME
2249,V15_4_FISHWAY,V15_4_FISHWAY_I,V15_10_ALL,CONCRETE,V15_10_ALL,"16.066938180,-182.361111100,3059.500000000;17.065960990,-181.888888900,3061.500000000",NEGATIVE_VOLUME
2250,V15_4_FISHWAY,V15_4_FISHWAY_I,V15_10_ALL,CONCRETE,V15_10_ALL,"15.067915380,-182.583333300,3059.500000000;16.066938180,-182.111111100,3061.500000000",NEGATIVE_VOLUME
2251,V15_4_FISHWAY,V15_4_FISHWAY_I,V15_10_ALL,CONCRETE,V15_10_ALL,"14.068892580,-182.805555600,3059.500000000;15.067915380,-182.333333300,3061.500000000",NEGATIVE_VOLUME
2252,V15_4_FISHWAY,V15_4_FISHWAY_I,V15_10_ALL,CONCRETE,V15_10_ALL,"13.069869780,-183.027777800,3059.500000000;14.068892580,-182.555555600,3061.500000000",NEGATIVE_VOLUME
2253,V15_4_FISHWAY,V15_4_FISHWAY_I,V15_10_ALL,CONCRETE,V15_10_ALL,"12.070846980,-183.250000000,3059.500000000;13.069869780,-182.777777800,3061.500000000",NEGATIVE_VOLUME
2254,V15_4_FISHWAY,V15_4_FISHWAY_I,V15_10_ALL,CONCRETE,V15_10_ALL,"11.071824170,-183.472222200,3059.500000000;12.070846980,-183.000000000,3061.500000000",NEGATIVE_VOLUME
2255,V15_4_FISHWAY,V15_4_FISHWAY_I,V15_10_ALL,CONCRETE,V15_10_ALL,"10.072801370,-183.694444400,3059.500000000;11.071824170,-183.222222200,3061.500000000",NEGATIVE_VOLUME
2256,V15_4_FISHWAY,V15_4_FISHWAY_I,V15_10_ALL,CONCRETE,V15_10_ALL,"9.073778569,-183.916666700,3059.500000000;10.072801370,-183.444444400,3061.500000000",NEGATIVE_VOLUME
2257,V15_4_FISHWAY,V15_4_FISHWAY_I,V15_10_ALL,CONCRETE,V15_10_ALL,"8.074755767,-184.138888900,3059.500000000;9.073778569,-183.666666700,3061.500000000",NEGATIVE_VOLUME
2258,V15_4_FISHWAY,V15_4_FISHWAY_I,V15_10_ALL,CONCRETE,V15_10_ALL,"7.075732965,-184.361111100,3059.500000000;8.074755767,-183.888888900,3061.500000000",NEGATIVE_VOLUME
2259,V15_4_FISHWAY,V15_4_FISHWAY_I,V15_10_ALL,CONCRETE,V15_10_ALL,"6.076710163,-184.583333300,3059.500000000;7.075732965,-184.111111100,3061.500000000",NEGATIVE_VOLUME
2260,V15_4_FISHWAY,V15_4_FISHWAY_I,V15_10_ALL,CONCRETE,V15_10_ALL,"5.077687361,-184.805555600,3059.500000000;6.076710163,-184.333333300,3061.500000000",NEGATIVE_VOLUME
2261,V15_4_FISHWAY,V15_4_FISHWAY_I,V15_10_ALL,CONCRETE,V15_10_ALL,"4.078664558,-185.027777800,3059.500000000;5.077687361,-184.555555600,3061.500000000",NEGATIVE_VOLUME
2262,V15_4_FISHWAY,V15_4_FISHWAY_I,V15_10_ALL,CONCRETE,V15_10_ALL,"3.079641756,-185.250000000,3059.500000000;4.078664558,-184.777777800,3061.500000000",NEGATIVE_VOLUME
2263,V15_4_FISHWAY,V15_4_FISHWAY_I,V15_10_ALL,CONCRETE,V15_10_ALL,"2.080618954,-185.472222200,3059.500000000;3.079641756,-185.000000000,3061.500000000",NEGATIVE_VOLUME
2264,V15_4_FISHWAY,V15_4_FISHWAY_I,V15_10_ALL,CONCRETE,V15_10_ALL,"1.081596152,-185.694444400,3059.500000000;2.080618954,-185.222222200,3061.500000000",NEGATIVE_VOLUME
2265,V15_4_FISHWAY,V15_4_FISHWAY_I,V15_10_ALL,CONCRETE,V15_10_ALL,"0.082573350,-185.916666700,3059.500000000;1.081596152,-185.444444400,3061.500000000",NEGATIVE_VOLUME
2266,V15_4_FISHWAY,V15_4_FISHWAY_I,V15_10_ALL,CONCRETE,V15_10_ALL,"-0.916449452,-186.138888900,3059.500000000;0.082573350,-185.666666700,3061.500000000",NEGATIVE_VOLUME
2267,V15_4_FISHWAY,V15_4_FISHWAY_I,V15_10_ALL,CONCRETE,V15_10_ALL,"-1.915472255,-186.361111100,3059.500000000;-0.916449452,-185.888888900,3061.500000000",NEGATIVE_VOLUME
2268,V15_4_FISHWAY,V15_4_FISHWAY_I,V15_10_ALL,CONCRETE,V15_10_ALL,"-2.914495057,-186.583333300,3059.500000000;-1.915472255,-186.111111100,3061.500000000",NEGATIVE_VOLUME
2269,V15_4_FISHWAY,V15_4_FISHWAY_I,V15_10_ALL,CONCRETE,V15_10_ALL,"-3.913517859,-186.805555600,3059.500000000;-2.914495057,-186.333333300,3061.500000000",NEGATIVE_VOLUME
2270,V15_4_FISHWAY,V15_4_FISHWAY_I,V15_10_ALL,CONCRETE,V15_10_ALL,"-4.912540661,-187.027777800,3059.500000000;-3.913517859,-186.555555600,3061.500000000",NEGATIVE_VOLUME
2271,V15_4_FISHWAY,V15_4_FISHWAY_I,V15_10_ALL,CONCRETE,V15_10_ALL,"-5.911563463,-187.250000000,3059.500000000;-4.912540661,-186.777777800,3061.500000000",NEGATIVE_VOLUME
2272,V15_4_FISHWAY,V15_4_FISHWAY_I,V15_10_ALL,CONCRETE,V15_10_ALL,"-6.910586265,-187.472222200,3059.500000000;-5.911563463,-187.000000000,3061.500000000",NEGATIVE_VOLUME
2273,V15_4_FISHWAY,V15_4_FISHWAY_I,V15_10_ALL,CONCRETE,V15_10_ALL,"-7.909609068,-187.694444400,3059.500000000;-6.910586265,-187.222222200,3061.500000000",NEGATIVE_VOLUME
2274,V15_4_FISHWAY,V15_4_FISHWAY_I,V15_10_ALL,CONCRETE,V15_10_ALL,"-8.908631870,-187.916666700,3059.500000000;-7.909609068,-187.444444400,3061.500000000",NEGATIVE_VOLUME
2275,V15_4_FISHWAY,V15_4_FISHWAY_I,V15_10_ALL,CONCRETE,V15_10_ALL,"-9.907654672,-188.138888900,3059.500000000;-8.908631870,-187.666666700,3061.500000000",NEGATIVE_VOLUME
2276,V15_4_FISHWAY,V15_4_FISHWAY_I,V15_10_ALL,CONCRETE,V15_10_ALL,"-10.906677470,-188.361111100,3059.500000000;-9.907654672,-187.888888900,3061.500000000",NEGATIVE_VOLUME
2277,V15_4_FISHWAY,V15_4_FISHWAY_I,V15_10_ALL,CONCRETE,V15_10_ALL,"-11.905700280,-188.583333300,3059.500000000;-10.906677470,-188.111111100,3061.500000000",NEGATIVE_VOLUME
2278,V15_4_FISHWAY,V15_4_FISHWAY_I,V15_10_ALL,CONCRETE,V15_10_ALL,"-12.904723080,-188.805555600,3059.500000000;-11.905700280,-188.333333300,3061.500000000",NEGATIVE_VOLUME
2279,V15_4_FISHWAY,V15_4_FISHWAY_I,V15_10_ALL,CONCRETE,V15_10_ALL,"-13.903745880,-189.027777800,3059.500000000;-12.904723080,-188.555555600,3061.500000000",NEGATIVE_VOLUME
2280,V15_4_FISHWAY,V15_4_FISHWAY_I,V15_10_ALL,CONCRETE,V15_10_ALL,"-14.902768680,-189.250000000,3059.500000000;-13.903745880,-188.777777800,3061.500000000",NEGATIVE_VOLUME
2281,V15_4_FISHWAY,V15_4_FISHWAY_I,V15_10_ALL,CONCRETE,V15_10_ALL,"-15.901791490,-189.472222200,3059.500000000;-14.902768680,-189.000000000,3061.500000000",NEGATIVE_VOLUME
2282,V15_4_FISHWAY,V15_4_FISHWAY_I,V15_10_ALL,CONCRETE,V15_10_ALL,"-16.900814290,-189.694444400,3059.500000000;-15.901791490,-189.222222200,3061.500000000",NEGATIVE_VOLUME
2283,V15_4_FISHWAY,V15_4_FISHWAY_I,V15_10_ALL,CONCRETE,V15_10_ALL,"-17.899837090,-189.916666700,3059.500000000;-16.900814290,-189.444444400,3061.500000000",NEGATIVE_VOLUME
2284,V15_4_FISHWAY,V15_4_FISHWAY_I,V15_10_ALL,CONCRETE,V15_10_ALL,"-18.898859890,-190.138888900,3059.500000000;-17.899837090,-189.666666700,3061.500000000",NEGATIVE_VOLUME
2285,V15_4_FISHWAY,V15_4_FISHWAY_I,V15_10_ALL,CONCRETE,V15_10_ALL,"-19.897882690,-190.361111100,3059.500000000;-18.898859890,-189.888888900,3061.500000000",NEGATIVE_VOLUME
2286,V15_4_FISHWAY,V15_4_FISHWAY_I,V15_10_ALL,CONCRETE,V15_10_ALL,"-20.896905500,-190.583333300,3059.500000000;-19.897882690,-190.111111100,3061.500000000",NEGATIVE_VOLUME
2287,V15_4_FISHWAY,V15_4_FISHWAY_I,V15_10_ALL,CONCRETE,V15_10_ALL,"-21.895928300,-190.805555600,3059.500000000;-20.896905500,-190.333333300,3061.500000000",NEGATIVE_VOLUME
2288,V15_4_FISHWAY,V15_4_FISHWAY_I,V15_10_ALL,CONCRETE,V15_10_ALL,"-22.894951100,-191.027777800,3059.500000000;-21.895928300,-190.555555600,3061.500000000",NEGATIVE_VOLUME
2289,V15_4_FISHWAY,V15_4_FISHWAY_I,V15_10_ALL,CONCRETE,V15_10_ALL,"-23.893973900,-191.250000000,3059.500000000;-22.894951100,-190.777777800,3061.500000000",NEGATIVE_VOLUME
2290,V15_4_FISHWAY,V15_4_FISHWAY_I,V15_10_ALL,CONCRETE,V15_10_ALL,"-24.892996700,-191.472222200,3059.500000000;-23.893973900,-191.000000000,3061.500000000",NEGATIVE_VOLUME
2291,V15_4_FISHWAY,V15_4_FISHWAY_I,V15_10_ALL,CONCRETE,V15_10_ALL,"-25.892019510,-191.694444400,3059.500000000;-24.892996700,-191.222222200,3061.500000000",NEGATIVE_VOLUME
2292,V15_4_FISHWAY,V15_4_FISHWAY_I,V15_10_ALL,CONCRETE,V15_10_ALL,"-26.891042310,-191.916666700,3059.500000000;-25.892019510,-191.444444400,3061.500000000",NEGATIVE_VOLUME
2293,V15_4_FISHWAY,V15_4_FISHWAY_I,V15_10_ALL,CONCRETE,V15_10_ALL,"-27.890065110,-192.138888900,3059.500000000;-26.891042310,-191.666666700,3061.500000000",NEGATIVE_VOLUME
2294,V15_4_FISHWAY,V15_4_FISHWAY_I,V15_10_ALL,CONCRETE,V15_10_ALL,"-28.889087910,-192.361111100,3059.500000000;-27.890065110,-191.888888900,3061.500000000",NEGATIVE_VOLUME
2295,V15_4_FISHWAY,V15_4_FISHWAY_I,V15_10_ALL,CONCRETE,V15_10_ALL,"-29.888110720,-192.583333300,3059.500000000;-28.889087910,-192.111111100,3061.500000000",NEGATIVE_VOLUME
2296,V15_4_FISHWAY,V15_4_FISHWAY_I,V15_10_ALL,CONCRETE,V15_10_ALL,"-30.887133520,-192.805555600,3059.500000000;-29.888110720,-192.333333300,3061.500000000",NEGATIVE_VOLUME
2297,V15_4_FISHWAY,V15_4_FISHWAY_I,V15_10_ALL,CONCRETE,V15_10_ALL,"-31.886156320,-193.027777800,3059.500000000;-30.887133520,-192.555555600,3061.500000000",NEGATIVE_VOLUME
2298,V15_4_FISHWAY,V15_4_FISHWAY_I,V15_10_ALL,CONCRETE,V15_10_ALL,"-32.885179120,-193.250000000,3059.500000000;-31.886156320,-192.777777800,3061.500000000",NEGATIVE_VOLUME
2299,V15_4_FISHWAY,V15_4_FISHWAY_I,V15_10_ALL,CONCRETE,V15_10_ALL,"-33.884201920,-193.472222200,3059.500000000;-32.885179120,-193.000000000,3061.500000000",NEGATIVE_VOLUME
2300,V15_4_FISHWAY,V15_4_FISHWAY_I,V15_10_ALL,CONCRETE,V15_10_ALL,"-34.883224730,-193.694444400,3059.500000000;-33.884201920,-193.222222200,3061.500000000",NEGATIVE_VOLUME
2301,V15_4_FISHWAY,V15_4_FISHWAY_I,V15_10_ALL,CONCRETE,V15_10_ALL,"-35.882247530,-193.916666700,3059.500000000;-34.883224730,-193.444444400,3061.500000000",NEGATIVE_VOLUME
2302,V15_4_FISHWAY,V15_4_FISHWAY_I,V15_10_ALL,CONCRETE,V15_10_ALL,"-36.881270330,-194.138888900,3059.500000000;-35.882247530,-193.666666700,3061.500000000",NEGATIVE_VOLUME
2303,V15_4_FISHWAY,V15_4_FISHWAY_I,V15_10_ALL,CONCRETE,V15_10_ALL,"-37.880293130,-194.361111100,3059.500000000;-36.881270330,-193.888888900,3061.500000000",NEGATIVE_VOLUME
2304,V15_4_FISHWAY,V15_4_FISHWAY_I,V15_10_ALL,CONCRETE,V15_10_ALL,"-38.879315930,-194.583333300,3059.500000000;-37.880293130,-194.111111100,3061.500000000",NEGATIVE_VOLUME
2305,V15_4_FISHWAY,V15_4_FISHWAY_I,V15_10_ALL,CONCRETE,V15_10_ALL,"-39.878338740,-194.805555600,3059.500000000;-38.879315930,-194.333333300,3061.500000000",NEGATIVE_VOLUME
2306,V15_4_FISHWAY,V15_4_FISHWAY_I,V15_10_ALL,CONCRETE,V15_10_ALL,"-40.877361540,-195.027777800,3059.500000000;-39.878338740,-194.555555600,3061.500000000",NEGATIVE_VOLUME
2307,V15_4_FISHWAY,V15_4_FISHWAY_I,V15_10_ALL,CONCRETE,V15_10_ALL,"-41.876384340,-195.250000000,3059.500000000;-40.877361540,-194.777777800,3061.500000000",NEGATIVE_VOLUME
2308,V15_4_FISHWAY,V15_4_FISHWAY_I,V15_10_ALL,CONCRETE,V15_10_ALL,"-42.875407140,-195.472222200,3059.500000000;-41.876384340,-195.000000000,3061.500000000",NEGATIVE_VOLUME
2309,V15_4_FISHWAY,V15_4_FISHWAY_I,V15_10_ALL,CONCRETE,V15_10_ALL,"-43.874429950,-195.694444400,3059.500000000;-42.875407140,-195.222222200,3061.500000000",NEGATIVE_VOLUME
2310,V15_4_FISHWAY,V15_4_FISHWAY_I,V15_10_ALL,CONCRETE,V15_10_ALL,"-44.873452750,-195.916666700,3059.500000000;-43.874429950,-195.444444400,3061.500000000",NEGATIVE_VOLUME
2311,V15_4_FISHWAY,V15_4_FISHWAY_I,V15_10_ALL,CONCRETE,V15_10_ALL,"-45.872475550,-196.138888900,3059.500000000;-44.873452750,-195.666666700,3061.500000000",NEGATIVE_VOLUME
2312,V15_4_FISHWAY,V15_4_FISHWAY_I,V15_10_ALL,CONCRETE,V15_10_ALL,"-46.871498350,-196.361111100,3059.500000000;-45.872475550,-195.888888900,3061.500000000",NEGATIVE_VOLUME
2313,V15_4_FISHWAY,V15_4_FISHWAY_I,V15_10_ALL,CONCRETE,V15_10_ALL,"-47.870521150,-196.583333300,3059.500000000;-46.871498350,-196.111111100,3061.500000000",NEGATIVE_VOLUME
2314,V15_4_FISHWAY,V15_4_FISHWAY_I,V15_10_ALL,CONCRETE,V15_10_ALL,"-48.869543960,-196.805555600,3059.500000000;-47.870521150,-196.333333300,3061.500000000",NEGATIVE_VOLUME
2315,V15_4_FISHWAY,V15_4_FISHWAY_I,V15_10_ALL,CONCRETE,V15_10_ALL,"-49.868566760,-197.027777800,3059.500000000;-48.869543960,-196.555555600,3061.500000000",NEGATIVE_VOLUME
2316,V15_4_FISHWAY,V15_4_FISHWAY_I,V15_10_ALL,CONCRETE,V15_10_ALL,"-50.867589560,-197.250000000,3059.500000000;-49.868566760,-196.777777800,3061.500000000",NEGATIVE_VOLUME
2317,V15_4_FISHWAY,V15_4_FISHWAY_I,V15_10_ALL,CONCRETE,V15_10_ALL,"-51.866612360,-197.472222200,3059.500000000;-50.867589560,-197.000000000,3061.500000000",NEGATIVE_VOLUME
2318,V15_4_FISHWAY,V15_4_FISHWAY_I,V15_10_ALL,CONCRETE,V15_10_ALL,"-52.865635170,-197.694444400,3059.500000000;-51.866612360,-197.222222200,3061.500000000",NEGATIVE_VOLUME
2319,V15_4_FISHWAY,V15_4_FISHWAY_I,V15_10_ALL,CONCRETE,V15_10_ALL,"-53.864657970,-197.916666700,3059.500000000;-52.865635170,-197.444444400,3061.500000000",NEGATIVE_VOLUME
2320,V15_4_FISHWAY,V15_4_FISHWAY_I,V15_10_ALL,CONCRETE,V15_10_ALL,"-54.863680770,-198.138888900,3059.500000000;-53.864657970,-197.666666700,3061.500000000",NEGATIVE_VOLUME
2321,V15_4_FISHWAY,V15_4_FISHWAY_I,V15_10_ALL,CONCRETE,V15_10_ALL,"-55.862703570,-198.361111100,3059.500000000;-54.863680770,-197.888888900,3061.500000000",NEGATIVE_VOLUME
2322,V15_4_FISHWAY,V15_4_FISHWAY_I,V15_10_ALL,CONCRETE,V15_10_ALL,"-56.861726370,-198.583333300,3059.500000000;-55.862703570,-198.111111100,3061.500000000",NEGATIVE_VOLUME
2323,V15_4_FISHWAY,V15_4_FISHWAY_I,V15_10_ALL,CONCRETE,V15_10_ALL,"-57.860749180,-198.805555600,3059.500000000;-56.861726370,-198.333333300,3061.500000000",NEGATIVE_VOLUME
2324,V15_4_FISHWAY,V15_4_FISHWAY_I,V15_10_ALL,CONCRETE,V15_10_ALL,"-58.859771980,-199.027777800,3059.500000000;-57.860749180,-198.555555600,3061.500000000",NEGATIVE_VOLUME
2325,V15_4_FISHWAY,V15_4_FISHWAY_I,V15_10_ALL,CONCRETE,V15_10_ALL,"-59.858794780,-199.250000000,3059.500000000;-58.859771980,-198.777777800,3061.500000000",NEGATIVE_VOLUME
2326,V15_4_FISHWAY,V15_4_FISHWAY_I,V15_10_ALL,CONCRETE,V15_10_ALL,"-60.857817580,-199.472222200,3059.500000000;-59.858794780,-199.000000000,3061.500000000",NEGATIVE_VOLUME
2327,V15_4_FISHWAY,V15_4_FISHWAY_I,V15_10_ALL,CONCRETE,V15_10_ALL,"-61.856840380,-199.694444400,3059.500000000;-60.857817580,-199.222222200,3061.500000000",NEGATIVE_VOLUME
2328,V15_4_FISHWAY,V15_4_FISHWAY_I,V15_10_ALL,CONCRETE,V15_10_ALL,"-62.855863190,-199.916666700,3059.500000000;-61.856840380,-199.444444400,3061.500000000",NEGATIVE_VOLUME
2329,V15_4_FISHWAY,V15_4_FISHWAY_I,V15_10_ALL,CONCRETE,V15_10_ALL,"-63.854885990,-200.138888900,3059.500000000;-62.855863190,-199.666666700,3061.500000000",NEGATIVE_VOLUME
2330,V15_4_FISHWAY,V15_4_FISHWAY_I,V15_10_ALL,CONCRETE,V15_10_ALL,"-64.853908790,-200.361111100,3059.500000000;-63.854885990,-199.888888900,3061.500000000",NEGATIVE_VOLUME
2331,V15_4_FISHWAY,V15_4_FISHWAY_I,V15_10_ALL,CONCRETE,V15_10_ALL,"-65.852931590,-200.583333300,3059.500000000;-64.853908790,-200.111111100,3061.500000000",NEGATIVE_VOLUME
2332,V15_4_FISHWAY,V15_4_FISHWAY_I,V15_10_ALL,CONCRETE,V15_10_ALL,"-66.851954400,-200.805555600,3059.500000000;-65.852931590,-200.333333300,3061.500000000",NEGATIVE_VOLUME
2333,V15_4_FISHWAY,V15_4_FISHWAY_I,V15_10_ALL,CONCRETE,V15_10_ALL,"-67.850977200,-201.027777800,3059.500000000;-66.851954400,-200.555555600,3061.500000000",NEGATIVE_VOLUME
2334,V15_4_FISHWAY,V15_4_FISHWAY_I,V15_10_ALL,CONCRETE,V15_10_ALL,"-68.850000000,-201.250000000,3059.500000000;-67.850977200,-200.777777800,3061.500000000",NEGATIVE_VOLUME
2335,V15_4_FISHWAY,V15_4_FISHWAY_I,V15_10_ALL,CONCRETE,V15_10_ALL,"379.711238200,-99.222222220,3059.500000000;380.710261000,-98.750000000,3061.500000000",NEGATIVE_VOLUME
2336,V15_4_FISHWAY,V15_4_FISHWAY_I,V15_10_ALL,CONCRETE,V15_10_ALL,"378.712215400,-99.444444440,3059.500000000;379.711238200,-98.972222220,3061.500000000",NEGATIVE_VOLUME
2337,V15_4_FISHWAY,V15_4_FISHWAY_I,V15_10_ALL,CONCRETE,V15_10_ALL,"377.713192600,-99.666666670,3059.500000000;378.712215400,-99.194444440,3061.500000000",NEGATIVE_VOLUME
2338,V15_4_FISHWAY,V15_4_FISHWAY_I,V15_10_ALL,CONCRETE,V15_10_ALL,"376.714169800,-99.888888890,3059.500000000;377.713192600,-99.416666670,3061.500000000",NEGATIVE_VOLUME
2339,V15_4_FISHWAY,V15_4_FISHWAY_I,V15_10_ALL,CONCRETE,V15_10_ALL,"375.715147000,-100.111111100,3059.500000000;376.714169800,-99.638888890,3061.500000000",NEGATIVE_VOLUME
2340,V15_4_FISHWAY,V15_4_FISHWAY_I,V15_10_ALL,CONCRETE,V15_10_ALL,"374.716124200,-100.333333300,3059.500000000;375.715147000,-99.861111110,3061.500000000",NEGATIVE_VOLUME
2341,V15_4_FISHWAY,V15_4_FISHWAY_I,V15_10_ALL,CONCRETE,V15_10_ALL,"373.717101400,-100.555555600,3059.500000000;374.716124200,-100.083333300,3061.500000000",NEGATIVE_VOLUME
2342,V15_4_FISHWAY,V15_4_FISHWAY_I,V15_10_ALL,CONCRETE,V15_10_ALL,"372.718078600,-100.777777800,3059.500000000;373.717101400,-100.305555600,3061.500000000",NEGATIVE_VOLUME
2343,V15_4_FISHWAY,V15_4_FISHWAY_I,V15_10_ALL,CONCRETE,V15_10_ALL,"371.719055800,-101.000000000,3059.500000000;372.718078600,-100.527777800,3061.500000000",NEGATIVE_VOLUME
2344,V15_4_FISHWAY,V15_4_FISHWAY_I,V15_10_ALL,CONCRETE,V15_10_ALL,"370.720033000,-101.222222200,3059.500000000;371.719055800,-100.750000000,3061.500000000",NEGATIVE_VOLUME
2345,V15_4_FISHWAY,V15_4_FISHWAY_I,V15_10_ALL,CONCRETE,V15_10_ALL,"369.721010200,-101.444444400,3059.500000000;370.720033000,-100.972222200,3061.500000000",NEGATIVE_VOLUME
2346,V15_4_FISHWAY,V15_4_FISHWAY_I,V15_10_ALL,CONCRETE,V15_10_ALL,"368.721987400,-101.666666700,3059.500000000;369.721010200,-101.194444400,3061.500000000",NEGATIVE_VOLUME
2347,V15_4_FISHWAY,V15_4_FISHWAY_I,V15_10_ALL,CONCRETE,V15_10_ALL,"367.722964500,-101.888888900,3059.500000000;368.721987400,-101.416666700,3061.500000000",NEGATIVE_VOLUME
2348,V15_4_FISHWAY,V15_4_FISHWAY_I,V15_10_ALL,CONCRETE,V15_10_ALL,"366.723941700,-102.111111100,3059.500000000;367.722964500,-101.638888900,3061.500000000",NEGATIVE_VOLUME
2349,V15_4_FISHWAY,V15_4_FISHWAY_I,V15_10_ALL,CONCRETE,V15_10_ALL,"365.724918900,-102.333333300,3059.500000000;366.723941700,-101.861111100,3061.500000000",NEGATIVE_VOLUME
2350,V15_4_FISHWAY,V15_4_FISHWAY_I,V15_10_ALL,CONCRETE,V15_10_ALL,"364.725896100,-102.555555600,3059.500000000;365.724918900,-102.083333300,3061.500000000",NEGATIVE_VOLUME
2351,V15_4_FISHWAY,V15_4_FISHWAY_I,V15_10_ALL,CONCRETE,V15_10_ALL,"363.726873300,-102.777777800,3059.500000000;364.725896100,-102.305555600,3061.500000000",NEGATIVE_VOLUME
2352,V15_4_FISHWAY,V15_4_FISHWAY_I,V15_10_ALL,CONCRETE,V15_10_ALL,"362.727850500,-103.000000000,3059.500000000;363.726873300,-102.527777800,3061.500000000",NEGATIVE_VOLUME
2353,V15_4_FISHWAY,V15_4_FISHWAY_I,V15_10_ALL,CONCRETE,V15_10_ALL,"361.728827700,-103.222222200,3059.500000000;362.727850500,-102.750000000,3061.500000000",NEGATIVE_VOLUME
2354,V15_4_FISHWAY,V15_4_FISHWAY_I,V15_10_ALL,CONCRETE,V15_10_ALL,"360.729804900,-103.444444400,3059.500000000;361.728827700,-102.972222200,3061.500000000",NEGATIVE_VOLUME
2355,V15_4_FISHWAY,V15_4_FISHWAY_I,V15_10_ALL,CONCRETE,V15_10_ALL,"359.730782100,-103.666666700,3059.500000000;360.729804900,-103.194444400,3061.500000000",NEGATIVE_VOLUME
2356,V15_4_FISHWAY,V15_4_FISHWAY_I,V15_10_ALL,CONCRETE,V15_10_ALL,"358.731759300,-103.888888900,3059.500000000;359.730782100,-103.416666700,3061.500000000",NEGATIVE_VOLUME
2357,V15_4_FISHWAY,V15_4_FISHWAY_I,V15_10_ALL,CONCRETE,V15_10_ALL,"357.732736500,-104.111111100,3059.500000000;358.731759300,-103.638888900,3061.500000000",NEGATIVE_VOLUME
2358,V15_4_FISHWAY,V15_4_FISHWAY_I,V15_10_ALL,CONCRETE,V15_10_ALL,"356.733713700,-104.333333300,3059.500000000;357.732736500,-103.861111100,3061.500000000",NEGATIVE_VOLUME
2359,V15_4_FISHWAY,V15_4_FISHWAY_I,V15_10_ALL,CONCRETE,V15_10_ALL,"355.734690900,-104.555555600,3059.500000000;356.733713700,-104.083333300,3061.500000000",NEGATIVE_VOLUME
2360,V15_4_FISHWAY,V15_4_FISHWAY_I,V15_10_ALL,CONCRETE,V15_10_ALL,"354.735668100,-104.777777800,3059.500000000;355.734690900,-104.305555600,3061.500000000",NEGATIVE_VOLUME
2361,V15_4_FISHWAY,V15_4_FISHWAY_I,V15_10_ALL,CONCRETE,V15_10_ALL,"353.736645300,-105.000000000,3059.500000000;354.735668100,-104.527777800,3061.500000000",NEGATIVE_VOLUME
2362,V15_4_FISHWAY,V15_4_FISHWAY_I,V15_10_ALL,CONCRETE,V15_10_ALL,"352.737622500,-105.222222200,3059.500000000;353.736645300,-104.750000000,3061.500000000",NEGATIVE_VOLUME
2363,V15_4_FISHWAY,V15_4_FISHWAY_I,V15_10_ALL,CONCRETE,V15_10_ALL,"351.738599700,-105.444444400,3059.500000000;352.737622500,-104.972222200,3061.500000000",NEGATIVE_VOLUME
2364,V15_4_FISHWAY,V15_4_FISHWAY_I,V15_10_ALL,CONCRETE,V15_10_ALL,"350.739576900,-105.666666700,3059.500000000;351.738599700,-105.194444400,3061.500000000",NEGATIVE_VOLUME
2365,V15_4_FISHWAY,V15_4_FISHWAY_I,V15_10_ALL,CONCRETE,V15_10_ALL,"349.740554100,-105.888888900,3059.500000000;350.739576900,-105.416666700,3061.500000000",NEGATIVE_VOLUME
2366,V15_4_FISHWAY,V15_4_FISHWAY_I,V15_10_ALL,CONCRETE,V15_10_ALL,"348.741531300,-106.111111100,3059.500000000;349.740554100,-105.638888900,3061.500000000",NEGATIVE_VOLUME
2367,V15_4_FISHWAY,V15_4_FISHWAY_I,V15_10_ALL,CONCRETE,V15_10_ALL,"347.742508500,-106.333333300,3059.500000000;348.741531300,-105.861111100,3061.500000000",NEGATIVE_VOLUME
2368,V15_4_FISHWAY,V15_4_FISHWAY_I,V15_10_ALL,CONCRETE,V15_10_ALL,"346.743485700,-106.555555600,3059.500000000;347.742508500,-106.083333300,3061.500000000",NEGATIVE_VOLUME
2369,V15_4_FISHWAY,V15_4_FISHWAY_I,V15_10_ALL,CONCRETE,V15_10_ALL,"345.744462900,-106.777777800,3059.500000000;346.743485700,-106.305555600,3061.500000000",NEGATIVE_VOLUME
2370,V15_4_FISHWAY,V15_4_FISHWAY_I,V15_10_ALL,CONCRETE,V15_10_ALL,"344.745440100,-107.000000000,3059.500000000;345.744462900,-106.527777800,3061.500000000",NEGATIVE_VOLUME
2371,V15_4_FISHWAY,V15_4_FISHWAY_I,V15_10_ALL,CONCRETE,V15_10_ALL,"343.746417300,-107.222222200,3059.500000000;344.745440100,-106.750000000,3061.500000000",NEGATIVE_VOLUME
2372,V15_4_FISHWAY,V15_4_FISHWAY_I,V15_10_ALL,CONCRETE,V15_10_ALL,"342.747394500,-107.444444400,3059.500000000;343.746417300,-106.972222200,3061.500000000",NEGATIVE_VOLUME
2373,V15_4_FISHWAY,V15_4_FISHWAY_I,V15_10_ALL,CONCRETE,V15_10_ALL,"341.748371700,-107.666666700,3059.500000000;342.747394500,-107.194444400,3061.500000000",NEGATIVE_VOLUME
2374,V15_4_FISHWAY,V15_4_FISHWAY_I,V15_10_ALL,CONCRETE,V15_10_ALL,"340.749348900,-107.888888900,3059.500000000;341.748371700,-107.416666700,3061.500000000",NEGATIVE_VOLUME
2375,V15_4_FISHWAY,V15_4_FISHWAY_I,V15_10_ALL,CONCRETE,V15_10_ALL,"339.750326100,-108.111111100,3059.500000000;340.749348900,-107.638888900,3061.500000000",NEGATIVE_VOLUME
2376,V15_4_FISHWAY,V15_4_FISHWAY_I,V15_10_ALL,CONCRETE,V15_10_ALL,"338.751303300,-108.333333300,3059.500000000;339.750326100,-107.861111100,3061.500000000",NEGATIVE_VOLUME
2377,V15_4_FISHWAY,V15_4_FISHWAY_I,V15_10_ALL,CONCRETE,V15_10_ALL,"337.752280500,-108.555555600,3059.500000000;338.751303300,-108.083333300,3061.500000000",NEGATIVE_VOLUME
2378,V15_4_FISHWAY,V15_4_FISHWAY_I,V15_10_ALL,CONCRETE,V15_10_ALL,"336.753257700,-108.777777800,3059.500000000;337.752280500,-108.305555600,3061.500000000",NEGATIVE_VOLUME
2379,V15_4_FISHWAY,V15_4_FISHWAY_I,V15_10_ALL,CONCRETE,V15_10_ALL,"335.754234900,-109.000000000,3059.500000000;336.753257700,-108.527777800,3061.500000000",NEGATIVE_VOLUME
2380,V15_4_FISHWAY,V15_4_FISHWAY_I,V15_10_ALL,CONCRETE,V15_10_ALL,"334.755212100,-109.222222200,3059.500000000;335.754234900,-108.750000000,3061.500000000",NEGATIVE_VOLUME
2381,V15_4_FISHWAY,V15_4_FISHWAY_I,V15_10_ALL,CONCRETE,V15_10_ALL,"333.756189300,-109.444444400,3059.500000000;334.755212100,-108.972222200,3061.500000000",NEGATIVE_VOLUME
2382,V15_4_FISHWAY,V15_4_FISHWAY_I,V15_10_ALL,CONCRETE,V15_10_ALL,"332.757166500,-109.666666700,3059.500000000;333.756189300,-109.194444400,3061.500000000",NEGATIVE_VOLUME
2383,V15_4_FISHWAY,V15_4_FISHWAY_I,V15_10_ALL,CONCRETE,V15_10_ALL,"331.758143700,-109.888888900,3059.500000000;332.757166500,-109.416666700,3061.500000000",NEGATIVE_VOLUME
2384,V15_4_FISHWAY,V15_4_FISHWAY_I,V15_10_ALL,CONCRETE,V15_10_ALL,"330.759120900,-110.111111100,3059.500000000;331.758143700,-109.638888900,3061.500000000",NEGATIVE_VOLUME
2385,V15_4_FISHWAY,V15_4_FISHWAY_I,V15_10_ALL,CONCRETE,V15_10_ALL,"329.760098100,-110.333333300,3059.500000000;330.759120900,-109.861111100,3061.500000000",NEGATIVE_VOLUME
2386,V15_4_FISHWAY,V15_4_FISHWAY_I,V15_10_ALL,CONCRETE,V15_10_ALL,"328.761075300,-110.555555600,3059.500000000;329.760098100,-110.083333300,3061.500000000",NEGATIVE_VOLUME
2387,V15_4_FISHWAY,V15_4_FISHWAY_I,V15_10_ALL,CONCRETE,V15_10_ALL,"327.762052500,-110.777777800,3059.500000000;328.761075300,-110.305555600,3061.500000000",NEGATIVE_VOLUME
2388,V15_4_FISHWAY,V15_4_FISHWAY_I,V15_10_ALL,CONCRETE,V15_10_ALL,"326.763029700,-111.000000000,3059.500000000;327.762052500,-110.527777800,3061.500000000",NEGATIVE_VOLUME
2389,V15_4_FISHWAY,V15_4_FISHWAY_I,V15_10_ALL,CONCRETE,V15_10_ALL,"325.764006900,-111.222222200,3059.500000000;326.763029700,-110.750000000,3061.500000000",NEGATIVE_VOLUME
2390,V15_4_FISHWAY,V15_4_FISHWAY_I,V15_10_ALL,CONCRETE,V15_10_ALL,"324.764984100,-111.444444400,3059.500000000;325.764006900,-110.972222200,3061.500000000",NEGATIVE_VOLUME
2391,V15_4_FISHWAY,V15_4_FISHWAY_I,V15_10_ALL,CONCRETE,V15_10_ALL,"323.765961300,-111.666666700,3059.500000000;324.764984100,-111.194444400,3061.500000000",NEGATIVE_VOLUME
2392,V15_4_FISHWAY,V15_4_FISHWAY_I,V15_10_ALL,CONCRETE,V15_10_ALL,"322.766938500,-111.888888900,3059.500000000;323.765961300,-111.416666700,3061.500000000",NEGATIVE_VOLUME
2393,V15_4_FISHWAY,V15_4_FISHWAY_I,V15_10_ALL,CONCRETE,V15_10_ALL,"321.767915600,-112.111111100,3059.500000000;322.766938500,-111.638888900,3061.500000000",NEGATIVE_VOLUME
2394,V15_4_FISHWAY,V15_4_FISHWAY_I,V15_10_ALL,CONCRETE,V15_10_ALL,"320.768892800,-112.333333300,3059.500000000;321.767915600,-111.861111100,3061.500000000",NEGATIVE_VOLUME
2395,V15_4_FISHWAY,V15_4_FISHWAY_I,V15_10_ALL,CONCRETE,V15_10_ALL,"319.769870000,-112.555555600,3059.500000000;320.768892800,-112.083333300,3061.500000000",NEGATIVE_VOLUME
2396,V15_4_FISHWAY,V15_4_FISHWAY_I,V15_10_ALL,CONCRETE,V15_10_ALL,"318.770847200,-112.777777800,3059.500000000;319.769870000,-112.305555600,3061.500000000",NEGATIVE_VOLUME
2397,V15_4_FISHWAY,V15_4_FISHWAY_I,V15_10_ALL,CONCRETE,V15_10_ALL,"317.771824400,-113.000000000,3059.500000000;318.770847200,-112.527777800,3061.500000000",NEGATIVE_VOLUME
2398,V15_4_FISHWAY,V15_4_FISHWAY_I,V15_10_ALL,CONCRETE,V15_10_ALL,"316.772801600,-113.222222200,3059.500000000;317.771824400,-112.750000000,3061.500000000",NEGATIVE_VOLUME
2399,V15_4_FISHWAY,V15_4_FISHWAY_I,V15_10_ALL,CONCRETE,V15_10_ALL,"315.773778800,-113.444444400,3059.500000000;316.772801600,-112.972222200,3061.500000000",NEGATIVE_VOLUME
2400,V15_4_FISHWAY,V15_4_FISHWAY_I,V15_10_ALL,CONCRETE,V15_10_ALL,"314.774756000,-113.666666700,3059.500000000;315.773778800,-113.194444400,3061.500000000",NEGATIVE_VOLUME
2401,V15_4_FISHWAY,V15_4_FISHWAY_I,V15_10_ALL,CONCRETE,V15_10_ALL,"313.775733200,-113.888888900,3059.500000000;314.774756000,-113.416666700,3061.500000000",NEGATIVE_VOLUME
2402,V15_4_FISHWAY,V15_4_FISHWAY_I,V15_10_ALL,CONCRETE,V15_10_ALL,"312.776710400,-114.111111100,3059.500000000;313.775733200,-113.638888900,3061.500000000",NEGATIVE_VOLUME
2403,V15_4_FISHWAY,V15_4_FISHWAY_I,V15_10_ALL,CONCRETE,V15_10_ALL,"311.777687600,-114.333333300,3059.500000000;312.776710400,-113.861111100,3061.500000000",NEGATIVE_VOLUME
2404,V15_4_FISHWAY,V15_4_FISHWAY_I,V15_10_ALL,CONCRETE,V15_10_ALL,"310.778664800,-114.555555600,3059.500000000;311.777687600,-114.083333300,3061.500000000",NEGATIVE_VOLUME
2405,V15_4_FISHWAY,V15_4_FISHWAY_I,V15_10_ALL,CONCRETE,V15_10_ALL,"309.779642000,-114.777777800,3059.500000000;310.778664800,-114.305555600,3061.500000000",NEGATIVE_VOLUME
2406,V15_4_FISHWAY,V15_4_FISHWAY_I,V15_10_ALL,CONCRETE,V15_10_ALL,"308.780619200,-115.000000000,3059.500000000;309.779642000,-114.527777800,3061.500000000",NEGATIVE_VOLUME
2407,V15_4_FISHWAY,V15_4_FISHWAY_I,V15_10_ALL,CONCRETE,V15_10_ALL,"307.781596400,-115.222222200,3059.500000000;308.780619200,-114.750000000,3061.500000000",NEGATIVE_VOLUME
2408,V15_4_FISHWAY,V15_4_FISHWAY_I,V15_10_ALL,CONCRETE,V15_10_ALL,"306.782573600,-115.444444400,3059.500000000;307.781596400,-114.972222200,3061.500000000",NEGATIVE_VOLUME
2409,V15_4_FISHWAY,V15_4_FISHWAY_I,V15_10_ALL,CONCRETE,V15_10_ALL,"305.783550800,-115.666666700,3059.500000000;306.782573600,-115.194444400,3061.500000000",NEGATIVE_VOLUME
2410,V15_4_FISHWAY,V15_4_FISHWAY_I,V15_10_ALL,CONCRETE,V15_10_ALL,"304.784528000,-115.888888900,3059.500000000;305.783550800,-115.416666700,3061.500000000",NEGATIVE_VOLUME
2411,V15_4_FISHWAY,V15_4_FISHWAY_I,V15_10_ALL,CONCRETE,V15_10_ALL,"303.785505200,-116.111111100,3059.500000000;304.784528000,-115.638888900,3061.500000000",NEGATIVE_VOLUME
2412,V15_4_FISHWAY,V15_4_FISHWAY_I,V15_10_ALL,CONCRETE,V15_10_ALL,"302.786482400,-116.333333300,3059.500000000;303.785505200,-115.861111100,3061.500000000",NEGATIVE_VOLUME
2413,V15_4_FISHWAY,V15_4_FISHWAY_I,V15_10_ALL,CONCRETE,V15_10_ALL,"301.787459600,-116.555555600,3059.500000000;302.786482400,-116.083333300,3061.500000000",NEGATIVE_VOLUME
2414,V15_4_FISHWAY,V15_4_FISHWAY_I,V15_10_ALL,CONCRETE,V15_10_ALL,"300.788436800,-116.777777800,3059.500000000;301.787459600,-116.305555600,3061.500000000",NEGATIVE_VOLUME
2415,V15_4_FISHWAY,V15_4_FISHWAY_I,V15_10_ALL,CONCRETE,V15_10_ALL,"299.789414000,-117.000000000,3059.500000000;300.788436800,-116.527777800,3061.500000000",NEGATIVE_VOLUME
2416,V15_4_FISHWAY,V15_4_FISHWAY_I,V15_10_ALL,CONCRETE,V15_10_ALL,"298.790391200,-117.222222200,3059.500000000;299.789414000,-116.750000000,3061.500000000",NEGATIVE_VOLUME
2417,V15_4_FISHWAY,V15_4_FISHWAY_I,V15_10_ALL,CONCRETE,V15_10_ALL,"297.791368400,-117.444444400,3059.500000000;298.790391200,-116.972222200,3061.500000000",NEGATIVE_VOLUME
2418,V15_4_FISHWAY,V15_4_FISHWAY_I,V15_10_ALL,CONCRETE,V15_10_ALL,"296.792345600,-117.666666700,3059.500000000;297.791368400,-117.194444400,3061.500000000",NEGATIVE_VOLUME
2419,V15_4_FISHWAY,V15_4_FISHWAY_I,V15_10_ALL,CONCRETE,V15_10_ALL,"295.793322800,-117.888888900,3059.500000000;296.792345600,-117.416666700,3061.500000000",NEGATIVE_VOLUME
2420,V15_4_FISHWAY,V15_4_FISHWAY_I,V15_10_ALL,CONCRETE,V15_10_ALL,"294.794300000,-118.111111100,3059.500000000;295.793322800,-117.638888900,3061.500000000",NEGATIVE_VOLUME
2421,V15_4_FISHWAY,V15_4_FISHWAY_I,V15_10_ALL,CONCRETE,V15_10_ALL,"293.795277200,-118.333333300,3059.500000000;294.794300000,-117.861111100,3061.500000000",NEGATIVE_VOLUME
2422,V15_4_FISHWAY,V15_4_FISHWAY_I,V15_10_ALL,CONCRETE,V15_10_ALL,"292.796254400,-118.555555600,3059.500000000;293.795277200,-118.083333300,3061.500000000",NEGATIVE_VOLUME
2423,V15_4_FISHWAY,V15_4_FISHWAY_I,V15_10_ALL,CONCRETE,V15_10_ALL,"291.797231600,-118.777777800,3059.500000000;292.796254400,-118.305555600,3061.500000000",NEGATIVE_VOLUME
2424,V15_4_FISHWAY,V15_4_FISHWAY_I,V15_10_ALL,CONCRETE,V15_10_ALL,"290.798208800,-119.000000000,3059.500000000;291.797231600,-118.527777800,3061.500000000",NEGATIVE_VOLUME
2425,V15_4_FISHWAY,V15_4_FISHWAY_I,V15_10_ALL,CONCRETE,V15_10_ALL,"289.799186000,-119.222222200,3059.500000000;290.798208800,-118.750000000,3061.500000000",NEGATIVE_VOLUME
2426,V15_4_FISHWAY,V15_4_FISHWAY_I,V15_10_ALL,CONCRETE,V15_10_ALL,"288.800163200,-119.444444400,3059.500000000;289.799186000,-118.972222200,3061.500000000",NEGATIVE_VOLUME
2427,V15_4_FISHWAY,V15_4_FISHWAY_I,V15_10_ALL,CONCRETE,V15_10_ALL,"287.801140400,-119.666666700,3059.500000000;288.800163200,-119.194444400,3061.500000000",NEGATIVE_VOLUME
2428,V15_4_FISHWAY,V15_4_FISHWAY_I,V15_10_ALL,CONCRETE,V15_10_ALL,"286.802117600,-119.888888900,3059.500000000;287.801140400,-119.416666700,3061.500000000",NEGATIVE_VOLUME
2429,V15_4_FISHWAY,V15_4_FISHWAY_I,V15_10_ALL,CONCRETE,V15_10_ALL,"285.803094800,-120.111111100,3059.500000000;286.802117600,-119.638888900,3061.500000000",NEGATIVE_VOLUME
2430,V15_4_FISHWAY,V15_4_FISHWAY_I,V15_10_ALL,CONCRETE,V15_10_ALL,"284.804072000,-120.333333300,3059.500000000;285.803094800,-119.861111100,3061.500000000",NEGATIVE_VOLUME
2431,V15_4_FISHWAY,V15_4_FISHWAY_I,V15_10_ALL,CONCRETE,V15_10_ALL,"283.805049200,-120.555555600,3059.500000000;284.804072000,-120.083333300,3061.500000000",NEGATIVE_VOLUME
2432,V15_4_FISHWAY,V15_4_FISHWAY_I,V15_10_ALL,CONCRETE,V15_10_ALL,"282.806026400,-120.777777800,3059.500000000;283.805049200,-120.305555600,3061.500000000",NEGATIVE_VOLUME
2433,V15_4_FISHWAY,V15_4_FISHWAY_I,V15_10_ALL,CONCRETE,V15_10_ALL,"281.807003600,-121.000000000,3059.500000000;282.806026400,-120.527777800,3061.500000000",NEGATIVE_VOLUME
2434,V15_4_FISHWAY,V15_4_FISHWAY_I,V15_10_ALL,CONCRETE,V15_10_ALL,"280.807980800,-121.222222200,3059.500000000;281.807003600,-120.750000000,3061.500000000",NEGATIVE_VOLUME
2435,V15_4_FISHWAY,V15_4_FISHWAY_I,V15_10_ALL,CONCRETE,V15_10_ALL,"279.808958000,-121.444444400,3059.500000000;280.807980800,-120.972222200,3061.500000000",NEGATIVE_VOLUME
2436,V15_4_FISHWAY,V15_4_FISHWAY_I,V15_10_ALL,CONCRETE,V15_10_ALL,"278.809935200,-121.666666700,3059.500000000;279.808958000,-121.194444400,3061.500000000",NEGATIVE_VOLUME
2437,V15_4_FISHWAY,V15_4_FISHWAY_I,V15_10_ALL,CONCRETE,V15_10_ALL,"277.810912400,-121.888888900,3059.500000000;278.809935200,-121.416666700,3061.500000000",NEGATIVE_VOLUME
2438,V15_4_FISHWAY,V15_4_FISHWAY_I,V15_10_ALL,CONCRETE,V15_10_ALL,"276.811889600,-122.111111100,3059.500000000;277.810912400,-121.638888900,3061.500000000",NEGATIVE_VOLUME
2439,V15_4_FISHWAY,V15_4_FISHWAY_I,V15_10_ALL,CONCRETE,V15_10_ALL,"275.812866700,-122.333333300,3059.500000000;276.811889600,-121.861111100,3061.500000000",NEGATIVE_VOLUME
2440,V15_4_FISHWAY,V15_4_FISHWAY_I,V15_10_ALL,CONCRETE,V15_10_ALL,"274.813843900,-122.555555600,3059.500000000;275.812866700,-122.083333300,3061.500000000",NEGATIVE_VOLUME
2441,V15_4_FISHWAY,V15_4_FISHWAY_I,V15_10_ALL,CONCRETE,V15_10_ALL,"273.814821100,-122.777777800,3059.500000000;274.813843900,-122.305555600,3061.500000000",NEGATIVE_VOLUME
2442,V15_4_FISHWAY,V15_4_FISHWAY_I,V15_10_ALL,CONCRETE,V15_10_ALL,"272.815798300,-123.000000000,3059.500000000;273.814821100,-122.527777800,3061.500000000",NEGATIVE_VOLUME
2443,V15_4_FISHWAY,V15_4_FISHWAY_I,V15_10_ALL,CONCRETE,V15_10_ALL,"271.816775500,-123.222222200,3059.500000000;272.815798300,-122.750000000,3061.500000000",NEGATIVE_VOLUME
2444,V15_4_FISHWAY,V15_4_FISHWAY_I,V15_10_ALL,CONCRETE,V15_10_ALL,"270.817752700,-123.444444400,3059.500000000;271.816775500,-122.972222200,3061.500000000",NEGATIVE_VOLUME
2445,V15_4_FISHWAY,V15_4_FISHWAY_I,V15_10_ALL,CONCRETE,V15_10_ALL,"269.818729900,-123.666666700,3059.500000000;270.817752700,-123.194444400,3061.500000000",NEGATIVE_VOLUME
2446,V15_4_FISHWAY,V15_4_FISHWAY_I,V15_10_ALL,CONCRETE,V15_10_ALL,"268.819707100,-123.888888900,3059.500000000;269.818729900,-123.416666700,3061.500000000",NEGATIVE_VOLUME
2447,V15_4_FISHWAY,V15_4_FISHWAY_I,V15_10_ALL,CONCRETE,V15_10_ALL,"267.820684300,-124.111111100,3059.500000000;268.819707100,-123.638888900,3061.500000000",NEGATIVE_VOLUME
2448,V15_4_FISHWAY,V15_4_FISHWAY_I,V15_10_ALL,CONCRETE,V15_10_ALL,"266.821661500,-124.333333300,3059.500000000;267.820684300,-123.861111100,3061.500000000",NEGATIVE_VOLUME
2449,V15_4_FISHWAY,V15_4_FISHWAY_I,V15_10_ALL,CONCRETE,V15_10_ALL,"265.822638700,-124.555555600,3059.500000000;266.821661500,-124.083333300,3061.500000000",NEGATIVE_VOLUME
2450,V15_4_FISHWAY,V15_4_FISHWAY_I,V15_10_ALL,CONCRETE,V15_10_ALL,"264.823615900,-124.777777800,3059.500000000;265.822638700,-124.305555600,3061.500000000",NEGATIVE_VOLUME
2451,V15_4_FISHWAY,V15_4_FISHWAY_I,V15_10_ALL,CONCRETE,V15_10_ALL,"263.824593100,-125.000000000,3059.500000000;264.823615900,-124.527777800,3061.500000000",NEGATIVE_VOLUME
2452,V15_4_FISHWAY,V15_4_FISHWAY_I,V15_10_ALL,CONCRETE,V15_10_ALL,"262.825570300,-125.222222200,3059.500000000;263.824593100,-124.750000000,3061.500000000",NEGATIVE_VOLUME
2453,V15_4_FISHWAY,V15_4_FISHWAY_I,V15_10_ALL,CONCRETE,V15_10_ALL,"261.826547500,-125.444444400,3059.500000000;262.825570300,-124.972222200,3061.500000000",NEGATIVE_VOLUME
2454,V15_4_FISHWAY,V15_4_FISHWAY_I,V15_10_ALL,CONCRETE,V15_10_ALL,"260.827524700,-125.666666700,3059.500000000;261.826547500,-125.194444400,3061.500000000",NEGATIVE_VOLUME
2455,V15_4_FISHWAY,V15_4_FISHWAY_I,V15_10_ALL,CONCRETE,V15_10_ALL,"259.828501900,-125.888888900,3059.500000000;260.827524700,-125.416666700,3061.500000000",NEGATIVE_VOLUME
2456,V15_4_FISHWAY,V15_4_FISHWAY_I,V15_10_ALL,CONCRETE,V15_10_ALL,"258.829479100,-126.111111100,3059.500000000;259.828501900,-125.638888900,3061.500000000",NEGATIVE_VOLUME
2457,V15_4_FISHWAY,V15_4_FISHWAY_I,V15_10_ALL,CONCRETE,V15_10_ALL,"257.830456300,-126.333333300,3059.500000000;258.829479100,-125.861111100,3061.500000000",NEGATIVE_VOLUME
2458,V15_4_FISHWAY,V15_4_FISHWAY_I,V15_10_ALL,CONCRETE,V15_10_ALL,"256.831433500,-126.555555600,3059.500000000;257.830456300,-126.083333300,3061.500000000",NEGATIVE_VOLUME
2459,V15_4_FISHWAY,V15_4_FISHWAY_I,V15_10_ALL,CONCRETE,V15_10_ALL,"255.832410700,-126.777777800,3059.500000000;256.831433500,-126.305555600,3061.500000000",NEGATIVE_VOLUME
2460,V15_4_FISHWAY,V15_4_FISHWAY_I,V15_10_ALL,CONCRETE,V15_10_ALL,"254.833387900,-127.000000000,3059.500000000;255.832410700,-126.527777800,3061.500000000",NEGATIVE_VOLUME
2461,V15_4_FISHWAY,V15_4_FISHWAY_I,V15_10_ALL,CONCRETE,V15_10_ALL,"253.834365100,-127.222222200,3059.500000000;254.833387900,-126.750000000,3061.500000000",NEGATIVE_VOLUME
2462,V15_4_FISHWAY,V15_4_FISHWAY_I,V15_10_ALL,CONCRETE,V15_10_ALL,"252.835342300,-127.444444400,3059.500000000;253.834365100,-126.972222200,3061.500000000",NEGATIVE_VOLUME
2463,V15_4_FISHWAY,V15_4_FISHWAY_I,V15_10_ALL,CONCRETE,V15_10_ALL,"251.836319500,-127.666666700,3059.500000000;252.835342300,-127.194444400,3061.500000000",NEGATIVE_VOLUME
2464,V15_4_FISHWAY,V15_4_FISHWAY_I,V15_10_ALL,CONCRETE,V15_10_ALL,"250.837296700,-127.888888900,3059.500000000;251.836319500,-127.416666700,3061.500000000",NEGATIVE_VOLUME
2465,V15_4_FISHWAY,V15_4_FISHWAY_I,V15_10_ALL,CONCRETE,V15_10_ALL,"249.838273900,-128.111111100,3059.500000000;250.837296700,-127.638888900,3061.500000000",NEGATIVE_VOLUME
2466,V15_4_FISHWAY,V15_4_FISHWAY_I,V15_10_ALL,CONCRETE,V15_10_ALL,"248.839251100,-128.333333300,3059.500000000;249.838273900,-127.861111100,3061.500000000",NEGATIVE_VOLUME
2467,V15_4_FISHWAY,V15_4_FISHWAY_I,V15_10_ALL,CONCRETE,V15_10_ALL,"247.840228300,-128.555555600,3059.500000000;248.839251100,-128.083333300,3061.500000000",NEGATIVE_VOLUME
2468,V15_4_FISHWAY,V15_4_FISHWAY_I,V15_10_ALL,CONCRETE,V15_10_ALL,"246.841205500,-128.777777800,3059.500000000;247.840228300,-128.305555600,3061.500000000",NEGATIVE_VOLUME
2469,V15_4_FISHWAY,V15_4_FISHWAY_I,V15_10_ALL,CONCRETE,V15_10_ALL,"245.842182700,-129.000000000,3059.500000000;246.841205500,-128.527777800,3061.500000000",NEGATIVE_VOLUME
2470,V15_4_FISHWAY,V15_4_FISHWAY_I,V15_10_ALL,CONCRETE,V15_10_ALL,"244.843159900,-129.222222200,3059.500000000;245.842182700,-128.750000000,3061.500000000",NEGATIVE_VOLUME
2471,V15_4_FISHWAY,V15_4_FISHWAY_I,V15_10_ALL,CONCRETE,V15_10_ALL,"243.844137100,-129.444444400,3059.500000000;244.843159900,-128.972222200,3061.500000000",NEGATIVE_VOLUME
2472,V15_4_FISHWAY,V15_4_FISHWAY_I,V15_10_ALL,CONCRETE,V15_10_ALL,"242.845114300,-129.666666700,3059.500000000;243.844137100,-129.194444400,3061.500000000",NEGATIVE_VOLUME
2473,V15_4_FISHWAY,V15_4_FISHWAY_I,V15_10_ALL,CONCRETE,V15_10_ALL,"241.846091500,-129.888888900,3059.500000000;242.845114300,-129.416666700,3061.500000000",NEGATIVE_VOLUME
2474,V15_4_FISHWAY,V15_4_FISHWAY_I,V15_10_ALL,CONCRETE,V15_10_ALL,"240.847068700,-130.111111100,3059.500000000;241.846091500,-129.638888900,3061.500000000",NEGATIVE_VOLUME
2475,V15_4_FISHWAY,V15_4_FISHWAY_I,V15_10_ALL,CONCRETE,V15_10_ALL,"239.848045900,-130.333333300,3059.500000000;240.847068700,-129.861111100,3061.500000000",NEGATIVE_VOLUME
2476,V15_4_FISHWAY,V15_4_FISHWAY_I,V15_10_ALL,CONCRETE,V15_10_ALL,"238.849023100,-130.555555600,3059.500000000;239.848045900,-130.083333300,3061.500000000",NEGATIVE_VOLUME
2477,V15_4_FISHWAY,V15_4_FISHWAY_I,V15_10_ALL,CONCRETE,V15_10_ALL,"237.850000300,-130.777777800,3059.500000000;238.849023100,-130.305555600,3061.500000000",NEGATIVE_VOLUME
2478,V15_4_FISHWAY,V15_4_FISHWAY_I,V15_10_ALL,CONCRETE,V15_10_ALL,"236.850977500,-131.000000000,3059.500000000;237.850000300,-130.527777800,3061.500000000",NEGATIVE_VOLUME
2479,V15_4_FISHWAY,V15_4_FISHWAY_I,V15_10_ALL,CONCRETE,V15_10_ALL,"235.851954700,-131.222222200,3059.500000000;236.850977500,-130.750000000,3061.500000000",NEGATIVE_VOLUME
2480,V15_4_FISHWAY,V15_4_FISHWAY_I,V15_10_ALL,CONCRETE,V15_10_ALL,"234.852931900,-131.444444400,3059.500000000;235.851954700,-130.972222200,3061.500000000",NEGATIVE_VOLUME
2481,V15_4_FISHWAY,V15_4_FISHWAY_I,V15_10_ALL,CONCRETE,V15_10_ALL,"233.853909100,-131.666666700,3059.500000000;234.852931900,-131.194444400,3061.500000000",NEGATIVE_VOLUME
2482,V15_4_FISHWAY,V15_4_FISHWAY_I,V15_10_ALL,CONCRETE,V15_10_ALL,"232.854886300,-131.888888900,3059.500000000;233.853909100,-131.416666700,3061.500000000",NEGATIVE_VOLUME
2483,V15_4_FISHWAY,V15_4_FISHWAY_I,V15_10_ALL,CONCRETE,V15_10_ALL,"231.855863500,-132.111111100,3059.500000000;232.854886300,-131.638888900,3061.500000000",NEGATIVE_VOLUME
2484,V15_4_FISHWAY,V15_4_FISHWAY_I,V15_10_ALL,CONCRETE,V15_10_ALL,"230.856840700,-132.333333300,3059.500000000;231.855863500,-131.861111100,3061.500000000",NEGATIVE_VOLUME
2485,V15_4_FISHWAY,V15_4_FISHWAY_I,V15_10_ALL,CONCRETE,V15_10_ALL,"229.857817800,-132.555555600,3059.500000000;230.856840700,-132.083333300,3061.500000000",NEGATIVE_VOLUME
2486,V15_4_FISHWAY,V15_4_FISHWAY_I,V15_10_ALL,CONCRETE,V15_10_ALL,"228.858795000,-132.777777800,3059.500000000;229.857817800,-132.305555600,3061.500000000",NEGATIVE_VOLUME
2487,V15_4_FISHWAY,V15_4_FISHWAY_I,V15_10_ALL,CONCRETE,V15_10_ALL,"227.859772200,-133.000000000,3059.500000000;228.858795000,-132.527777800,3061.500000000",NEGATIVE_VOLUME
2488,V15_4_FISHWAY,V15_4_FISHWAY_I,V15_10_ALL,CONCRETE,V15_10_ALL,"226.860749400,-133.222222200,3059.500000000;227.859772200,-132.750000000,3061.500000000",NEGATIVE_VOLUME
2489,V15_4_FISHWAY,V15_4_FISHWAY_I,V15_10_ALL,CONCRETE,V15_10_ALL,"225.861726600,-133.444444400,3059.500000000;226.860749400,-132.972222200,3061.500000000",NEGATIVE_VOLUME
2490,V15_4_FISHWAY,V15_4_FISHWAY_I,V15_10_ALL,CONCRETE,V15_10_ALL,"224.862703800,-133.666666700,3059.500000000;225.861726600,-133.194444400,3061.500000000",NEGATIVE_VOLUME
2491,V15_4_FISHWAY,V15_4_FISHWAY_I,V15_10_ALL,CONCRETE,V15_10_ALL,"223.863681000,-133.888888900,3059.500000000;224.862703800,-133.416666700,3061.500000000",NEGATIVE_VOLUME
2492,V15_4_FISHWAY,V15_4_FISHWAY_I,V15_10_ALL,CONCRETE,V15_10_ALL,"222.864658200,-134.111111100,3059.500000000;223.863681000,-133.638888900,3061.500000000",NEGATIVE_VOLUME
2493,V15_4_FISHWAY,V15_4_FISHWAY_I,V15_10_ALL,CONCRETE,V15_10_ALL,"221.865635400,-134.333333300,3059.500000000;222.864658200,-133.861111100,3061.500000000",NEGATIVE_VOLUME
2494,V15_4_FISHWAY,V15_4_FISHWAY_I,V15_10_ALL,CONCRETE,V15_10_ALL,"220.866612600,-134.555555600,3059.500000000;221.865635400,-134.083333300,3061.500000000",NEGATIVE_VOLUME
2495,V15_4_FISHWAY,V15_4_FISHWAY_I,V15_10_ALL,CONCRETE,V15_10_ALL,"219.867589800,-134.777777800,3059.500000000;220.866612600,-134.305555600,3061.500000000",NEGATIVE_VOLUME
2496,V15_4_FISHWAY,V15_4_FISHWAY_I,V15_10_ALL,CONCRETE,V15_10_ALL,"218.868567000,-135.000000000,3059.500000000;219.867589800,-134.527777800,3061.500000000",NEGATIVE_VOLUME
2497,V15_4_FISHWAY,V15_4_FISHWAY_I,V15_10_ALL,CONCRETE,V15_10_ALL,"217.869544200,-135.222222200,3059.500000000;218.868567000,-134.750000000,3061.500000000",NEGATIVE_VOLUME
2498,V15_4_FISHWAY,V15_4_FISHWAY_I,V15_10_ALL,CONCRETE,V15_10_ALL,"216.870521400,-135.444444400,3059.500000000;217.869544200,-134.972222200,3061.500000000",NEGATIVE_VOLUME
2499,V15_4_FISHWAY,V15_4_FISHWAY_I,V15_10_ALL,CONCRETE,V15_10_ALL,"215.871498600,-135.666666700,3059.500000000;216.870521400,-135.194444400,3061.500000000",NEGATIVE_VOLUME
2500,V15_4_FISHWAY,V15_4_FISHWAY_I,V15_10_ALL,CONCRETE,V15_10_ALL,"214.872475800,-135.888888900,3059.500000000;215.871498600,-135.416666700,3061.500000000",NEGATIVE_VOLUME
2501,V15_4_FISHWAY,V15_4_FISHWAY_I,V15_10_ALL,CONCRETE,V15_10_ALL,"213.873453000,-136.111111100,3059.500000000;214.872475800,-135.638888900,3061.500000000",NEGATIVE_VOLUME
2502,V15_4_FISHWAY,V15_4_FISHWAY_I,V15_10_ALL,CONCRETE,V15_10_ALL,"212.874430200,-136.333333300,3059.500000000;213.873453000,-135.861111100,3061.500000000",NEGATIVE_VOLUME
2503,V15_4_FISHWAY,V15_4_FISHWAY_I,V15_10_ALL,CONCRETE,V15_10_ALL,"211.875407400,-136.555555600,3059.500000000;212.874430200,-136.083333300,3061.500000000",NEGATIVE_VOLUME
2504,V15_4_FISHWAY,V15_4_FISHWAY_I,V15_10_ALL,CONCRETE,V15_10_ALL,"210.876384600,-136.777777800,3059.500000000;211.875407400,-136.305555600,3061.500000000",NEGATIVE_VOLUME
2505,V15_4_FISHWAY,V15_4_FISHWAY_I,V15_10_ALL,CONCRETE,V15_10_ALL,"209.877361800,-137.000000000,3059.500000000;210.876384600,-136.527777800,3061.500000000",NEGATIVE_VOLUME
2506,V15_4_FISHWAY,V15_4_FISHWAY_I,V15_10_ALL,CONCRETE,V15_10_ALL,"208.878339000,-137.222222200,3059.500000000;209.877361800,-136.750000000,3061.500000000",NEGATIVE_VOLUME
2507,V15_4_FISHWAY,V15_4_FISHWAY_I,V15_10_ALL,CONCRETE,V15_10_ALL,"207.879316200,-137.444444400,3059.500000000;208.878339000,-136.972222200,3061.500000000",NEGATIVE_VOLUME
2508,V15_4_FISHWAY,V15_4_FISHWAY_I,V15_10_ALL,CONCRETE,V15_10_ALL,"206.880293400,-137.666666700,3059.500000000;207.879316200,-137.194444400,3061.500000000",NEGATIVE_VOLUME
2509,V15_4_FISHWAY,V15_4_FISHWAY_I,V15_10_ALL,CONCRETE,V15_10_ALL,"205.881270600,-137.888888900,3059.500000000;206.880293400,-137.416666700,3061.500000000",NEGATIVE_VOLUME
2510,V15_4_FISHWAY,V15_4_FISHWAY_I,V15_10_ALL,CONCRETE,V15_10_ALL,"204.882247800,-138.111111100,3059.500000000;205.881270600,-137.638888900,3061.500000000",NEGATIVE_VOLUME
2511,V15_4_FISHWAY,V15_4_FISHWAY_I,V15_10_ALL,CONCRETE,V15_10_ALL,"203.883225000,-138.333333300,3059.500000000;204.882247800,-137.861111100,3061.500000000",NEGATIVE_VOLUME
2512,V15_4_FISHWAY,V15_4_FISHWAY_I,V15_10_ALL,CONCRETE,V15_10_ALL,"202.884202200,-138.555555600,3059.500000000;203.883225000,-138.083333300,3061.500000000",NEGATIVE_VOLUME
2513,V15_4_FISHWAY,V15_4_FISHWAY_I,V15_10_ALL,CONCRETE,V15_10_ALL,"201.885179400,-138.777777800,3059.500000000;202.884202200,-138.305555600,3061.500000000",NEGATIVE_VOLUME
2514,V15_4_FISHWAY,V15_4_FISHWAY_I,V15_10_ALL,CONCRETE,V15_10_ALL,"200.886156600,-139.000000000,3059.500000000;201.885179400,-138.527777800,3061.500000000",NEGATIVE_VOLUME
2515,V15_4_FISHWAY,V15_4_FISHWAY_I,V15_10_ALL,CONCRETE,V15_10_ALL,"199.887133800,-139.222222200,3059.500000000;200.886156600,-138.750000000,3061.500000000",NEGATIVE_VOLUME
2516,V15_4_FISHWAY,V15_4_FISHWAY_I,V15_10_ALL,CONCRETE,V15_10_ALL,"198.888111000,-139.444444400,3059.500000000;199.887133800,-138.972222200,3061.500000000",NEGATIVE_VOLUME
2517,V15_4_FISHWAY,V15_4_FISHWAY_I,V15_10_ALL,CONCRETE,V15_10_ALL,"197.889088200,-139.666666700,3059.500000000;198.888111000,-139.194444400,3061.500000000",NEGATIVE_VOLUME
2518,V15_4_FISHWAY,V15_4_FISHWAY_I,V15_10_ALL,CONCRETE,V15_10_ALL,"196.890065400,-139.888888900,3059.500000000;197.889088200,-139.416666700,3061.500000000",NEGATIVE_VOLUME
2519,V15_4_FISHWAY,V15_4_FISHWAY_I,V15_10_ALL,CONCRETE,V15_10_ALL,"195.891042600,-140.111111100,3059.500000000;196.890065400,-139.638888900,3061.500000000",NEGATIVE_VOLUME
2520,V15_4_FISHWAY,V15_4_FISHWAY_I,V15_10_ALL,CONCRETE,V15_10_ALL,"194.892019800,-140.333333300,3059.500000000;195.891042600,-139.861111100,3061.500000000",NEGATIVE_VOLUME
2521,V15_4_FISHWAY,V15_4_FISHWAY_I,V15_10_ALL,CONCRETE,V15_10_ALL,"193.892997000,-140.555555600,3059.500000000;194.892019800,-140.083333300,3061.500000000",NEGATIVE_VOLUME
2522,V15_4_FISHWAY,V15_4_FISHWAY_I,V15_10_ALL,CONCRETE,V15_10_ALL,"192.893974200,-140.777777800,3059.500000000;193.892997000,-140.305555600,3061.500000000",NEGATIVE_VOLUME
2523,V15_4_FISHWAY,V15_4_FISHWAY_I,V15_10_ALL,CONCRETE,V15_10_ALL,"191.894951400,-141.000000000,3059.500000000;192.893974200,-140.527777800,3061.500000000",NEGATIVE_VOLUME
2524,V15_4_FISHWAY,V15_4_FISHWAY_I,V15_10_ALL,CONCRETE,V15_10_ALL,"190.895928600,-141.222222200,3059.500000000;191.894951400,-140.750000000,3061.500000000",NEGATIVE_VOLUME
2525,V15_4_FISHWAY,V15_4_FISHWAY_I,V15_10_ALL,CONCRETE,V15_10_ALL,"189.896905800,-141.444444400,3059.500000000;190.895928600,-140.972222200,3061.500000000",NEGATIVE_VOLUME
2526,V15_4_FISHWAY,V15_4_FISHWAY_I,V15_10_ALL,CONCRETE,V15_10_ALL,"188.897883000,-141.666666700,3059.500000000;189.896905800,-141.194444400,3061.500000000",NEGATIVE_VOLUME
2527,V15_4_FISHWAY,V15_4_FISHWAY_I,V15_10_ALL,CONCRETE,V15_10_ALL,"187.898860200,-141.888888900,3059.500000000;188.897883000,-141.416666700,3061.500000000",NEGATIVE_VOLUME
2528,V15_4_FISHWAY,V15_4_FISHWAY_I,V15_10_ALL,CONCRETE,V15_10_ALL,"186.899837400,-142.111111100,3059.500000000;187.898860200,-141.638888900,3061.500000000",NEGATIVE_VOLUME
2529,V15_4_FISHWAY,V15_4_FISHWAY_I,V15_10_ALL,CONCRETE,V15_10_ALL,"185.900814600,-142.333333300,3059.500000000;186.899837400,-141.861111100,3061.500000000",NEGATIVE_VOLUME
2530,V15_4_FISHWAY,V15_4_FISHWAY_I,V15_10_ALL,CONCRETE,V15_10_ALL,"184.901791800,-142.555555600,3059.500000000;185.900814600,-142.083333300,3061.500000000",NEGATIVE_VOLUME
2531,V15_4_FISHWAY,V15_4_FISHWAY_I,V15_10_ALL,CONCRETE,V15_10_ALL,"183.902768900,-142.777777800,3059.500000000;184.901791800,-142.305555600,3061.500000000",NEGATIVE_VOLUME
2532,V15_4_FISHWAY,V15_4_FISHWAY_I,V15_10_ALL,CONCRETE,V15_10_ALL,"182.903746100,-143.000000000,3059.500000000;183.902768900,-142.527777800,3061.500000000",NEGATIVE_VOLUME
2533,V15_4_FISHWAY,V15_4_FISHWAY_I,V15_10_ALL,CONCRETE,V15_10_ALL,"181.904723300,-143.222222200,3059.500000000;182.903746100,-142.750000000,3061.500000000",NEGATIVE_VOLUME
2534,V15_4_FISHWAY,V15_4_FISHWAY_I,V15_10_ALL,CONCRETE,V15_10_ALL,"180.905700500,-143.444444400,3059.500000000;181.904723300,-142.972222200,3061.500000000",NEGATIVE_VOLUME
2535,V15_4_FISHWAY,V15_4_FISHWAY_I,V15_10_ALL,CONCRETE,V15_10_ALL,"179.906677700,-143.666666700,3059.500000000;180.905700500,-143.194444400,3061.500000000",NEGATIVE_VOLUME
2536,V15_4_FISHWAY,V15_4_FISHWAY_I,V15_10_ALL,CONCRETE,V15_10_ALL,"178.907654900,-143.888888900,3059.500000000;179.906677700,-143.416666700,3061.500000000",NEGATIVE_VOLUME
2537,V15_4_FISHWAY,V15_4_FISHWAY_I,V15_10_ALL,CONCRETE,V15_10_ALL,"177.908632100,-144.111111100,3059.500000000;178.907654900,-143.638888900,3061.500000000",NEGATIVE_VOLUME
2538,V15_4_FISHWAY,V15_4_FISHWAY_I,V15_10_ALL,CONCRETE,V15_10_ALL,"176.909609300,-144.333333300,3059.500000000;177.908632100,-143.861111100,3061.500000000",NEGATIVE_VOLUME
2539,V15_4_FISHWAY,V15_4_FISHWAY_I,V15_10_ALL,CONCRETE,V15_10_ALL,"175.910586500,-144.555555600,3059.500000000;176.909609300,-144.083333300,3061.500000000",NEGATIVE_VOLUME
2540,V15_4_FISHWAY,V15_4_FISHWAY_I,V15_10_ALL,CONCRETE,V15_10_ALL,"174.911563700,-144.777777800,3059.500000000;175.910586500,-144.305555600,3061.500000000",NEGATIVE_VOLUME
2541,V15_4_FISHWAY,V15_4_FISHWAY_I,V15_10_ALL,CONCRETE,V15_10_ALL,"173.912540900,-145.000000000,3059.500000000;174.911563700,-144.527777800,3061.500000000",NEGATIVE_VOLUME
2542,V15_4_FISHWAY,V15_4_FISHWAY_I,V15_10_ALL,CONCRETE,V15_10_ALL,"172.913518100,-145.222222200,3059.500000000;173.912540900,-144.750000000,3061.500000000",NEGATIVE_VOLUME
2543,V15_4_FISHWAY,V15_4_FISHWAY_I,V15_10_ALL,CONCRETE,V15_10_ALL,"171.914495300,-145.444444400,3059.500000000;172.913518100,-144.972222200,3061.500000000",NEGATIVE_VOLUME
2544,V15_4_FISHWAY,V15_4_FISHWAY_I,V15_10_ALL,CONCRETE,V15_10_ALL,"170.915472500,-145.666666700,3059.500000000;171.914495300,-145.194444400,3061.500000000",NEGATIVE_VOLUME
2545,V15_4_FISHWAY,V15_4_FISHWAY_I,V15_10_ALL,CONCRETE,V15_10_ALL,"169.916449700,-145.888888900,3059.500000000;170.915472500,-145.416666700,3061.500000000",NEGATIVE_VOLUME
2546,V15_4_FISHWAY,V15_4_FISHWAY_I,V15_10_ALL,CONCRETE,V15_10_ALL,"168.917426900,-146.111111100,3059.500000000;169.916449700,-145.638888900,3061.500000000",NEGATIVE_VOLUME
2547,V15_4_FISHWAY,V15_4_FISHWAY_I,V15_10_ALL,CONCRETE,V15_10_ALL,"167.918404100,-146.333333300,3059.500000000;168.917426900,-145.861111100,3061.500000000",NEGATIVE_VOLUME
2548,V15_4_FISHWAY,V15_4_FISHWAY_I,V15_10_ALL,CONCRETE,V15_10_ALL,"166.919381300,-146.555555600,3059.500000000;167.918404100,-146.083333300,3061.500000000",NEGATIVE_VOLUME
2549,V15_4_FISHWAY,V15_4_FISHWAY_I,V15_10_ALL,CONCRETE,V15_10_ALL,"165.920358500,-146.777777800,3059.500000000;166.919381300,-146.305555600,3061.500000000",NEGATIVE_VOLUME
2550,V15_4_FISHWAY,V15_4_FISHWAY_I,V15_10_ALL,CONCRETE,V15_10_ALL,"164.921335700,-147.000000000,3059.500000000;165.920358500,-146.527777800,3061.500000000",NEGATIVE_VOLUME
2551,V15_4_FISHWAY,V15_4_FISHWAY_I,V15_10_ALL,CONCRETE,V15_10_ALL,"163.922312900,-147.222222200,3059.500000000;164.921335700,-146.750000000,3061.500000000",NEGATIVE_VOLUME
2552,V15_4_FISHWAY,V15_4_FISHWAY_I,V15_10_ALL,CONCRETE,V15_10_ALL,"162.923290100,-147.444444400,3059.500000000;163.922312900,-146.972222200,3061.500000000",NEGATIVE_VOLUME
2553,V15_4_FISHWAY,V15_4_FISHWAY_I,V15_10_ALL,CONCRETE,V15_10_ALL,"161.924267300,-147.666666700,3059.500000000;162.923290100,-147.194444400,3061.500000000",NEGATIVE_VOLUME
2554,V15_4_FISHWAY,V15_4_FISHWAY_I,V15_10_ALL,CONCRETE,V15_10_ALL,"160.925244500,-147.888888900,3059.500000000;161.924267300,-147.416666700,3061.500000000",NEGATIVE_VOLUME
2555,V15_4_FISHWAY,V15_4_FISHWAY_I,V15_10_ALL,CONCRETE,V15_10_ALL,"159.926221700,-148.111111100,3059.500000000;160.925244500,-147.638888900,3061.500000000",NEGATIVE_VOLUME
2556,V15_4_FISHWAY,V15_4_FISHWAY_I,V15_10_ALL,CONCRETE,V15_10_ALL,"158.927198900,-148.333333300,3059.500000000;159.926221700,-147.861111100,3061.500000000",NEGATIVE_VOLUME
2557,V15_4_FISHWAY,V15_4_FISHWAY_I,V15_10_ALL,CONCRETE,V15_10_ALL,"157.928176100,-148.555555600,3059.500000000;158.927198900,-148.083333300,3061.500000000",NEGATIVE_VOLUME
2558,V15_4_FISHWAY,V15_4_FISHWAY_I,V15_10_ALL,CONCRETE,V15_10_ALL,"156.929153300,-148.777777800,3059.500000000;157.928176100,-148.305555600,3061.500000000",NEGATIVE_VOLUME
2559,V15_4_FISHWAY,V15_4_FISHWAY_I,V15_10_ALL,CONCRETE,V15_10_ALL,"155.930130500,-149.000000000,3059.500000000;156.929153300,-148.527777800,3061.500000000",NEGATIVE_VOLUME
2560,V15_4_FISHWAY,V15_4_FISHWAY_I,V15_10_ALL,CONCRETE,V15_10_ALL,"154.931107700,-149.222222200,3059.500000000;155.930130500,-148.750000000,3061.500000000",NEGATIVE_VOLUME
2561,V15_4_FISHWAY,V15_4_FISHWAY_I,V15_10_ALL,CONCRETE,V15_10_ALL,"153.932084900,-149.444444400,3059.500000000;154.931107700,-148.972222200,3061.500000000",NEGATIVE_VOLUME
2562,V15_4_FISHWAY,V15_4_FISHWAY_I,V15_10_ALL,CONCRETE,V15_10_ALL,"152.933062100,-149.666666700,3059.500000000;153.932084900,-149.194444400,3061.500000000",NEGATIVE_VOLUME
2563,V15_4_FISHWAY,V15_4_FISHWAY_I,V15_10_ALL,CONCRETE,V15_10_ALL,"151.934039300,-149.888888900,3059.500000000;152.933062100,-149.416666700,3061.500000000",NEGATIVE_VOLUME
2564,V15_4_FISHWAY,V15_4_FISHWAY_I,V15_10_ALL,CONCRETE,V15_10_ALL,"150.935016500,-150.111111100,3059.500000000;151.934039300,-149.638888900,3061.500000000",NEGATIVE_VOLUME
2565,V15_4_FISHWAY,V15_4_FISHWAY_I,V15_10_ALL,CONCRETE,V15_10_ALL,"149.935993700,-150.333333300,3059.500000000;150.935016500,-149.861111100,3061.500000000",NEGATIVE_VOLUME
2566,V15_4_FISHWAY,V15_4_FISHWAY_I,V15_10_ALL,CONCRETE,V15_10_ALL,"148.936970900,-150.555555600,3059.500000000;149.935993700,-150.083333300,3061.500000000",NEGATIVE_VOLUME
2567,V15_4_FISHWAY,V15_4_FISHWAY_I,V15_10_ALL,CONCRETE,V15_10_ALL,"147.937948100,-150.777777800,3059.500000000;148.936970900,-150.305555600,3061.500000000",NEGATIVE_VOLUME
2568,V15_4_FISHWAY,V15_4_FISHWAY_I,V15_10_ALL,CONCRETE,V15_10_ALL,"146.938925300,-151.000000000,3059.500000000;147.937948100,-150.527777800,3061.500000000",NEGATIVE_VOLUME
2569,V15_4_FISHWAY,V15_4_FISHWAY_I,V15_10_ALL,CONCRETE,V15_10_ALL,"145.939902500,-151.222222200,3059.500000000;146.938925300,-150.750000000,3061.500000000",NEGATIVE_VOLUME
2570,V15_4_FISHWAY,V15_4_FISHWAY_I,V15_10_ALL,CONCRETE,V15_10_ALL,"144.940879700,-151.444444400,3059.500000000;145.939902500,-150.972222200,3061.500000000",NEGATIVE_VOLUME
2571,V15_4_FISHWAY,V15_4_FISHWAY_I,V15_10_ALL,CONCRETE,V15_10_ALL,"143.941856900,-151.666666700,3059.500000000;144.940879700,-151.194444400,3061.500000000",NEGATIVE_VOLUME
2572,V15_4_FISHWAY,V15_4_FISHWAY_I,V15_10_ALL,CONCRETE,V15_10_ALL,"142.942834100,-151.888888900,3059.500000000;143.941856900,-151.416666700,3061.500000000",NEGATIVE_VOLUME
2573,V15_4_FISHWAY,V15_4_FISHWAY_I,V15_10_ALL,CONCRETE,V15_10_ALL,"141.943811300,-152.111111100,3059.500000000;142.942834100,-151.638888900,3061.500000000",NEGATIVE_VOLUME
2574,V15_4_FISHWAY,V15_4_FISHWAY_I,V15_10_ALL,CONCRETE,V15_10_ALL,"140.944788500,-152.333333300,3059.500000000;141.943811300,-151.861111100,3061.500000000",NEGATIVE_VOLUME
2575,V15_4_FISHWAY,V15_4_FISHWAY_I,V15_10_ALL,CONCRETE,V15_10_ALL,"139.945765700,-152.555555600,3059.500000000;140.944788500,-152.083333300,3061.500000000",NEGATIVE_VOLUME
2576,V15_4_FISHWAY,V15_4_FISHWAY_I,V15_10_ALL,CONCRETE,V15_10_ALL,"138.946742900,-152.777777800,3059.500000000;139.945765700,-152.305555600,3061.500000000",NEGATIVE_VOLUME
2577,V15_4_FISHWAY,V15_4_FISHWAY_I,V15_10_ALL,CONCRETE,V15_10_ALL,"137.947720000,-153.000000000,3059.500000000;138.946742900,-152.527777800,3061.500000000",NEGATIVE_VOLUME
2578,V15_4_FISHWAY,V15_4_FISHWAY_I,V15_10_ALL,CONCRETE,V15_10_ALL,"136.948697200,-153.222222200,3059.500000000;137.947720000,-152.750000000,3061.500000000",NEGATIVE_VOLUME
2579,V15_4_FISHWAY,V15_4_FISHWAY_I,V15_10_ALL,CONCRETE,V15_10_ALL,"135.949674400,-153.444444400,3059.500000000;136.948697200,-152.972222200,3061.500000000",NEGATIVE_VOLUME
2580,V15_4_FISHWAY,V15_4_FISHWAY_I,V15_10_ALL,CONCRETE,V15_10_ALL,"134.950651600,-153.666666700,3059.500000000;135.949674400,-153.194444400,3061.500000000",NEGATIVE_VOLUME
2581,V15_4_FISHWAY,V15_4_FISHWAY_I,V15_10_ALL,CONCRETE,V15_10_ALL,"133.951628800,-153.888888900,3059.500000000;134.950651600,-153.416666700,3061.500000000",NEGATIVE_VOLUME
2582,V15_4_FISHWAY,V15_4_FISHWAY_I,V15_10_ALL,CONCRETE,V15_10_ALL,"132.952606000,-154.111111100,3059.500000000;133.951628800,-153.638888900,3061.500000000",NEGATIVE_VOLUME
2583,V15_4_FISHWAY,V15_4_FISHWAY_I,V15_10_ALL,CONCRETE,V15_10_ALL,"131.953583200,-154.333333300,3059.500000000;132.952606000,-153.861111100,3061.500000000",NEGATIVE_VOLUME
2584,V15_4_FISHWAY,V15_4_FISHWAY_I,V15_10_ALL,CONCRETE,V15_10_ALL,"130.954560400,-154.555555600,3059.500000000;131.953583200,-154.083333300,3061.500000000",NEGATIVE_VOLUME
2585,V15_4_FISHWAY,V15_4_FISHWAY_I,V15_10_ALL,CONCRETE,V15_10_ALL,"129.955537600,-154.777777800,3059.500000000;130.954560400,-154.305555600,3061.500000000",NEGATIVE_VOLUME
2586,V15_4_FISHWAY,V15_4_FISHWAY_I,V15_10_ALL,CONCRETE,V15_10_ALL,"128.956514800,-155.000000000,3059.500000000;129.955537600,-154.527777800,3061.500000000",NEGATIVE_VOLUME
2587,V15_4_FISHWAY,V15_4_FISHWAY_I,V15_10_ALL,CONCRETE,V15_10_ALL,"127.957492000,-155.222222200,3059.500000000;128.956514800,-154.750000000,3061.500000000",NEGATIVE_VOLUME
2588,V15_4_FISHWAY,V15_4_FISHWAY_I,V15_10_ALL,CONCRETE,V15_10_ALL,"126.958469200,-155.444444400,3059.500000000;127.957492000,-154.972222200,3061.500000000",NEGATIVE_VOLUME
2589,V15_4_FISHWAY,V15_4_FISHWAY_I,V15_10_ALL,CONCRETE,V15_10_ALL,"125.959446400,-155.666666700,3059.500000000;126.958469200,-155.194444400,3061.500000000",NEGATIVE_VOLUME
2590,V15_4_FISHWAY,V15_4_FISHWAY_I,V15_10_ALL,CONCRETE,V15_10_ALL,"124.960423600,-155.888888900,3059.500000000;125.959446400,-155.416666700,3061.500000000",NEGATIVE_VOLUME
2591,V15_4_FISHWAY,V15_4_FISHWAY_I,V15_10_ALL,CONCRETE,V15_10_ALL,"123.961400800,-156.111111100,3059.500000000;124.960423600,-155.638888900,3061.500000000",NEGATIVE_VOLUME
2592,V15_4_FISHWAY,V15_4_FISHWAY_I,V15_10_ALL,CONCRETE,V15_10_ALL,"122.962378000,-156.333333300,3059.500000000;123.961400800,-155.861111100,3061.500000000",NEGATIVE_VOLUME
2593,V15_4_FISHWAY,V15_4_FISHWAY_I,V15_10_ALL,CONCRETE,V15_10_ALL,"121.963355200,-156.555555600,3059.500000000;122.962378000,-156.083333300,3061.500000000",NEGATIVE_VOLUME
2594,V15_4_FISHWAY,V15_4_FISHWAY_I,V15_10_ALL,CONCRETE,V15_10_ALL,"120.964332400,-156.777777800,3059.500000000;121.963355200,-156.305555600,3061.500000000",NEGATIVE_VOLUME
2595,V15_4_FISHWAY,V15_4_FISHWAY_I,V15_10_ALL,CONCRETE,V15_10_ALL,"119.965309600,-157.000000000,3059.500000000;120.964332400,-156.527777800,3061.500000000",NEGATIVE_VOLUME
2596,V15_4_FISHWAY,V15_4_FISHWAY_I,V15_10_ALL,CONCRETE,V15_10_ALL,"118.966286800,-157.222222200,3059.500000000;119.965309600,-156.750000000,3061.500000000",NEGATIVE_VOLUME
2597,V15_4_FISHWAY,V15_4_FISHWAY_I,V15_10_ALL,CONCRETE,V15_10_ALL,"117.967264000,-157.444444400,3059.500000000;118.966286800,-156.972222200,3061.500000000",NEGATIVE_VOLUME
2598,V15_4_FISHWAY,V15_4_FISHWAY_I,V15_10_ALL,CONCRETE,V15_10_ALL,"116.968241200,-157.666666700,3059.500000000;117.967264000,-157.194444400,3061.500000000",NEGATIVE_VOLUME
2599,V15_4_FISHWAY,V15_4_FISHWAY_I,V15_10_ALL,CONCRETE,V15_10_ALL,"115.969218400,-157.888888900,3059.500000000;116.968241200,-157.416666700,3061.500000000",NEGATIVE_VOLUME
2600,V15_4_FISHWAY,V15_4_FISHWAY_I,V15_10_ALL,CONCRETE,V15_10_ALL,"114.970195600,-158.111111100,3059.500000000;115.969218400,-157.638888900,3061.500000000",NEGATIVE_VOLUME
2601,V15_4_FISHWAY,V15_4_FISHWAY_I,V15_10_ALL,CONCRETE,V15_10_ALL,"113.971172800,-158.333333300,3059.500000000;114.970195600,-157.861111100,3061.500000000",NEGATIVE_VOLUME
2602,V15_4_FISHWAY,V15_4_FISHWAY_I,V15_10_ALL,CONCRETE,V15_10_ALL,"112.972150000,-158.555555600,3059.500000000;113.971172800,-158.083333300,3061.500000000",NEGATIVE_VOLUME
2603,V15_4_FISHWAY,V15_4_FISHWAY_I,V15_10_ALL,CONCRETE,V15_10_ALL,"111.973127200,-158.777777800,3059.500000000;112.972150000,-158.305555600,3061.500000000",NEGATIVE_VOLUME
2604,V15_4_FISHWAY,V15_4_FISHWAY_I,V15_10_ALL,CONCRETE,V15_10_ALL,"110.974104400,-159.000000000,3059.500000000;111.973127200,-158.527777800,3061.500000000",NEGATIVE_VOLUME
2605,V15_4_FISHWAY,V15_4_FISHWAY_I,V15_10_ALL,CONCRETE,V15_10_ALL,"109.975081600,-159.222222200,3059.500000000;110.974104400,-158.750000000,3061.500000000",NEGATIVE_VOLUME
2606,V15_4_FISHWAY,V15_4_FISHWAY_I,V15_10_ALL,CONCRETE,V15_10_ALL,"108.976058800,-159.444444400,3059.500000000;109.975081600,-158.972222200,3061.500000000",NEGATIVE_VOLUME
2607,V15_4_FISHWAY,V15_4_FISHWAY_I,V15_10_ALL,CONCRETE,V15_10_ALL,"107.977036000,-159.666666700,3059.500000000;108.976058800,-159.194444400,3061.500000000",NEGATIVE_VOLUME
2608,V15_4_FISHWAY,V15_4_FISHWAY_I,V15_10_ALL,CONCRETE,V15_10_ALL,"106.978013200,-159.888888900,3059.500000000;107.977036000,-159.416666700,3061.500000000",NEGATIVE_VOLUME
2609,V15_4_FISHWAY,V15_4_FISHWAY_I,V15_10_ALL,CONCRETE,V15_10_ALL,"105.978990400,-160.111111100,3059.500000000;106.978013200,-159.638888900,3061.500000000",NEGATIVE_VOLUME
2610,V15_4_FISHWAY,V15_4_FISHWAY_I,V15_10_ALL,CONCRETE,V15_10_ALL,"104.979967600,-160.333333300,3059.500000000;105.978990400,-159.861111100,3061.500000000",NEGATIVE_VOLUME
2611,V15_4_FISHWAY,V15_4_FISHWAY_I,V15_10_ALL,CONCRETE,V15_10_ALL,"103.980944800,-160.555555600,3059.500000000;104.979967600,-160.083333300,3061.500000000",NEGATIVE_VOLUME
2612,V15_4_FISHWAY,V15_4_FISHWAY_I,V15_10_ALL,CONCRETE,V15_10_ALL,"102.981922000,-160.777777800,3059.500000000;103.980944800,-160.305555600,3061.500000000",NEGATIVE_VOLUME
2613,V15_4_FISHWAY,V15_4_FISHWAY_I,V15_10_ALL,CONCRETE,V15_10_ALL,"101.982899200,-161.000000000,3059.500000000;102.981922000,-160.527777800,3061.500000000",NEGATIVE_VOLUME
2614,V15_4_FISHWAY,V15_4_FISHWAY_I,V15_10_ALL,CONCRETE,V15_10_ALL,"100.983876400,-161.222222200,3059.500000000;101.982899200,-160.750000000,3061.500000000",NEGATIVE_VOLUME
2615,V15_4_FISHWAY,V15_4_FISHWAY_I,V15_10_ALL,CONCRETE,V15_10_ALL,"99.984853570,-161.444444400,3059.500000000;100.983876400,-160.972222200,3061.500000000",NEGATIVE_VOLUME
2616,V15_4_FISHWAY,V15_4_FISHWAY_I,V15_10_ALL,CONCRETE,V15_10_ALL,"98.985830760,-161.666666700,3059.500000000;99.984853570,-161.194444400,3061.500000000",NEGATIVE_VOLUME
2617,V15_4_FISHWAY,V15_4_FISHWAY_I,V15_10_ALL,CONCRETE,V15_10_ALL,"97.986807960,-161.888888900,3059.500000000;98.985830760,-161.416666700,3061.500000000",NEGATIVE_VOLUME
2618,V15_4_FISHWAY,V15_4_FISHWAY_I,V15_10_ALL,CONCRETE,V15_10_ALL,"96.987785160,-162.111111100,3059.500000000;97.986807960,-161.638888900,3061.500000000",NEGATIVE_VOLUME
2619,V15_4_FISHWAY,V15_4_FISHWAY_I,V15_10_ALL,CONCRETE,V15_10_ALL,"95.988762360,-162.333333300,3059.500000000;96.987785160,-161.861111100,3061.500000000",NEGATIVE_VOLUME
2620,V15_4_FISHWAY,V15_4_FISHWAY_I,V15_10_ALL,CONCRETE,V15_10_ALL,"94.989739560,-162.555555600,3059.500000000;95.988762360,-162.083333300,3061.500000000",NEGATIVE_VOLUME
2621,V15_4_FISHWAY,V15_4_FISHWAY_I,V15_10_ALL,CONCRETE,V15_10_ALL,"93.990716750,-162.777777800,3059.500000000;94.989739560,-162.305555600,3061.500000000",NEGATIVE_VOLUME
2622,V15_4_FISHWAY,V15_4_FISHWAY_I,V15_10_ALL,CONCRETE,V15_10_ALL,"92.991693950,-163.000000000,3059.500000000;93.990716750,-162.527777800,3061.500000000",NEGATIVE_VOLUME
2623,V15_4_FISHWAY,V15_4_FISHWAY_I,V15_10_ALL,CONCRETE,V15_10_ALL,"91.992671150,-163.222222200,3059.500000000;92.991693950,-162.750000000,3061.500000000",NEGATIVE_VOLUME
2624,V15_4_FISHWAY,V15_4_FISHWAY_I,V15_10_ALL,CONCRETE,V15_10_ALL,"90.993648350,-163.444444400,3059.500000000;91.992671150,-162.972222200,3061.500000000",NEGATIVE_VOLUME
2625,V15_4_FISHWAY,V15_4_FISHWAY_I,V15_10_ALL,CONCRETE,V15_10_ALL,"89.994625540,-163.666666700,3059.500000000;90.993648350,-163.194444400,3061.500000000",NEGATIVE_VOLUME
2626,V15_4_FISHWAY,V15_4_FISHWAY_I,V15_10_ALL,CONCRETE,V15_10_ALL,"88.995602740,-163.888888900,3059.500000000;89.994625540,-163.416666700,3061.500000000",NEGATIVE_VOLUME
2627,V15_4_FISHWAY,V15_4_FISHWAY_I,V15_10_ALL,CONCRETE,V15_10_ALL,"87.996579940,-164.111111100,3059.500000000;88.995602740,-163.638888900,3061.500000000",NEGATIVE_VOLUME
2628,V15_4_FISHWAY,V15_4_FISHWAY_I,V15_10_ALL,CONCRETE,V15_10_ALL,"86.997557140,-164.333333300,3059.500000000;87.996579940,-163.861111100,3061.500000000",NEGATIVE_VOLUME
2629,V15_4_FISHWAY,V15_4_FISHWAY_I,V15_10_ALL,CONCRETE,V15_10_ALL,"85.998534340,-164.555555600,3059.500000000;86.997557140,-164.083333300,3061.500000000",NEGATIVE_VOLUME
2630,V15_4_FISHWAY,V15_4_FISHWAY_I,V15_10_ALL,CONCRETE,V15_10_ALL,"84.999511530,-164.777777800,3059.500000000;85.998534340,-164.305555600,3061.500000000",NEGATIVE_VOLUME
2631,V15_4_FISHWAY,V15_4_FISHWAY_I,V15_10_ALL,CONCRETE,V15_10_ALL,"84.000488730,-165.000000000,3059.500000000;84.999511530,-164.527777800,3061.500000000",NEGATIVE_VOLUME
2632,V15_4_FISHWAY,V15_4_FISHWAY_I,V15_10_ALL,CONCRETE,V15_10_ALL,"83.001465930,-165.222222200,3059.500000000;84.000488730,-164.750000000,3061.500000000",NEGATIVE_VOLUME
2633,V15_4_FISHWAY,V15_4_FISHWAY_I,V15_10_ALL,CONCRETE,V15_10_ALL,"82.002443130,-165.444444400,3059.500000000;83.001465930,-164.972222200,3061.500000000",NEGATIVE_VOLUME
2634,V15_4_FISHWAY,V15_4_FISHWAY_I,V15_10_ALL,CONCRETE,V15_10_ALL,"81.003420330,-165.666666700,3059.500000000;82.002443130,-165.194444400,3061.500000000",NEGATIVE_VOLUME
2635,V15_4_FISHWAY,V15_4_FISHWAY_I,V15_10_ALL,CONCRETE,V15_10_ALL,"80.004397520,-165.888888900,3059.500000000;81.003420330,-165.416666700,3061.500000000",NEGATIVE_VOLUME
2636,V15_4_FISHWAY,V15_4_FISHWAY_I,V15_10_ALL,CONCRETE,V15_10_ALL,"79.005374720,-166.111111100,3059.500000000;80.004397520,-165.638888900,3061.500000000",NEGATIVE_VOLUME
2637,V15_4_FISHWAY,V15_4_FISHWAY_I,V15_10_ALL,CONCRETE,V15_10_ALL,"78.006351920,-166.333333300,3059.500000000;79.005374720,-165.861111100,3061.500000000",NEGATIVE_VOLUME
2638,V15_4_FISHWAY,V15_4_FISHWAY_I,V15_10_ALL,CONCRETE,V15_10_ALL,"77.007329120,-166.555555600,3059.500000000;78.006351920,-166.083333300,3061.500000000",NEGATIVE_VOLUME
2639,V15_4_FISHWAY,V15_4_FISHWAY_I,V15_10_ALL,CONCRETE,V15_10_ALL,"76.008306310,-166.777777800,3059.500000000;77.007329120,-166.305555600,3061.500000000",NEGATIVE_VOLUME
2640,V15_4_FISHWAY,V15_4_FISHWAY_I,V15_10_ALL,CONCRETE,V15_10_ALL,"75.009283510,-167.000000000,3059.500000000;76.008306310,-166.527777800,3061.500000000",NEGATIVE_VOLUME
2641,V15_4_FISHWAY,V15_4_FISHWAY_I,V15_10_ALL,CONCRETE,V15_10_ALL,"74.010260710,-167.222222200,3059.500000000;75.009283510,-166.750000000,3061.500000000",NEGATIVE_VOLUME
2642,V15_4_FISHWAY,V15_4_FISHWAY_I,V15_10_ALL,CONCRETE,V15_10_ALL,"73.011237910,-167.444444400,3059.500000000;74.010260710,-166.972222200,3061.500000000",NEGATIVE_VOLUME
2643,V15_4_FISHWAY,V15_4_FISHWAY_I,V15_10_ALL,CONCRETE,V15_10_ALL,"72.012215110,-167.666666700,3059.500000000;73.011237910,-167.194444400,3061.500000000",NEGATIVE_VOLUME
2644,V15_4_FISHWAY,V15_4_FISHWAY_I,V15_10_ALL,CONCRETE,V15_10_ALL,"71.013192300,-167.888888900,3059.500000000;72.012215110,-167.416666700,3061.500000000",NEGATIVE_VOLUME
2645,V15_4_FISHWAY,V15_4_FISHWAY_I,V15_10_ALL,CONCRETE,V15_10_ALL,"70.014169500,-168.111111100,3059.500000000;71.013192300,-167.638888900,3061.500000000",NEGATIVE_VOLUME
2646,V15_4_FISHWAY,V15_4_FISHWAY_I,V15_10_ALL,CONCRETE,V15_10_ALL,"69.015146700,-168.333333300,3059.500000000;70.014169500,-167.861111100,3061.500000000",NEGATIVE_VOLUME
2647,V15_4_FISHWAY,V15_4_FISHWAY_I,V15_10_ALL,CONCRETE,V15_10_ALL,"68.016123900,-168.555555600,3059.500000000;69.015146700,-168.083333300,3061.500000000",NEGATIVE_VOLUME
2648,V15_4_FISHWAY,V15_4_FISHWAY_I,V15_10_ALL,CONCRETE,V15_10_ALL,"67.017101100,-168.777777800,3059.500000000;68.016123900,-168.305555600,3061.500000000",NEGATIVE_VOLUME
2649,V15_4_FISHWAY,V15_4_FISHWAY_I,V15_10_ALL,CONCRETE,V15_10_ALL,"66.018078290,-169.000000000,3059.500000000;67.017101100,-168.527777800,3061.500000000",NEGATIVE_VOLUME
2650,V15_4_FISHWAY,V15_4_FISHWAY_I,V15_10_ALL,CONCRETE,V15_10_ALL,"65.019055490,-169.222222200,3059.500000000;66.018078290,-168.750000000,3061.500000000",NEGATIVE_VOLUME
2651,V15_4_FISHWAY,V15_4_FISHWAY_I,V15_10_ALL,CONCRETE,V15_10_ALL,"64.020032690,-169.444444400,3059.500000000;65.019055490,-168.972222200,3061.500000000",NEGATIVE_VOLUME
2652,V15_4_FISHWAY,V15_4_FISHWAY_I,V15_10_ALL,CONCRETE,V15_10_ALL,"63.021009890,-169.666666700,3059.500000000;64.020032690,-169.194444400,3061.500000000",NEGATIVE_VOLUME
2653,V15_4_FISHWAY,V15_4_FISHWAY_I,V15_10_ALL,CONCRETE,V15_10_ALL,"62.021987080,-169.888888900,3059.500000000;63.021009890,-169.416666700,3061.500000000",NEGATIVE_VOLUME
2654,V15_4_FISHWAY,V15_4_FISHWAY_I,V15_10_ALL,CONCRETE,V15_10_ALL,"61.022964280,-170.111111100,3059.500000000;62.021987080,-169.638888900,3061.500000000",NEGATIVE_VOLUME
2655,V15_4_FISHWAY,V15_4_FISHWAY_I,V15_10_ALL,CONCRETE,V15_10_ALL,"60.023941480,-170.333333300,3059.500000000;61.022964280,-169.861111100,3061.500000000",NEGATIVE_VOLUME
2656,V15_4_FISHWAY,V15_4_FISHWAY_I,V15_10_ALL,CONCRETE,V15_10_ALL,"59.024918680,-170.555555600,3059.500000000;60.023941480,-170.083333300,3061.500000000",NEGATIVE_VOLUME
2657,V15_4_FISHWAY,V15_4_FISHWAY_I,V15_10_ALL,CONCRETE,V15_10_ALL,"58.025895880,-170.777777800,3059.500000000;59.024918680,-170.305555600,3061.500000000",NEGATIVE_VOLUME
2658,V15_4_FISHWAY,V15_4_FISHWAY_I,V15_10_ALL,CONCRETE,V15_10_ALL,"57.026873070,-171.000000000,3059.500000000;58.025895880,-170.527777800,3061.500000000",NEGATIVE_VOLUME
2659,V15_4_FISHWAY,V15_4_FISHWAY_I,V15_10_ALL,CONCRETE,V15_10_ALL,"56.027850270,-171.222222200,3059.500000000;57.026873070,-170.750000000,3061.500000000",NEGATIVE_VOLUME
2660,V15_4_FISHWAY,V15_4_FISHWAY_I,V15_10_ALL,CONCRETE,V15_10_ALL,"55.028827470,-171.444444400,3059.500000000;56.027850270,-170.972222200,3061.500000000",NEGATIVE_VOLUME
2661,V15_4_FISHWAY,V15_4_FISHWAY_I,V15_10_ALL,CONCRETE,V15_10_ALL,"54.029804670,-171.666666700,3059.500000000;55.028827470,-171.194444400,3061.500000000",NEGATIVE_VOLUME
2662,V15_4_FISHWAY,V15_4_FISHWAY_I,V15_10_ALL,CONCRETE,V15_10_ALL,"53.030781860,-171.888888900,3059.500000000;54.029804670,-171.416666700,3061.500000000",NEGATIVE_VOLUME
2663,V15_4_FISHWAY,V15_4_FISHWAY_I,V15_10_ALL,CONCRETE,V15_10_ALL,"52.031759060,-172.111111100,3059.500000000;53.030781860,-171.638888900,3061.500000000",NEGATIVE_VOLUME
2664,V15_4_FISHWAY,V15_4_FISHWAY_I,V15_10_ALL,CONCRETE,V15_10_ALL,"51.032736260,-172.333333300,3059.500000000;52.031759060,-171.861111100,3061.500000000",NEGATIVE_VOLUME
2665,V15_4_FISHWAY,V15_4_FISHWAY_I,V15_10_ALL,CONCRETE,V15_10_ALL,"50.033713460,-172.555555600,3059.500000000;51.032736260,-172.083333300,3061.500000000",NEGATIVE_VOLUME
2666,V15_4_FISHWAY,V15_4_FISHWAY_I,V15_10_ALL,CONCRETE,V15_10_ALL,"49.034690660,-172.777777800,3059.500000000;50.033713460,-172.305555600,3061.500000000",NEGATIVE_VOLUME
2667,V15_4_FISHWAY,V15_4_FISHWAY_I,V15_10_ALL,CONCRETE,V15_10_ALL,"48.035667850,-173.000000000,3059.500000000;49.034690660,-172.527777800,3061.500000000",NEGATIVE_VOLUME
2668,V15_4_FISHWAY,V15_4_FISHWAY_I,V15_10_ALL,CONCRETE,V15_10_ALL,"47.036645050,-173.222222200,3059.500000000;48.035667850,-172.750000000,3061.500000000",NEGATIVE_VOLUME
2669,V15_4_FISHWAY,V15_4_FISHWAY_I,V15_10_ALL,CONCRETE,V15_10_ALL,"46.037622250,-173.444444400,3059.500000000;47.036645050,-172.972222200,3061.500000000",NEGATIVE_VOLUME
2670,V15_4_FISHWAY,V15_4_FISHWAY_I,V15_10_ALL,CONCRETE,V15_10_ALL,"45.038599450,-173.666666700,3059.500000000;46.037622250,-173.194444400,3061.500000000",NEGATIVE_VOLUME
2671,V15_4_FISHWAY,V15_4_FISHWAY_I,V15_10_ALL,CONCRETE,V15_10_ALL,"44.039576650,-173.888888900,3059.500000000;45.038599450,-173.416666700,3061.500000000",NEGATIVE_VOLUME
2672,V15_4_FISHWAY,V15_4_FISHWAY_I,V15_10_ALL,CONCRETE,V15_10_ALL,"43.040553840,-174.111111100,3059.500000000;44.039576650,-173.638888900,3061.500000000",NEGATIVE_VOLUME
2673,V15_4_FISHWAY,V15_4_FISHWAY_I,V15_10_ALL,CONCRETE,V15_10_ALL,"42.041531040,-174.333333300,3059.500000000;43.040553840,-173.861111100,3061.500000000",NEGATIVE_VOLUME
2674,V15_4_FISHWAY,V15_4_FISHWAY_I,V15_10_ALL,CONCRETE,V15_10_ALL,"41.042508240,-174.555555600,3059.500000000;42.041531040,-174.083333300,3061.500000000",NEGATIVE_VOLUME
2675,V15_4_FISHWAY,V15_4_FISHWAY_I,V15_10_ALL,CONCRETE,V15_10_ALL,"40.043485440,-174.777777800,3059.500000000;41.042508240,-174.305555600,3061.500000000",NEGATIVE_VOLUME
2676,V15_4_FISHWAY,V15_4_FISHWAY_I,V15_10_ALL,CONCRETE,V15_10_ALL,"39.044462630,-175.000000000,3059.500000000;40.043485440,-174.527777800,3061.500000000",NEGATIVE_VOLUME
2677,V15_4_FISHWAY,V15_4_FISHWAY_I,V15_10_ALL,CONCRETE,V15_10_ALL,"38.045439830,-175.222222200,3059.500000000;39.044462630,-174.750000000,3061.500000000",NEGATIVE_VOLUME
2678,V15_4_FISHWAY,V15_4_FISHWAY_I,V15_10_ALL,CONCRETE,V15_10_ALL,"37.046417030,-175.444444400,3059.500000000;38.045439830,-174.972222200,3061.500000000",NEGATIVE_VOLUME
2679,V15_4_FISHWAY,V15_4_FISHWAY_I,V15_10_ALL,CONCRETE,V15_10_ALL,"36.047394230,-175.666666700,3059.500000000;37.046417030,-175.194444400,3061.500000000",NEGATIVE_VOLUME
2680,V15_4_FISHWAY,V15_4_FISHWAY_I,V15_10_ALL,CONCRETE,V15_10_ALL,"35.048371430,-175.888888900,3059.500000000;36.047394230,-175.416666700,3061.500000000",NEGATIVE_VOLUME
2681,V15_4_FISHWAY,V15_4_FISHWAY_I,V15_10_ALL,CONCRETE,V15_10_ALL,"34.049348620,-176.111111100,3059.500000000;35.048371430,-175.638888900,3061.500000000",NEGATIVE_VOLUME
2682,V15_4_FISHWAY,V15_4_FISHWAY_I,V15_10_ALL,CONCRETE,V15_10_ALL,"33.050325820,-176.333333300,3059.500000000;34.049348620,-175.861111100,3061.500000000",NEGATIVE_VOLUME
2683,V15_4_FISHWAY,V15_4_FISHWAY_I,V15_10_ALL,CONCRETE,V15_10_ALL,"32.051303020,-176.555555600,3059.500000000;33.050325820,-176.083333300,3061.500000000",NEGATIVE_VOLUME
2684,V15_4_FISHWAY,V15_4_FISHWAY_I,V15_10_ALL,CONCRETE,V15_10_ALL,"31.052280220,-176.777777800,3059.500000000;32.051303020,-176.305555600,3061.500000000",NEGATIVE_VOLUME
2685,V15_4_FISHWAY,V15_4_FISHWAY_I,V15_10_ALL,CONCRETE,V15_10_ALL,"30.053257410,-177.000000000,3059.500000000;31.052280220,-176.527777800,3061.500000000",NEGATIVE_VOLUME
2686,V15_4_FISHWAY,V15_4_FISHWAY_I,V15_10_ALL,CONCRETE,V15_10_ALL,"29.054234610,-177.222222200,3059.500000000;30.053257410,-176.750000000,3061.500000000",NEGATIVE_VOLUME
2687,V15_4_FISHWAY,V15_4_FISHWAY_I,V15_10_ALL,CONCRETE,V15_10_ALL,"28.055211810,-177.444444400,3059.500000000;29.054234610,-176.972222200,3061.500000000",NEGATIVE_VOLUME
2688,V15_4_FISHWAY,V15_4_FISHWAY_I,V15_10_ALL,CONCRETE,V15_10_ALL,"27.056189010,-177.666666700,3059.500000000;28.055211810,-177.194444400,3061.500000000",NEGATIVE_VOLUME
2689,V15_4_FISHWAY,V15_4_FISHWAY_I,V15_10_ALL,CONCRETE,V15_10_ALL,"26.057166210,-177.888888900,3059.500000000;27.056189010,-177.416666700,3061.500000000",NEGATIVE_VOLUME
2690,V15_4_FISHWAY,V15_4_FISHWAY_I,V15_10_ALL,CONCRETE,V15_10_ALL,"25.058143400,-178.111111100,3059.500000000;26.057166210,-177.638888900,3061.500000000",NEGATIVE_VOLUME
2691,V15_4_FISHWAY,V15_4_FISHWAY_I,V15_10_ALL,CONCRETE,V15_10_ALL,"24.059120600,-178.333333300,3059.500000000;25.058143400,-177.861111100,3061.500000000",NEGATIVE_VOLUME
2692,V15_4_FISHWAY,V15_4_FISHWAY_I,V15_10_ALL,CONCRETE,V15_10_ALL,"23.060097800,-178.555555600,3059.500000000;24.059120600,-178.083333300,3061.500000000",NEGATIVE_VOLUME
2693,V15_4_FISHWAY,V15_4_FISHWAY_I,V15_10_ALL,CONCRETE,V15_10_ALL,"22.061075000,-178.777777800,3059.500000000;23.060097800,-178.305555600,3061.500000000",NEGATIVE_VOLUME
2694,V15_4_FISHWAY,V15_4_FISHWAY_I,V15_10_ALL,CONCRETE,V15_10_ALL,"21.062052200,-179.000000000,3059.500000000;22.061075000,-178.527777800,3061.500000000",NEGATIVE_VOLUME
2695,V15_4_FISHWAY,V15_4_FISHWAY_I,V15_10_ALL,CONCRETE,V15_10_ALL,"20.063029390,-179.222222200,3059.500000000;21.062052200,-178.750000000,3061.500000000",NEGATIVE_VOLUME
2696,V15_4_FISHWAY,V15_4_FISHWAY_I,V15_10_ALL,CONCRETE,V15_10_ALL,"19.064006590,-179.444444400,3059.500000000;20.063029390,-178.972222200,3061.500000000",NEGATIVE_VOLUME
2697,V15_4_FISHWAY,V15_4_FISHWAY_I,V15_10_ALL,CONCRETE,V15_10_ALL,"18.064983790,-179.666666700,3059.500000000;19.064006590,-179.194444400,3061.500000000",NEGATIVE_VOLUME
2698,V15_4_FISHWAY,V15_4_FISHWAY_I,V15_10_ALL,CONCRETE,V15_10_ALL,"17.065960990,-179.888888900,3059.500000000;18.064983790,-179.416666700,3061.500000000",NEGATIVE_VOLUME
2699,V15_4_FISHWAY,V15_4_FISHWAY_I,V15_10_ALL,CONCRETE,V15_10_ALL,"16.066938180,-180.111111100,3059.500000000;17.065960990,-179.638888900,3061.500000000",NEGATIVE_VOLUME
2700,V15_4_FISHWAY,V15_4_FISHWAY_I,V15_10_ALL,CONCRETE,V15_10_ALL,"15.067915380,-180.333333300,3059.500000000;16.066938180,-179.861111100,3061.500000000",NEGATIVE_VOLUME
2701,V15_4_FISHWAY,V15_4_FISHWAY_I,V15_10_ALL,CONCRETE,V15_10_ALL,"14.068892580,-180.555555600,3059.500000000;15.067915380,-180.083333300,3061.500000000",NEGATIVE_VOLUME
2702,V15_4_FISHWAY,V15_4_FISHWAY_I,V15_10_ALL,CONCRETE,V15_10_ALL,"13.069869780,-180.777777800,3059.500000000;14.068892580,-180.305555600,3061.500000000",NEGATIVE_VOLUME
2703,V15_4_FISHWAY,V15_4_FISHWAY_I,V15_10_ALL,CONCRETE,V15_10_ALL,"12.070846980,-181.000000000,3059.500000000;13.069869780,-180.527777800,3061.500000000",NEGATIVE_VOLUME
2704,V15_4_FISHWAY,V15_4_FISHWAY_I,V15_10_ALL,CONCRETE,V15_10_ALL,"11.071824170,-181.222222200,3059.500000000;12.070846980,-180.750000000,3061.500000000",NEGATIVE_VOLUME
2705,V15_4_FISHWAY,V15_4_FISHWAY_I,V15_10_ALL,CONCRETE,V15_10_ALL,"10.072801370,-181.444444400,3059.500000000;11.071824170,-180.972222200,3061.500000000",NEGATIVE_VOLUME
2706,V15_4_FISHWAY,V15_4_FISHWAY_I,V15_10_ALL,CONCRETE,V15_10_ALL,"9.073778569,-181.666666700,3059.500000000;10.072801370,-181.194444400,3061.500000000",NEGATIVE_VOLUME
2707,V15_4_FISHWAY,V15_4_FISHWAY_I,V15_10_ALL,CONCRETE,V15_10_ALL,"8.074755767,-181.888888900,3059.500000000;9.073778569,-181.416666700,3061.500000000",NEGATIVE_VOLUME
2708,V15_4_FISHWAY,V15_4_FISHWAY_I,V15_10_ALL,CONCRETE,V15_10_ALL,"7.075732965,-182.111111100,3059.500000000;8.074755767,-181.638888900,3061.500000000",NEGATIVE_VOLUME
2709,V15_4_FISHWAY,V15_4_FISHWAY_I,V15_10_ALL,CONCRETE,V15_10_ALL,"6.076710163,-182.333333300,3059.500000000;7.075732965,-181.861111100,3061.500000000",NEGATIVE_VOLUME
2710,V15_4_FISHWAY,V15_4_FISHWAY_I,V15_10_ALL,CONCRETE,V15_10_ALL,"5.077687361,-182.555555600,3059.500000000;6.076710163,-182.083333300,3061.500000000",NEGATIVE_VOLUME
2711,V15_4_FISHWAY,V15_4_FISHWAY_I,V15_10_ALL,CONCRETE,V15_10_ALL,"4.078664558,-182.777777800,3059.500000000;5.077687361,-182.305555600,3061.500000000",NEGATIVE_VOLUME
2712,V15_4_FISHWAY,V15_4_FISHWAY_I,V15_10_ALL,CONCRETE,V15_10_ALL,"3.079641756,-183.000000000,3059.500000000;4.078664558,-182.527777800,3061.500000000",NEGATIVE_VOLUME
2713,V15_4_FISHWAY,V15_4_FISHWAY_I,V15_10_ALL,CONCRETE,V15_10_ALL,"2.080618954,-183.222222200,3059.500000000;3.079641756,-182.750000000,3061.500000000",NEGATIVE_VOLUME
2714,V15_4_FISHWAY,V15_4_FISHWAY_I,V15_10_ALL,CONCRETE,V15_10_ALL,"1.081596152,-183.444444400,3059.500000000;2.080618954,-182.972222200,3061.500000000",NEGATIVE_VOLUME
2715,V15_4_FISHWAY,V15_4_FISHWAY_I,V15_10_ALL,CONCRETE,V15_10_ALL,"0.082573350,-183.666666700,3059.500000000;1.081596152,-183.194444400,3061.500000000",NEGATIVE_VOLUME
2716,V15_4_FISHWAY,V15_4_FISHWAY_I,V15_10_ALL,CONCRETE,V15_10_ALL,"-0.916449452,-183.888888900,3059.500000000;0.082573350,-183.416666700,3061.500000000",NEGATIVE_VOLUME
2717,V15_4_FISHWAY,V15_4_FISHWAY_I,V15_10_ALL,CONCRETE,V15_10_ALL,"-1.915472255,-184.111111100,3059.500000000;-0.916449452,-183.638888900,3061.500000000",NEGATIVE_VOLUME
2718,V15_4_FISHWAY,V15_4_FISHWAY_I,V15_10_ALL,CONCRETE,V15_10_ALL,"-2.914495057,-184.333333300,3059.500000000;-1.915472255,-183.861111100,3061.500000000",NEGATIVE_VOLUME
2719,V15_4_FISHWAY,V15_4_FISHWAY_I,V15_10_ALL,CONCRETE,V15_10_ALL,"-3.913517859,-184.555555600,3059.500000000;-2.914495057,-184.083333300,3061.500000000",NEGATIVE_VOLUME
2720,V15_4_FISHWAY,V15_4_FISHWAY_I,V15_10_ALL,CONCRETE,V15_10_ALL,"-4.912540661,-184.777777800,3059.500000000;-3.913517859,-184.305555600,3061.500000000",NEGATIVE_VOLUME
2721,V15_4_FISHWAY,V15_4_FISHWAY_I,V15_10_ALL,CONCRETE,V15_10_ALL,"-5.911563463,-185.000000000,3059.500000000;-4.912540661,-184.527777800,3061.500000000",NEGATIVE_VOLUME
2722,V15_4_FISHWAY,V15_4_FISHWAY_I,V15_10_ALL,CONCRETE,V15_10_ALL,"-6.910586265,-185.222222200,3059.500000000;-5.911563463,-184.750000000,3061.500000000",NEGATIVE_VOLUME
2723,V15_4_FISHWAY,V15_4_FISHWAY_I,V15_10_ALL,CONCRETE,V15_10_ALL,"-7.909609068,-185.444444400,3059.500000000;-6.910586265,-184.972222200,3061.500000000",NEGATIVE_VOLUME
2724,V15_4_FISHWAY,V15_4_FISHWAY_I,V15_10_ALL,CONCRETE,V15_10_ALL,"-8.908631870,-185.666666700,3059.500000000;-7.909609068,-185.194444400,3061.500000000",NEGATIVE_VOLUME
2725,V15_4_FISHWAY,V15_4_FISHWAY_I,V15_10_ALL,CONCRETE,V15_10_ALL,"-9.907654672,-185.888888900,3059.500000000;-8.908631870,-185.416666700,3061.500000000",NEGATIVE_VOLUME
2726,V15_4_FISHWAY,V15_4_FISHWAY_I,V15_10_ALL,CONCRETE,V15_10_ALL,"-10.906677470,-186.111111100,3059.500000000;-9.907654672,-185.638888900,3061.500000000",NEGATIVE_VOLUME
2727,V15_4_FISHWAY,V15_4_FISHWAY_I,V15_10_ALL,CONCRETE,V15_10_ALL,"-11.905700280,-186.333333300,3059.500000000;-10.906677470,-185.861111100,3061.500000000",NEGATIVE_VOLUME
2728,V15_4_FISHWAY,V15_4_FISHWAY_I,V15_10_ALL,CONCRETE,V15_10_ALL,"-12.904723080,-186.555555600,3059.500000000;-11.905700280,-186.083333300,3061.500000000",NEGATIVE_VOLUME
2729,V15_4_FISHWAY,V15_4_FISHWAY_I,V15_10_ALL,CONCRETE,V15_10_ALL,"-13.903745880,-186.777777800,3059.500000000;-12.904723080,-186.305555600,3061.500000000",NEGATIVE_VOLUME
2730,V15_4_FISHWAY,V15_4_FISHWAY_I,V15_10_ALL,CONCRETE,V15_10_ALL,"-14.902768680,-187.000000000,3059.500000000;-13.903745880,-186.527777800,3061.500000000",NEGATIVE_VOLUME
2731,V15_4_FISHWAY,V15_4_FISHWAY_I,V15_10_ALL,CONCRETE,V15_10_ALL,"-15.901791490,-187.222222200,3059.500000000;-14.902768680,-186.750000000,3061.500000000",NEGATIVE_VOLUME
2732,V15_4_FISHWAY,V15_4_FISHWAY_I,V15_10_ALL,CONCRETE,V15_10_ALL,"-16.900814290,-187.444444400,3059.500000000;-15.901791490,-186.972222200,3061.500000000",NEGATIVE_VOLUME
2733,V15_4_FISHWAY,V15_4_FISHWAY_I,V15_10_ALL,CONCRETE,V15_10_ALL,"-17.899837090,-187.666666700,3059.500000000;-16.900814290,-187.194444400,3061.500000000",NEGATIVE_VOLUME
2734,V15_4_FISHWAY,V15_4_FISHWAY_I,V15_10_ALL,CONCRETE,V15_10_ALL,"-18.898859890,-187.888888900,3059.500000000;-17.899837090,-187.416666700,3061.500000000",NEGATIVE_VOLUME
2735,V15_4_FISHWAY,V15_4_FISHWAY_I,V15_10_ALL,CONCRETE,V15_10_ALL,"-19.897882690,-188.111111100,3059.500000000;-18.898859890,-187.638888900,3061.500000000",NEGATIVE_VOLUME
2736,V15_4_FISHWAY,V15_4_FISHWAY_I,V15_10_ALL,CONCRETE,V15_10_ALL,"-20.896905500,-188.333333300,3059.500000000;-19.897882690,-187.861111100,3061.500000000",NEGATIVE_VOLUME
2737,V15_4_FISHWAY,V15_4_FISHWAY_I,V15_10_ALL,CONCRETE,V15_10_ALL,"-21.895928300,-188.555555600,3059.500000000;-20.896905500,-188.083333300,3061.500000000",NEGATIVE_VOLUME
2738,V15_4_FISHWAY,V15_4_FISHWAY_I,V15_10_ALL,CONCRETE,V15_10_ALL,"-22.894951100,-188.777777800,3059.500000000;-21.895928300,-188.305555600,3061.500000000",NEGATIVE_VOLUME
2739,V15_4_FISHWAY,V15_4_FISHWAY_I,V15_10_ALL,CONCRETE,V15_10_ALL,"-23.893973900,-189.000000000,3059.500000000;-22.894951100,-188.527777800,3061.500000000",NEGATIVE_VOLUME
2740,V15_4_FISHWAY,V15_4_FISHWAY_I,V15_10_ALL,CONCRETE,V15_10_ALL,"-24.892996700,-189.222222200,3059.500000000;-23.893973900,-188.750000000,3061.500000000",NEGATIVE_VOLUME
2741,V15_4_FISHWAY,V15_4_FISHWAY_I,V15_10_ALL,CONCRETE,V15_10_ALL,"-25.892019510,-189.444444400,3059.500000000;-24.892996700,-188.972222200,3061.500000000",NEGATIVE_VOLUME
2742,V15_4_FISHWAY,V15_4_FISHWAY_I,V15_10_ALL,CONCRETE,V15_10_ALL,"-26.891042310,-189.666666700,3059.500000000;-25.892019510,-189.194444400,3061.500000000",NEGATIVE_VOLUME
2743,V15_4_FISHWAY,V15_4_FISHWAY_I,V15_10_ALL,CONCRETE,V15_10_ALL,"-27.890065110,-189.888888900,3059.500000000;-26.891042310,-189.416666700,3061.500000000",NEGATIVE_VOLUME
2744,V15_4_FISHWAY,V15_4_FISHWAY_I,V15_10_ALL,CONCRETE,V15_10_ALL,"-28.889087910,-190.111111100,3059.500000000;-27.890065110,-189.638888900,3061.500000000",NEGATIVE_VOLUME
2745,V15_4_FISHWAY,V15_4_FISHWAY_I,V15_10_ALL,CONCRETE,V15_10_ALL,"-29.888110720,-190.333333300,3059.500000000;-28.889087910,-189.861111100,3061.500000000",NEGATIVE_VOLUME
2746,V15_4_FISHWAY,V15_4_FISHWAY_I,V15_10_ALL,CONCRETE,V15_10_ALL,"-30.887133520,-190.555555600,3059.500000000;-29.888110720,-190.083333300,3061.500000000",NEGATIVE_VOLUME
2747,V15_4_FISHWAY,V15_4_FISHWAY_I,V15_10_ALL,CONCRETE,V15_10_ALL,"-31.886156320,-190.777777800,3059.500000000;-30.887133520,-190.305555600,3061.500000000",NEGATIVE_VOLUME
2748,V15_4_FISHWAY,V15_4_FISHWAY_I,V15_10_ALL,CONCRETE,V15_10_ALL,"-32.885179120,-191.000000000,3059.500000000;-31.886156320,-190.527777800,3061.500000000",NEGATIVE_VOLUME
2749,V15_4_FISHWAY,V15_4_FISHWAY_I,V15_10_ALL,CONCRETE,V15_10_ALL,"-33.884201920,-191.222222200,3059.500000000;-32.885179120,-190.750000000,3061.500000000",NEGATIVE_VOLUME
2750,V15_4_FISHWAY,V15_4_FISHWAY_I,V15_10_ALL,CONCRETE,V15_10_ALL,"-34.883224730,-191.444444400,3059.500000000;-33.884201920,-190.972222200,3061.500000000",NEGATIVE_VOLUME
2751,V15_4_FISHWAY,V15_4_FISHWAY_I,V15_10_ALL,CONCRETE,V15_10_ALL,"-35.882247530,-191.666666700,3059.500000000;-34.883224730,-191.194444400,3061.500000000",NEGATIVE_VOLUME
2752,V15_4_FISHWAY,V15_4_FISHWAY_I,V15_10_ALL,CONCRETE,V15_10_ALL,"-36.881270330,-191.888888900,3059.500000000;-35.882247530,-191.416666700,3061.500000000",NEGATIVE_VOLUME
2753,V15_4_FISHWAY,V15_4_FISHWAY_I,V15_10_ALL,CONCRETE,V15_10_ALL,"-37.880293130,-192.111111100,3059.500000000;-36.881270330,-191.638888900,3061.500000000",NEGATIVE_VOLUME
2754,V15_4_FISHWAY,V15_4_FISHWAY_I,V15_10_ALL,CONCRETE,V15_10_ALL,"-38.879315930,-192.333333300,3059.500000000;-37.880293130,-191.861111100,3061.500000000",NEGATIVE_VOLUME
2755,V15_4_FISHWAY,V15_4_FISHWAY_I,V15_10_ALL,CONCRETE,V15_10_ALL,"-39.878338740,-192.555555600,3059.500000000;-38.879315930,-192.083333300,3061.500000000",NEGATIVE_VOLUME
2756,V15_4_FISHWAY,V15_4_FISHWAY_I,V15_10_ALL,CONCRETE,V15_10_ALL,"-40.877361540,-192.777777800,3059.500000000;-39.878338740,-192.305555600,3061.500000000",NEGATIVE_VOLUME
2757,V15_4_FISHWAY,V15_4_FISHWAY_I,V15_10_ALL,CONCRETE,V15_10_ALL,"-41.876384340,-193.000000000,3059.500000000;-40.877361540,-192.527777800,3061.500000000",NEGATIVE_VOLUME
2758,V15_4_FISHWAY,V15_4_FISHWAY_I,V15_10_ALL,CONCRETE,V15_10_ALL,"-42.875407140,-193.222222200,3059.500000000;-41.876384340,-192.750000000,3061.500000000",NEGATIVE_VOLUME
2759,V15_4_FISHWAY,V15_4_FISHWAY_I,V15_10_ALL,CONCRETE,V15_10_ALL,"-43.874429950,-193.444444400,3059.500000000;-42.875407140,-192.972222200,3061.500000000",NEGATIVE_VOLUME
2760,V15_4_FISHWAY,V15_4_FISHWAY_I,V15_10_ALL,CONCRETE,V15_10_ALL,"-44.873452750,-193.666666700,3059.500000000;-43.874429950,-193.194444400,3061.500000000",NEGATIVE_VOLUME
2761,V15_4_FISHWAY,V15_4_FISHWAY_I,V15_10_ALL,CONCRETE,V15_10_ALL,"-45.872475550,-193.888888900,3059.500000000;-44.873452750,-193.416666700,3061.500000000",NEGATIVE_VOLUME
2762,V15_4_FISHWAY,V15_4_FISHWAY_I,V15_10_ALL,CONCRETE,V15_10_ALL,"-46.871498350,-194.111111100,3059.500000000;-45.872475550,-193.638888900,3061.500000000",NEGATIVE_VOLUME
2763,V15_4_FISHWAY,V15_4_FISHWAY_I,V15_10_ALL,CONCRETE,V15_10_ALL,"-47.870521150,-194.333333300,3059.500000000;-46.871498350,-193.861111100,3061.500000000",NEGATIVE_VOLUME
2764,V15_4_FISHWAY,V15_4_FISHWAY_I,V15_10_ALL,CONCRETE,V15_10_ALL,"-48.869543960,-194.555555600,3059.500000000;-47.870521150,-194.083333300,3061.500000000",NEGATIVE_VOLUME
2765,V15_4_FISHWAY,V15_4_FISHWAY_I,V15_10_ALL,CONCRETE,V15_10_ALL,"-49.868566760,-194.777777800,3059.500000000;-48.869543960,-194.305555600,3061.500000000",NEGATIVE_VOLUME
2766,V15_4_FISHWAY,V15_4_FISHWAY_I,V15_10_ALL,CONCRETE,V15_10_ALL,"-50.867589560,-195.000000000,3059.500000000;-49.868566760,-194.527777800,3061.500000000",NEGATIVE_VOLUME
2767,V15_4_FISHWAY,V15_4_FISHWAY_I,V15_10_ALL,CONCRETE,V15_10_ALL,"-51.866612360,-195.222222200,3059.500000000;-50.867589560,-194.750000000,3061.500000000",NEGATIVE_VOLUME
2768,V15_4_FISHWAY,V15_4_FISHWAY_I,V15_10_ALL,CONCRETE,V15_10_ALL,"-52.865635170,-195.444444400,3059.500000000;-51.866612360,-194.972222200,3061.500000000",NEGATIVE_VOLUME
2769,V15_4_FISHWAY,V15_4_FISHWAY_I,V15_10_ALL,CONCRETE,V15_10_ALL,"-53.864657970,-195.666666700,3059.500000000;-52.865635170,-195.194444400,3061.500000000",NEGATIVE_VOLUME
2770,V15_4_FISHWAY,V15_4_FISHWAY_I,V15_10_ALL,CONCRETE,V15_10_ALL,"-54.863680770,-195.888888900,3059.500000000;-53.864657970,-195.416666700,3061.500000000",NEGATIVE_VOLUME
2771,V15_4_FISHWAY,V15_4_FISHWAY_I,V15_10_ALL,CONCRETE,V15_10_ALL,"-55.862703570,-196.111111100,3059.500000000;-54.863680770,-195.638888900,3061.500000000",NEGATIVE_VOLUME
2772,V15_4_FISHWAY,V15_4_FISHWAY_I,V15_10_ALL,CONCRETE,V15_10_ALL,"-56.861726370,-196.333333300,3059.500000000;-55.862703570,-195.861111100,3061.500000000",NEGATIVE_VOLUME
2773,V15_4_FISHWAY,V15_4_FISHWAY_I,V15_10_ALL,CONCRETE,V15_10_ALL,"-57.860749180,-196.555555600,3059.500000000;-56.861726370,-196.083333300,3061.500000000",NEGATIVE_VOLUME
2774,V15_4_FISHWAY,V15_4_FISHWAY_I,V15_10_ALL,CONCRETE,V15_10_ALL,"-58.859771980,-196.777777800,3059.500000000;-57.860749180,-196.305555600,3061.500000000",NEGATIVE_VOLUME
2775,V15_4_FISHWAY,V15_4_FISHWAY_I,V15_10_ALL,CONCRETE,V15_10_ALL,"-59.858794780,-197.000000000,3059.500000000;-58.859771980,-196.527777800,3061.500000000",NEGATIVE_VOLUME
2776,V15_4_FISHWAY,V15_4_FISHWAY_I,V15_10_ALL,CONCRETE,V15_10_ALL,"-60.857817580,-197.222222200,3059.500000000;-59.858794780,-196.750000000,3061.500000000",NEGATIVE_VOLUME
2777,V15_4_FISHWAY,V15_4_FISHWAY_I,V15_10_ALL,CONCRETE,V15_10_ALL,"-61.856840380,-197.444444400,3059.500000000;-60.857817580,-196.972222200,3061.500000000",NEGATIVE_VOLUME
2778,V15_4_FISHWAY,V15_4_FISHWAY_I,V15_10_ALL,CONCRETE,V15_10_ALL,"-62.855863190,-197.666666700,3059.500000000;-61.856840380,-197.194444400,3061.500000000",NEGATIVE_VOLUME
2779,V15_4_FISHWAY,V15_4_FISHWAY_I,V15_10_ALL,CONCRETE,V15_10_ALL,"-63.854885990,-197.888888900,3059.500000000;-62.855863190,-197.416666700,3061.500000000",NEGATIVE_VOLUME
2780,V15_4_FISHWAY,V15_4_FISHWAY_I,V15_10_ALL,CONCRETE,V15_10_ALL,"-64.853908790,-198.111111100,3059.500000000;-63.854885990,-197.638888900,3061.500000000",NEGATIVE_VOLUME
2781,V15_4_FISHWAY,V15_4_FISHWAY_I,V15_10_ALL,CONCRETE,V15_10_ALL,"-65.852931590,-198.333333300,3059.500000000;-64.853908790,-197.861111100,3061.500000000",NEGATIVE_VOLUME
2782,V15_4_FISHWAY,V15_4_FISHWAY_I,V15_10_ALL,CONCRETE,V15_10_ALL,"-66.851954400,-198.555555600,3059.500000000;-65.852931590,-198.083333300,3061.500000000",NEGATIVE_VOLUME
2783,V15_4_FISHWAY,V15_4_FISHWAY_I,V15_10_ALL,CONCRETE,V15_10_ALL,"-67.850977200,-198.777777800,3059.500000000;-66.851954400,-198.305555600,3061.500000000",NEGATIVE_VOLUME
2784,V15_4_FISHWAY,V15_4_FISHWAY_I,V15_10_ALL,CONCRETE,V15_10_ALL,"-68.850000000,-199.000000000,3059.500000000;-67.850977200,-198.527777800,3061.500000000",NEGATIVE_VOLUME
2839,V15_4_FISHWAY,V15_4_FISHWAY_I,V15_10_ALL,CONCRETE,V15_10_ALL,"-52.100000000,-200.998869600,3059.000000000;-49.600000000,-200.000000000,3059.547535000",NEGATIVE_VOLUME
2840,V15_4_FISHWAY,V15_4_FISHWAY_I,V15_10_ALL,CONCRETE,V15_10_ALL,"-52.100000000,-201.997739100,3059.047535000;-49.600000000,-200.998869600,3059.595070000",NEGATIVE_VOLUME
2841,V15_4_FISHWAY,V15_4_FISHWAY_I,V15_10_ALL,CONCRETE,V15_10_ALL,"-52.100000000,-202.996608700,3059.095070000;-49.600000000,-201.997739100,3059.642606000",NEGATIVE_VOLUME
2842,V15_4_FISHWAY,V15_4_FISHWAY_I,V15_10_ALL,CONCRETE,V15_10_ALL,"-52.100000000,-203.995478300,3059.142606000;-49.600000000,-202.996608700,3059.690141000",NEGATIVE_VOLUME
2843,V15_4_FISHWAY,V15_4_FISHWAY_I,V15_10_ALL,CONCRETE,V15_10_ALL,"-52.100000000,-204.994347800,3059.190141000;-49.600000000,-203.995478300,3059.737676000",NEGATIVE_VOLUME
2844,V15_4_FISHWAY,V15_4_FISHWAY_I,V15_10_ALL,CONCRETE,V15_10_ALL,"-52.100000000,-205.993217400,3059.237676000;-49.600000000,-204.994347800,3059.785211000",NEGATIVE_VOLUME
2845,V15_4_FISHWAY,V15_4_FISHWAY_I,V15_10_ALL,CONCRETE,V15_10_ALL,"-52.100000000,-206.992086900,3059.285211000;-49.600000000,-205.993217400,3059.832746000",NEGATIVE_VOLUME
2846,V15_4_FISHWAY,V15_4_FISHWAY_I,V15_10_ALL,CONCRETE,V15_10_ALL,"-52.100000000,-207.990956500,3059.332746000;-49.600000000,-206.992086900,3059.880282000",NEGATIVE_VOLUME
2847,V15_4_FISHWAY,V15_4_FISHWAY_I,V15_10_ALL,CONCRETE,V15_10_ALL,"-52.100000000,-208.989826100,3059.380282000;-49.600000000,-207.990956500,3059.927817000",NEGATIVE_VOLUME
2848,V15_4_FISHWAY,V15_4_FISHWAY_I,V15_10_ALL,CONCRETE,V15_10_ALL,"-52.100000000,-209.988695600,3059.427817000;-49.600000000,-208.989826100,3059.975352000",NEGATIVE_VOLUME
2849,V15_4_FISHWAY,V15_4_FISHWAY_I,V15_10_ALL,CONCRETE,V15_10_ALL,"-52.100000000,-210.987565200,3059.475352000;-49.600000000,-209.988695600,3060.022887000",NEGATIVE_VOLUME
2850,V15_4_FISHWAY,V15_4_FISHWAY_I,V15_10_ALL,CONCRETE,V15_10_ALL,"-52.100000000,-211.986434800,3059.522887000;-49.600000000,-210.987565200,3060.070423000",NEGATIVE_VOLUME
2851,V15_4_FISHWAY,V15_4_FISHWAY_I,V15_10_ALL,CONCRETE,V15_10_ALL,"-52.100000000,-212.985304300,3059.570423000;-49.600000000,-211.986434800,3060.117958000",NEGATIVE_VOLUME
2852,V15_4_FISHWAY,V15_4_FISHWAY_I,V15_10_ALL,CONCRETE,V15_10_ALL,"-52.100000000,-213.984173900,3059.617958000;-49.600000000,-212.985304300,3060.165493000",NEGATIVE_VOLUME
2853,V15_4_FISHWAY,V15_4_FISHWAY_I,V15_10_ALL,CONCRETE,V15_10_ALL,"-52.100000000,-214.983043400,3059.665493000;-49.600000000,-213.984173900,3060.213028000",NEGATIVE_VOLUME
2854,V15_4_FISHWAY,V15_4_FISHWAY_I,V15_10_ALL,CONCRETE,V15_10_ALL,"-52.100000000,-215.981913000,3059.713028000;-49.600000000,-214.983043400,3060.260563000",NEGATIVE_VOLUME
2855,V15_4_FISHWAY,V15_4_FISHWAY_I,V15_10_ALL,CONCRETE,V15_10_ALL,"-52.100000000,-216.980782600,3059.760563000;-49.600000000,-215.981913000,3060.308099000",NEGATIVE_VOLUME
2856,V15_4_FISHWAY,V15_4_FISHWAY_I,V15_10_ALL,CONCRETE,V15_10_ALL,"-52.100000000,-217.979652100,3059.808099000;-49.600000000,-216.980782600,3060.355634000",NEGATIVE_VOLUME
2857,V15_4_FISHWAY,V15_4_FISHWAY_I,V15_10_ALL,CONCRETE,V15_10_ALL,"-52.100000000,-218.978521700,3059.855634000;-49.600000000,-217.979652100,3060.403169000",NEGATIVE_VOLUME
2858,V15_4_FISHWAY,V15_4_FISHWAY_I,V15_10_ALL,CONCRETE,V15_10_ALL,"-52.100000000,-219.977391300,3059.903169000;-49.600000000,-218.978521700,3060.450704000",NEGATIVE_VOLUME
2859,V15_4_FISHWAY,V15_4_FISHWAY_I,V15_10_ALL,CONCRETE,V15_10_ALL,"-52.100000000,-220.976260800,3059.950704000;-49.600000000,-219.977391300,3060.498239000",NEGATIVE_VOLUME
2860,V15_4_FISHWAY,V15_4_FISHWAY_I,V15_10_ALL,CONCRETE,V15_10_ALL,"-52.100000000,-221.975130400,3059.998239000;-49.600000000,-220.976260800,3060.545775000",NEGATIVE_VOLUME
2861,V15_4_FISHWAY,V15_4_FISHWAY_I,V15_10_ALL,CONCRETE,V15_10_ALL,"-52.100000000,-222.973999900,3060.045775000;-49.600000000,-221.975130400,3060.593310000",NEGATIVE_VOLUME
2862,V15_4_FISHWAY,V15_4_FISHWAY_I,V15_10_ALL,CONCRETE,V15_10_ALL,"-52.100000000,-223.972869500,3060.093310000;-49.600000000,-222.973999900,3060.640845000",NEGATIVE_VOLUME
2863,V15_4_FISHWAY,V15_4_FISHWAY_I,V15_10_ALL,CONCRETE,V15_10_ALL,"-52.100000000,-224.971739100,3060.140845000;-49.600000000,-223.972869500,3060.688380000",NEGATIVE_VOLUME
2864,V15_4_FISHWAY,V15_4_FISHWAY_I,V15_10_ALL,CONCRETE,V15_10_ALL,"-52.100000000,-225.970608600,3060.188380000;-49.600000000,-224.971739100,3060.735915000",NEGATIVE_VOLUME
2865,V15_4_FISHWAY,V15_4_FISHWAY_I,V15_10_ALL,CONCRETE,V15_10_ALL,"-52.100000000,-226.969478200,3060.235915000;-49.600000000,-225.970608600,3060.783451000",NEGATIVE_VOLUME
2866,V15_4_FISHWAY,V15_4_FISHWAY_I,V15_10_ALL,CONCRETE,V15_10_ALL,"-52.100000000,-227.968347800,3060.283451000;-49.600000000,-226.969478200,3060.830986000",NEGATIVE_VOLUME
2867,V15_4_FISHWAY,V15_4_FISHWAY_I,V15_10_ALL,CONCRETE,V15_10_ALL,"-52.100000000,-228.967217300,3060.330986000;-49.600000000,-227.968347800,3060.878521000",NEGATIVE_VOLUME
2868,V15_4_FISHWAY,V15_4_FISHWAY_I,V15_10_ALL,CONCRETE,V15_10_ALL,"-52.100000000,-229.966086900,3060.378521000;-49.600000000,-228.967217300,3060.926056000",NEGATIVE_VOLUME
2869,V15_4_FISHWAY,V15_4_FISHWAY_I,V15_10_ALL,CONCRETE,V15_10_ALL,"-52.100000000,-230.964956400,3060.426056000;-49.600000000,-229.966086900,3060.973592000",NEGATIVE_VOLUME
2870,V15_4_FISHWAY,V15_4_FISHWAY_I,V15_10_ALL,CONCRETE,V15_10_ALL,"-52.100000000,-231.963826000,3060.473592000;-49.600000000,-230.964956400,3061.021127000",NEGATIVE_VOLUME
2871,V15_4_FISHWAY,V15_4_FISHWAY_I,V15_10_ALL,CONCRETE,V15_10_ALL,"-52.100000000,-232.962695600,3060.521127000;-49.600000000,-231.963826000,3061.068662000",NEGATIVE_VOLUME
2872,V15_4_FISHWAY,V15_4_FISHWAY_I,V15_10_ALL,CONCRETE,V15_10_ALL,"-52.100000000,-233.961565100,3060.568662000;-49.600000000,-232.962695600,3061.116197000",NEGATIVE_VOLUME
2873,V15_4_FISHWAY,V15_4_FISHWAY_I,V15_10_ALL,CONCRETE,V15_10_ALL,"-52.100000000,-234.960434700,3060.616197000;-49.600000000,-233.961565100,3061.163732000",NEGATIVE_VOLUME
2874,V15_4_FISHWAY,V15_4_FISHWAY_I,V15_10_ALL,CONCRETE,V15_10_ALL,"-52.100000000,-235.959304300,3060.663732000;-49.600000000,-234.960434700,3061.211268000",NEGATIVE_VOLUME
2875,V15_4_FISHWAY,V15_4_FISHWAY_I,V15_10_ALL,CONCRETE,V15_10_ALL,"-52.100000000,-236.958173800,3060.711268000;-49.600000000,-235.959304300,3061.258803000",NEGATIVE_VOLUME
2876,V15_4_FISHWAY,V15_4_FISHWAY_I,V15_10_ALL,CONCRETE,V15_10_ALL,"-52.100000000,-237.957043400,3060.758803000;-49.600000000,-236.958173800,3061.306338000",NEGATIVE_VOLUME
2877,V15_4_FISHWAY,V15_4_FISHWAY_I,V15_10_ALL,CONCRETE,V15_10_ALL,"-52.100000000,-238.955913000,3060.806338000;-49.600000000,-237.957043400,3061.353873000",NEGATIVE_VOLUME
2878,V15_4_FISHWAY,V15_4_FISHWAY_I,V15_10_ALL,CONCRETE,V15_10_ALL,"-52.100000000,-239.954782500,3060.853873000;-49.600000000,-238.955913000,3061.401408000",NEGATIVE_VOLUME
2879,V15_4_FISHWAY,V15_4_FISHWAY_I,V15_10_ALL,CONCRETE,V15_10_ALL,"-52.100000000,-240.953652100,3060.901408000;-49.600000000,-239.954782500,3061.448944000",NEGATIVE_VOLUME
2880,V15_4_FISHWAY,V15_4_FISHWAY_I,V15_10_ALL,CONCRETE,V15_10_ALL,"-52.100000000,-241.952521600,3060.948944000;-49.600000000,-240.953652100,3061.496479000",NEGATIVE_VOLUME
2881,V15_4_FISHWAY,V15_4_FISHWAY_I,V15_10_ALL,CONCRETE,V15_10_ALL,"-52.100000000,-242.951391200,3060.996479000;-49.600000000,-241.952521600,3061.544014000",NEGATIVE_VOLUME
2882,V15_4_FISHWAY,V15_4_FISHWAY_I,V15_10_ALL,CONCRETE,V15_10_ALL,"-52.100000000,-243.950260800,3061.044014000;-49.600000000,-242.951391200,3061.591549000",NEGATIVE_VOLUME
2883,V15_4_FISHWAY,V15_4_FISHWAY_I,V15_10_ALL,CONCRETE,V15_10_ALL,"-52.100000000,-244.949130300,3061.091549000;-49.600000000,-243.950260800,3061.639085000",NEGATIVE_VOLUME
2884,V15_4_FISHWAY,V15_4_FISHWAY_I,V15_10_ALL,CONCRETE,V15_10_ALL,"-52.100000000,-245.947999900,3061.139085000;-49.600000000,-244.949130300,3061.686620000",NEGATIVE_VOLUME
2885,V15_4_FISHWAY,V15_4_FISHWAY_I,V15_10_ALL,CONCRETE,V15_10_ALL,"-52.100000000,-246.946869500,3061.186620000;-49.600000000,-245.947999900,3061.734155000",NEGATIVE_VOLUME
2886,V15_4_FISHWAY,V15_4_FISHWAY_I,V15_10_ALL,CONCRETE,V15_10_ALL,"-52.100000000,-247.945739000,3061.234155000;-49.600000000,-246.946869500,3061.781690000",NEGATIVE_VOLUME
2887,V15_4_FISHWAY,V15_4_FISHWAY_I,V15_10_ALL,CONCRETE,V15_10_ALL,"-52.100000000,-248.944608600,3061.281690000;-49.600000000,-247.945739000,3061.829225000",NEGATIVE_VOLUME
2888,V15_4_FISHWAY,V15_4_FISHWAY_I,V15_10_ALL,CONCRETE,V15_10_ALL,"-52.100000000,-249.943478100,3061.329225000;-49.600000000,-248.944608600,3061.876761000",NEGATIVE_VOLUME
2889,V15_4_FISHWAY,V15_4_FISHWAY_I,V15_10_ALL,CONCRETE,V15_10_ALL,"-52.100000000,-250.942347700,3061.376761000;-49.600000000,-249.943478100,3061.924296000",NEGATIVE_VOLUME
2890,V15_4_FISHWAY,V15_4_FISHWAY_I,V15_10_ALL,CONCRETE,V15_10_ALL,"-52.100000000,-251.941217300,3061.424296000;-49.600000000,-250.942347700,3061.971831000",NEGATIVE_VOLUME
2891,V15_4_FISHWAY,V15_4_FISHWAY_I,V15_10_ALL,CONCRETE,V15_10_ALL,"-52.100000000,-252.940086800,3061.471831000;-49.600000000,-251.941217300,3062.019366000",NEGATIVE_VOLUME
2892,V15_4_FISHWAY,V15_4_FISHWAY_I,V15_10_ALL,CONCRETE,V15_10_ALL,"-52.100000000,-253.938956400,3061.519366000;-49.600000000,-252.940086800,3062.066901000",NEGATIVE_VOLUME
2893,V15_4_FISHWAY,V15_4_FISHWAY_I,V15_10_ALL,CONCRETE,V15_10_ALL,"-52.100000000,-254.937826000,3061.566901000;-49.600000000,-253.938956400,3062.114437000",NEGATIVE_VOLUME
2894,V15_4_FISHWAY,V15_4_FISHWAY_I,V15_10_ALL,CONCRETE,V15_10_ALL,"-52.100000000,-255.936695500,3061.614437000;-49.600000000,-254.937826000,3062.161972000",NEGATIVE_VOLUME
2895,V15_4_FISHWAY,V15_4_FISHWAY_I,V15_10_ALL,CONCRETE,V15_10_ALL,"-52.100000000,-256.935565100,3061.661972000;-49.600000000,-255.936695500,3062.209507000",NEGATIVE_VOLUME
2896,V15_4_FISHWAY,V15_4_FISHWAY_I,V15_10_ALL,CONCRETE,V15_10_ALL,"-52.100000000,-257.934434600,3061.709507000;-49.600000000,-256.935565100,3062.257042000",NEGATIVE_VOLUME
2897,V15_4_FISHWAY,V15_4_FISHWAY_I,V15_10_ALL,CONCRETE,V15_10_ALL,"-52.100000000,-258.933304200,3061.757042000;-49.600000000,-257.934434600,3062.304577000",NEGATIVE_VOLUME
2898,V15_4_FISHWAY,V15_4_FISHWAY_I,V15_10_ALL,CONCRETE,V15_10_ALL,"-52.100000000,-259.932173800,3061.804577000;-49.600000000,-258.933304200,3062.352113000",NEGATIVE_VOLUME
2899,V15_4_FISHWAY,V15_4_FISHWAY_I,V15_10_ALL,CONCRETE,V15_10_ALL,"-52.100000000,-260.931043300,3061.852113000;-49.600000000,-259.932173800,3062.399648000",NEGATIVE_VOLUME
2900,V15_4_FISHWAY,V15_4_FISHWAY_I,V15_10_ALL,CONCRETE,V15_10_ALL,"-52.100000000,-261.929912900,3061.899648000;-49.600000000,-260.931043300,3062.447183000",NEGATIVE_VOLUME
2901,V15_4_FISHWAY,V15_4_FISHWAY_I,V15_10_ALL,CONCRETE,V15_10_ALL,"-52.100000000,-262.928782500,3061.947183000;-49.600000000,-261.929912900,3062.494718000",NEGATIVE_VOLUME
2902,V15_4_FISHWAY,V15_4_FISHWAY_I,V15_10_ALL,CONCRETE,V15_10_ALL,"-52.100000000,-263.927652000,3061.994718000;-49.600000000,-262.928782500,3062.542254000",NEGATIVE_VOLUME
2903,V15_4_FISHWAY,V15_4_FISHWAY_I,V15_10_ALL,CONCRETE,V15_10_ALL,"-52.100000000,-264.926521600,3062.042254000;-49.600000000,-263.927652000,3062.589789000",NEGATIVE_VOLUME
2904,V15_4_FISHWAY,V15_4_FISHWAY_I,V15_10_ALL,CONCRETE,V15_10_ALL,"-52.100000000,-265.925391200,3062.089789000;-49.600000000,-264.926521600,3062.637324000",NEGATIVE_VOLUME
2905,V15_4_FISHWAY,V15_4_FISHWAY_I,V15_10_ALL,CONCRETE,V15_10_ALL,"-52.100000000,-266.924260700,3062.137324000;-49.600000000,-265.925391200,3062.684859000",NEGATIVE_VOLUME
2906,V15_4_FISHWAY,V15_4_FISHWAY_I,V15_10_ALL,CONCRETE,V15_10_ALL,"-52.100000000,-267.923130300,3062.184859000;-49.600000000,-266.924260700,3062.732394000",NEGATIVE_VOLUME
2907,V15_4_FISHWAY,V15_4_FISHWAY_I,V15_10_ALL,CONCRETE,V15_10_ALL,"-52.100000000,-268.921999800,3062.232394000;-49.600000000,-267.923130300,3062.779930000",NEGATIVE_VOLUME
2908,V15_4_FISHWAY,V15_4_FISHWAY_I,V15_10_ALL,CONCRETE,V15_10_ALL,"-52.100000000,-269.920869400,3062.279930000;-49.600000000,-268.921999800,3062.827465000",NEGATIVE_VOLUME
2909,V15_4_FISHWAY,V15_4_FISHWAY_I,V15_10_ALL,CONCRETE,V15_10_ALL,"-52.100000000,-270.919739000,3062.327465000;-49.600000000,-269.920869400,3062.875000000",NEGATIVE_VOLUME
2910,V15_4_FISHWAY,V15_4_FISHWAY_I,V15_10_ALL,CONCRETE,V15_10_ALL,"-52.100000000,-271.918608500,3062.375000000;-49.600000000,-270.919739000,3062.922535000",NEGATIVE_VOLUME
2911,V15_4_FISHWAY,V15_4_FISHWAY_I,V15_10_ALL,CONCRETE,V15_10_ALL,"-52.100000000,-272.917478100,3062.422535000;-49.600000000,-271.918608500,3062.970070000",NEGATIVE_VOLUME
2912,V15_4_FISHWAY,V15_4_FISHWAY_I,V15_10_ALL,CONCRETE,V15_10_ALL,"-52.100000000,-273.916347700,3062.470070000;-49.600000000,-272.917478100,3063.017606000",NEGATIVE_VOLUME
2913,V15_4_FISHWAY,V15_4_FISHWAY_I,V15_10_ALL,CONCRETE,V15_10_ALL,"-52.100000000,-274.915217200,3062.517606000;-49.600000000,-273.916347700,3063.065141000",NEGATIVE_VOLUME
2914,V15_4_FISHWAY,V15_4_FISHWAY_I,V15_10_ALL,CONCRETE,V15_10_ALL,"-52.100000000,-275.914086800,3062.565141000;-49.600000000,-274.915217200,3063.112676000",NEGATIVE_VOLUME
2915,V15_4_FISHWAY,V15_4_FISHWAY_I,V15_10_ALL,CONCRETE,V15_10_ALL,"-52.100000000,-276.912956300,3062.612676000;-49.600000000,-275.914086800,3063.160211000",NEGATIVE_VOLUME
2916,V15_4_FISHWAY,V15_4_FISHWAY_I,V15_10_ALL,CONCRETE,V15_10_ALL,"-52.100000000,-277.911825900,3062.660211000;-49.600000000,-276.912956300,3063.207746000",NEGATIVE_VOLUME
2917,V15_4_FISHWAY,V15_4_FISHWAY_I,V15_10_ALL,CONCRETE,V15_10_ALL,"-52.100000000,-278.910695500,3062.707746000;-49.600000000,-277.911825900,3063.255282000",NEGATIVE_VOLUME
2918,V15_4_FISHWAY,V15_4_FISHWAY_I,V15_10_ALL,CONCRETE,V15_10_ALL,"-52.100000000,-279.909565000,3062.755282000;-49.600000000,-278.910695500,3063.302817000",NEGATIVE_VOLUME
2919,V15_4_FISHWAY,V15_4_FISHWAY_I,V15_10_ALL,CONCRETE,V15_10_ALL,"-52.100000000,-280.908434600,3062.802817000;-49.600000000,-279.909565000,3063.350352000",NEGATIVE_VOLUME
2920,V15_4_FISHWAY,V15_4_FISHWAY_I,V15_10_ALL,CONCRETE,V15_10_ALL,"-52.100000000,-281.907304200,3062.850352000;-49.600000000,-280.908434600,3063.397887000",NEGATIVE_VOLUME
2921,V15_4_FISHWAY,V15_4_FISHWAY_I,V15_10_ALL,CONCRETE,V15_10_ALL,"-52.100000000,-282.906173700,3062.897887000;-49.600000000,-281.907304200,3063.445423000",NEGATIVE_VOLUME
2922,V15_4_FISHWAY,V15_4_FISHWAY_I,V15_10_ALL,CONCRETE,V15_10_ALL,"-52.100000000,-283.905043300,3062.945423000;-49.600000000,-282.906173700,3063.492958000",NEGATIVE_VOLUME
2923,V15_4_FISHWAY,V15_4_FISHWAY_I,V15_10_ALL,CONCRETE,V15_10_ALL,"-52.100000000,-284.903912800,3062.992958000;-49.600000000,-283.905043300,3063.540493000",NEGATIVE_VOLUME
2924,V15_4_FISHWAY,V15_4_FISHWAY_I,V15_10_ALL,CONCRETE,V15_10_ALL,"-52.100000000,-285.902782400,3063.040493000;-49.600000000,-284.903912800,3063.588028000",NEGATIVE_VOLUME
2925,V15_4_FISHWAY,V15_4_FISHWAY_I,V15_10_ALL,CONCRETE,V15_10_ALL,"-52.100000000,-286.901652000,3063.088028000;-49.600000000,-285.902782400,3063.635563000",NEGATIVE_VOLUME
2926,V15_4_FISHWAY,V15_4_FISHWAY_I,V15_10_ALL,CONCRETE,V15_10_ALL,"-52.100000000,-287.900521500,3063.135563000;-49.600000000,-286.901652000,3063.683099000",NEGATIVE_VOLUME
2927,V15_4_FISHWAY,V15_4_FISHWAY_I,V15_10_ALL,CONCRETE,V15_10_ALL,"-52.100000000,-288.899391100,3063.183099000;-49.600000000,-287.900521500,3063.730634000",NEGATIVE_VOLUME
2928,V15_4_FISHWAY,V15_4_FISHWAY_I,V15_10_ALL,CONCRETE,V15_10_ALL,"-52.100000000,-289.898260700,3063.230634000;-49.600000000,-288.899391100,3063.778169000",NEGATIVE_VOLUME
2929,V15_4_FISHWAY,V15_4_FISHWAY_I,V15_10_ALL,CONCRETE,V15_10_ALL,"-52.100000000,-290.897130200,3063.278169000;-49.600000000,-289.898260700,3063.825704000",NEGATIVE_VOLUME
2930,V15_4_FISHWAY,V15_4_FISHWAY_I,V15_10_ALL,CONCRETE,V15_10_ALL,"-52.100000000,-291.895999800,3063.325704000;-49.600000000,-290.897130200,3063.873239000",NEGATIVE_VOLUME
2931,V15_4_FISHWAY,V15_4_FISHWAY_I,V15_10_ALL,CONCRETE,V15_10_ALL,"-52.100000000,-292.894869300,3063.373239000;-49.600000000,-291.895999800,3063.920775000",NEGATIVE_VOLUME
2932,V15_4_FISHWAY,V15_4_FISHWAY_I,V15_10_ALL,CONCRETE,V15_10_ALL,"-52.100000000,-293.893738900,3063.420775000;-49.600000000,-292.894869300,3063.968310000",NEGATIVE_VOLUME
2933,V15_4_FISHWAY,V15_4_FISHWAY_I,V15_10_ALL,CONCRETE,V15_10_ALL,"-52.100000000,-294.892608500,3063.468310000;-49.600000000,-293.893738900,3064.015845000",NEGATIVE_VOLUME
2934,V15_4_FISHWAY,V15_4_FISHWAY_I,V15_10_ALL,CONCRETE,V15_10_ALL,"-52.100000000,-295.891478000,3063.515845000;-49.600000000,-294.892608500,3064.063380000",NEGATIVE_VOLUME
2935,V15_4_FISHWAY,V15_4_FISHWAY_I,V15_10_ALL,CONCRETE,V15_10_ALL,"-52.100000000,-296.890347600,3063.563380000;-49.600000000,-295.891478000,3064.110915000",NEGATIVE_VOLUME
2936,V15_4_FISHWAY,V15_4_FISHWAY_I,V15_10_ALL,CONCRETE,V15_10_ALL,"-52.100000000,-297.889217200,3063.610915000;-49.600000000,-296.890347600,3064.158451000",NEGATIVE_VOLUME
2937,V15_4_FISHWAY,V15_4_FISHWAY_I,V15_10_ALL,CONCRETE,V15_10_ALL,"-52.100000000,-298.888086700,3063.658451000;-49.600000000,-297.889217200,3064.205986000",NEGATIVE_VOLUME
2938,V15_4_FISHWAY,V15_4_FISHWAY_I,V15_10_ALL,CONCRETE,V15_10_ALL,"-52.100000000,-299.886956300,3063.705986000;-49.600000000,-298.888086700,3064.253521000",NEGATIVE_VOLUME
2939,V15_4_FISHWAY,V15_4_FISHWAY_I,V15_10_ALL,CONCRETE,V15_10_ALL,"-52.100000000,-300.885825900,3063.753521000;-49.600000000,-299.886956300,3064.301056000",NEGATIVE_VOLUME
2940,V15_4_FISHWAY,V15_4_FISHWAY_I,V15_10_ALL,CONCRETE,V15_10_ALL,"-52.100000000,-301.884695400,3063.801056000;-49.600000000,-300.885825900,3064.348592000",NEGATIVE_VOLUME
2941,V15_4_FISHWAY,V15_4_FISHWAY_I,V15_10_ALL,CONCRETE,V15_10_ALL,"-52.100000000,-302.883565000,3063.848592000;-49.600000000,-301.884695400,3064.396127000",NEGATIVE_VOLUME
2942,V15_4_FISHWAY,V15_4_FISHWAY_I,V15_10_ALL,CONCRETE,V15_10_ALL,"-52.100000000,-303.882434500,3063.896127000;-49.600000000,-302.883565000,3064.443662000",NEGATIVE_VOLUME
2943,V15_4_FISHWAY,V15_4_FISHWAY_I,V15_10_ALL,CONCRETE,V15_10_ALL,"-52.100000000,-304.881304100,3063.943662000;-49.600000000,-303.882434500,3064.491197000",NEGATIVE_VOLUME
2944,V15_4_FISHWAY,V15_4_FISHWAY_I,V15_10_ALL,CONCRETE,V15_10_ALL,"-52.100000000,-305.880173700,3063.991197000;-49.600000000,-304.881304100,3064.538732000",NEGATIVE_VOLUME
2945,V15_4_FISHWAY,V15_4_FISHWAY_I,V15_10_ALL,CONCRETE,V15_10_ALL,"-52.100000000,-306.879043200,3064.038732000;-49.600000000,-305.880173700,3064.586268000",NEGATIVE_VOLUME
2946,V15_4_FISHWAY,V15_4_FISHWAY_I,V15_10_ALL,CONCRETE,V15_10_ALL,"-52.100000000,-307.877912800,3064.086268000;-49.600000000,-306.879043200,3064.633803000",NEGATIVE_VOLUME
2947,V15_4_FISHWAY,V15_4_FISHWAY_I,V15_10_ALL,CONCRETE,V15_10_ALL,"-52.100000000,-308.876782400,3064.133803000;-49.600000000,-307.877912800,3064.681338000",NEGATIVE_VOLUME
2948,V15_4_FISHWAY,V15_4_FISHWAY_I,V15_10_ALL,CONCRETE,V15_10_ALL,"-52.100000000,-309.875651900,3064.181338000;-49.600000000,-308.876782400,3064.728873000",NEGATIVE_VOLUME
2949,V15_4_FISHWAY,V15_4_FISHWAY_I,V15_10_ALL,CONCRETE,V15_10_ALL,"-52.100000000,-310.874521500,3064.228873000;-49.600000000,-309.875651900,3064.776408000",NEGATIVE_VOLUME
2950,V15_4_FISHWAY,V15_4_FISHWAY_I,V15_10_ALL,CONCRETE,V15_10_ALL,"-52.100000000,-311.873391000,3064.276408000;-49.600000000,-310.874521500,3064.823944000",NEGATIVE_VOLUME
2951,V15_4_FISHWAY,V15_4_FISHWAY_I,V15_10_ALL,CONCRETE,V15_10_ALL,"-52.100000000,-312.872260600,3064.323944000;-49.600000000,-311.873391000,3064.871479000",NEGATIVE_VOLUME
2952,V15_4_FISHWAY,V15_4_FISHWAY_I,V15_10_ALL,CONCRETE,V15_10_ALL,"-52.100000000,-313.871130200,3064.371479000;-49.600000000,-312.872260600,3064.919014000",NEGATIVE_VOLUME
2953,V15_4_FISHWAY,V15_4_FISHWAY_I,V15_10_ALL,CONCRETE,V15_10_ALL,"-52.100000000,-314.869999700,3064.419014000;-49.600000000,-313.871130200,3064.966549000",NEGATIVE_VOLUME
2954,V15_4_FISHWAY,V15_4_FISHWAY_I,V15_10_ALL,CONCRETE,V15_10_ALL,"-52.100000000,-315.868869300,3064.466549000;-49.600000000,-314.869999700,3065.014085000",NEGATIVE_VOLUME
2955,V15_4_FISHWAY,V15_4_FISHWAY_I,V15_10_ALL,CONCRETE,V15_10_ALL,"-52.100000000,-316.867738900,3064.514085000;-49.600000000,-315.868869300,3065.061620000",NEGATIVE_VOLUME
2956,V15_4_FISHWAY,V15_4_FISHWAY_I,V15_10_ALL,CONCRETE,V15_10_ALL,"-52.100000000,-317.866608400,3064.561620000;-49.600000000,-316.867738900,3065.109155000",NEGATIVE_VOLUME
2957,V15_4_FISHWAY,V15_4_FISHWAY_I,V15_10_ALL,CONCRETE,V15_10_ALL,"-52.100000000,-318.865478000,3064.609155000;-49.600000000,-317.866608400,3065.156690000",NEGATIVE_VOLUME
2958,V15_4_FISHWAY,V15_4_FISHWAY_I,V15_10_ALL,CONCRETE,V15_10_ALL,"-52.100000000,-319.864347500,3064.656690000;-49.600000000,-318.865478000,3065.204225000",NEGATIVE_VOLUME
2959,V15_4_FISHWAY,V15_4_FISHWAY_I,V15_10_ALL,CONCRETE,V15_10_ALL,"-52.100000000,-320.863217100,3064.704225000;-49.600000000,-319.864347500,3065.251761000",NEGATIVE_VOLUME
2960,V15_4_FISHWAY,V15_4_FISHWAY_I,V15_10_ALL,CONCRETE,V15_10_ALL,"-52.100000000,-321.862086700,3064.751761000;-49.600000000,-320.863217100,3065.299296000",NEGATIVE_VOLUME
2961,V15_4_FISHWAY,V15_4_FISHWAY_I,V15_10_ALL,CONCRETE,V15_10_ALL,"-52.100000000,-322.860956200,3064.799296000;-49.600000000,-321.862086700,3065.346831000",NEGATIVE_VOLUME
2962,V15_4_FISHWAY,V15_4_FISHWAY_I,V15_10_ALL,CONCRETE,V15_10_ALL,"-52.100000000,-323.859825800,3064.846831000;-49.600000000,-322.860956200,3065.394366000",NEGATIVE_VOLUME
2963,V15_4_FISHWAY,V15_4_FISHWAY_I,V15_10_ALL,CONCRETE,V15_10_ALL,"-52.100000000,-324.858695400,3064.894366000;-49.600000000,-323.859825800,3065.441901000",NEGATIVE_VOLUME
2964,V15_4_FISHWAY,V15_4_FISHWAY_I,V15_10_ALL,CONCRETE,V15_10_ALL,"-52.100000000,-325.857564900,3064.941901000;-49.600000000,-324.858695400,3065.489437000",NEGATIVE_VOLUME
2965,V15_4_FISHWAY,V15_4_FISHWAY_I,V15_10_ALL,CONCRETE,V15_10_ALL,"-52.100000000,-326.856434500,3064.989437000;-49.600000000,-325.857564900,3065.536972000",NEGATIVE_VOLUME
2966,V15_4_FISHWAY,V15_4_FISHWAY_I,V15_10_ALL,CONCRETE,V15_10_ALL,"-52.100000000,-327.855304100,3065.036972000;-49.600000000,-326.856434500,3065.584507000",NEGATIVE_VOLUME
2967,V15_4_FISHWAY,V15_4_FISHWAY_I,V15_10_ALL,CONCRETE,V15_10_ALL,"-52.100000000,-328.854173600,3065.084507000;-49.600000000,-327.855304100,3065.632042000",NEGATIVE_VOLUME
2968,V15_4_FISHWAY,V15_4_FISHWAY_I,V15_10_ALL,CONCRETE,V15_10_ALL,"-52.100000000,-329.853043200,3065.132042000;-49.600000000,-328.854173600,3065.679577000",NEGATIVE_VOLUME
2969,V15_4_FISHWAY,V15_4_FISHWAY_I,V15_10_ALL,CONCRETE,V15_10_ALL,"-52.100000000,-330.851912700,3065.179577000;-49.600000000,-329.853043200,3065.727113000",NEGATIVE_VOLUME
2970,V15_4_FISHWAY,V15_4_FISHWAY_I,V15_10_ALL,CONCRETE,V15_10_ALL,"-52.100000000,-331.850782300,3065.227113000;-49.600000000,-330.851912700,3065.774648000",NEGATIVE_VOLUME
2971,V15_4_FISHWAY,V15_4_FISHWAY_I,V15_10_ALL,CONCRETE,V15_10_ALL,"-52.100000000,-332.849651900,3065.274648000;-49.600000000,-331.850782300,3065.822183000",NEGATIVE_VOLUME
2972,V15_4_FISHWAY,V15_4_FISHWAY_I,V15_10_ALL,CONCRETE,V15_10_ALL,"-52.100000000,-333.848521400,3065.322183000;-49.600000000,-332.849651900,3065.869718000",NEGATIVE_VOLUME
2973,V15_4_FISHWAY,V15_4_FISHWAY_I,V15_10_ALL,CONCRETE,V15_10_ALL,"-52.100000000,-334.847391000,3065.369718000;-49.600000000,-333.848521400,3065.917254000",NEGATIVE_VOLUME
2974,V15_4_FISHWAY,V15_4_FISHWAY_I,V15_10_ALL,CONCRETE,V15_10_ALL,"-52.100000000,-335.846260600,3065.417254000;-49.600000000,-334.847391000,3065.964789000",NEGATIVE_VOLUME
2975,V15_4_FISHWAY,V15_4_FISHWAY_I,V15_10_ALL,CONCRETE,V15_10_ALL,"-52.100000000,-336.845130100,3065.464789000;-49.600000000,-335.846260600,3066.012324000",NEGATIVE_VOLUME
2976,V15_4_FISHWAY,V15_4_FISHWAY_I,V15_10_ALL,CONCRETE,V15_10_ALL,"-52.100000000,-337.843999700,3065.512324000;-49.600000000,-336.845130100,3066.059859000",NEGATIVE_VOLUME
2977,V15_4_FISHWAY,V15_4_FISHWAY_I,V15_10_ALL,CONCRETE,V15_10_ALL,"-52.100000000,-338.842869200,3065.559859000;-49.600000000,-337.843999700,3066.107394000",NEGATIVE_VOLUME
2978,V15_4_FISHWAY,V15_4_FISHWAY_I,V15_10_ALL,CONCRETE,V15_10_ALL,"-52.100000000,-339.841738800,3065.607394000;-49.600000000,-338.842869200,3066.154930000",NEGATIVE_VOLUME
2979,V15_4_FISHWAY,V15_4_FISHWAY_I,V15_10_ALL,CONCRETE,V15_10_ALL,"-52.100000000,-340.840608400,3065.654930000;-49.600000000,-339.841738800,3066.202465000",NEGATIVE_VOLUME
2980,V15_4_FISHWAY,V15_4_FISHWAY_I,V15_10_ALL,CONCRETE,V15_10_ALL,"-52.100000000,-341.839477900,3065.702465000;-49.600000000,-340.840608400,3066.250000000",NEGATIVE_VOLUME
2981,V15_4_FISHWAY,V15_4_FISHWAY_I,V15_10_ALL,CONCRETE,V15_10_ALL,"-52.100000000,-342.838347500,3065.750000000;-49.600000000,-341.839477900,3066.297535000",NEGATIVE_VOLUME
2982,V15_4_FISHWAY,V15_4_FISHWAY_I,V15_10_ALL,CONCRETE,V15_10_ALL,"-52.100000000,-343.837217100,3065.797535000;-49.600000000,-342.838347500,3066.345070000",NEGATIVE_VOLUME
2983,V15_4_FISHWAY,V15_4_FISHWAY_I,V15_10_ALL,CONCRETE,V15_10_ALL,"-52.100000000,-344.836086600,3065.845070000;-49.600000000,-343.837217100,3066.392606000",NEGATIVE_VOLUME
2984,V15_4_FISHWAY,V15_4_FISHWAY_I,V15_10_ALL,CONCRETE,V15_10_ALL,"-52.100000000,-345.834956200,3065.892606000;-49.600000000,-344.836086600,3066.440141000",NEGATIVE_VOLUME
2985,V15_4_FISHWAY,V15_4_FISHWAY_I,V15_10_ALL,CONCRETE,V15_10_ALL,"-52.100000000,-346.833825700,3065.940141000;-49.600000000,-345.834956200,3066.487676000",NEGATIVE_VOLUME
2986,V15_4_FISHWAY,V15_4_FISHWAY_I,V15_10_ALL,CONCRETE,V15_10_ALL,"-52.100000000,-347.832695300,3065.987676000;-49.600000000,-346.833825700,3066.535211000",NEGATIVE_VOLUME
2987,V15_4_FISHWAY,V15_4_FISHWAY_I,V15_10_ALL,CONCRETE,V15_10_ALL,"-52.100000000,-348.831564900,3066.035211000;-49.600000000,-347.832695300,3066.582746000",NEGATIVE_VOLUME
2988,V15_4_FISHWAY,V15_4_FISHWAY_I,V15_10_ALL,CONCRETE,V15_10_ALL,"-52.100000000,-349.830434400,3066.082746000;-49.600000000,-348.831564900,3066.630282000",NEGATIVE_VOLUME
2989,V15_4_FISHWAY,V15_4_FISHWAY_I,V15_10_ALL,CONCRETE,V15_10_ALL,"-52.100000000,-350.829304000,3066.130282000;-49.600000000,-349.830434400,3066.677817000",NEGATIVE_VOLUME
2990,V15_4_FISHWAY,V15_4_FISHWAY_I,V15_10_ALL,CONCRETE,V15_10_ALL,"-52.100000000,-351.828173600,3066.177817000;-49.600000000,-350.829304000,3066.725352000",NEGATIVE_VOLUME
2991,V15_4_FISHWAY,V15_4_FISHWAY_I,V15_10_ALL,CONCRETE,V15_10_ALL,"-52.100000000,-352.827043100,3066.225352000;-49.600000000,-351.828173600,3066.772887000",NEGATIVE_VOLUME
2992,V15_4_FISHWAY,V15_4_FISHWAY_I,V15_10_ALL,CONCRETE,V15_10_ALL,"-52.100000000,-353.825912700,3066.272887000;-49.600000000,-352.827043100,3066.820423000",NEGATIVE_VOLUME
2993,V15_4_FISHWAY,V15_4_FISHWAY_I,V15_10_ALL,CONCRETE,V15_10_ALL,"-52.100000000,-354.824782200,3066.320423000;-49.600000000,-353.825912700,3066.867958000",NEGATIVE_VOLUME
2994,V15_4_FISHWAY,V15_4_FISHWAY_I,V15_10_ALL,CONCRETE,V15_10_ALL,"-52.100000000,-355.823651800,3066.367958000;-49.600000000,-354.824782200,3066.915493000",NEGATIVE_VOLUME
2995,V15_4_FISHWAY,V15_4_FISHWAY_I,V15_10_ALL,CONCRETE,V15_10_ALL,"-52.100000000,-356.822521400,3066.415493000;-49.600000000,-355.823651800,3066.963028000",NEGATIVE_VOLUME
2996,V15_4_FISHWAY,V15_4_FISHWAY_I,V15_10_ALL,CONCRETE,V15_10_ALL,"-52.100000000,-357.821390900,3066.463028000;-49.600000000,-356.822521400,3067.010563000",NEGATIVE_VOLUME
2997,V15_4_FISHWAY,V15_4_FISHWAY_I,V15_10_ALL,CONCRETE,V15_10_ALL,"-52.100000000,-358.820260500,3066.510563000;-49.600000000,-357.821390900,3067.058099000",NEGATIVE_VOLUME
2998,V15_4_FISHWAY,V15_4_FISHWAY_I,V15_10_ALL,CONCRETE,V15_10_ALL,"-52.100000000,-359.819130100,3066.558099000;-49.600000000,-358.820260500,3067.105634000",NEGATIVE_VOLUME
2999,V15_4_FISHWAY,V15_4_FISHWAY_I,V15_10_ALL,CONCRETE,V15_10_ALL,"-52.100000000,-360.817999600,3066.605634000;-49.600000000,-359.819130100,3067.153169000",NEGATIVE_VOLUME
3000,V15_4_FISHWAY,V15_4_FISHWAY_I,V15_10_ALL,CONCRETE,V15_10_ALL,"-52.100000000,-361.816869200,3066.653169000;-49.600000000,-360.817999600,3067.200704000",NEGATIVE_VOLUME
3001,V15_4_FISHWAY,V15_4_FISHWAY_I,V15_10_ALL,CONCRETE,V15_10_ALL,"-52.100000000,-362.815738800,3066.700704000;-49.600000000,-361.816869200,3067.248239000",NEGATIVE_VOLUME
3002,V15_4_FISHWAY,V15_4_FISHWAY_I,V15_10_ALL,CONCRETE,V15_10_ALL,"-52.100000000,-363.814608300,3066.748239000;-49.600000000,-362.815738800,3067.295775000",NEGATIVE_VOLUME
3003,V15_4_FISHWAY,V15_4_FISHWAY_I,V15_10_ALL,CONCRETE,V15_10_ALL,"-52.100000000,-364.813477900,3066.795775000;-49.600000000,-363.814608300,3067.343310000",NEGATIVE_VOLUME
3004,V15_4_FISHWAY,V15_4_FISHWAY_I,V15_10_ALL,CONCRETE,V15_10_ALL,"-52.100000000,-365.812347400,3066.843310000;-49.600000000,-364.813477900,3067.390845000",NEGATIVE_VOLUME
3005,V15_4_FISHWAY,V15_4_FISHWAY_I,V15_10_ALL,CONCRETE,V15_10_ALL,"-52.100000000,-366.811217000,3066.890845000;-49.600000000,-365.812347400,3067.438380000",NEGATIVE_VOLUME
3006,V15_4_FISHWAY,V15_4_FISHWAY_I,V15_10_ALL,CONCRETE,V15_10_ALL,"-52.100000000,-367.810086600,3066.938380000;-49.600000000,-366.811217000,3067.485915000",NEGATIVE_VOLUME
3007,V15_4_FISHWAY,V15_4_FISHWAY_I,V15_10_ALL,CONCRETE,V15_10_ALL,"-52.100000000,-368.808956100,3066.985915000;-49.600000000,-367.810086600,3067.533451000",NEGATIVE_VOLUME
3008,V15_4_FISHWAY,V15_4_FISHWAY_I,V15_10_ALL,CONCRETE,V15_10_ALL,"-52.100000000,-369.807825700,3067.033451000;-49.600000000,-368.808956100,3067.580986000",NEGATIVE_VOLUME
3009,V15_4_FISHWAY,V15_4_FISHWAY_I,V15_10_ALL,CONCRETE,V15_10_ALL,"-52.100000000,-370.806695300,3067.080986000;-49.600000000,-369.807825700,3067.628521000",NEGATIVE_VOLUME
3010,V15_4_FISHWAY,V15_4_FISHWAY_I,V15_10_ALL,CONCRETE,V15_10_ALL,"-52.100000000,-371.805564800,3067.128521000;-49.600000000,-370.806695300,3067.676056000",NEGATIVE_VOLUME
3011,V15_4_FISHWAY,V15_4_FISHWAY_I,V15_10_ALL,CONCRETE,V15_10_ALL,"-52.100000000,-372.804434400,3067.176056000;-49.600000000,-371.805564800,3067.723592000",NEGATIVE_VOLUME
3012,V15_4_FISHWAY,V15_4_FISHWAY_I,V15_10_ALL,CONCRETE,V15_10_ALL,"-52.100000000,-373.803303900,3067.223592000;-49.600000000,-372.804434400,3067.771127000",NEGATIVE_VOLUME
3013,V15_4_FISHWAY,V15_4_FISHWAY_I,V15_10_ALL,CONCRETE,V15_10_ALL,"-52.100000000,-374.802173500,3067.271127000;-49.600000000,-373.803303900,3067.818662000",NEGATIVE_VOLUME
3014,V15_4_FISHWAY,V15_4_FISHWAY_I,V15_10_ALL,CONCRETE,V15_10_ALL,"-52.100000000,-375.801043100,3067.318662000;-49.600000000,-374.802173500,3067.866197000",NEGATIVE_VOLUME
3015,V15_4_FISHWAY,V15_4_FISHWAY_I,V15_10_ALL,CONCRETE,V15_10_ALL,"-52.100000000,-376.799912600,3067.366197000;-49.600000000,-375.801043100,3067.913732000",NEGATIVE_VOLUME
3016,V15_4_FISHWAY,V15_4_FISHWAY_I,V15_10_ALL,CONCRETE,V15_10_ALL,"-52.100000000,-377.798782200,3067.413732000;-49.600000000,-376.799912600,3067.961268000",NEGATIVE_VOLUME
3017,V15_4_FISHWAY,V15_4_FISHWAY_I,V15_10_ALL,CONCRETE,V15_10_ALL,"-52.100000000,-378.797651800,3067.461268000;-49.600000000,-377.798782200,3068.008803000",NEGATIVE_VOLUME
3018,V15_4_FISHWAY,V15_4_FISHWAY_I,V15_10_ALL,CONCRETE,V15_10_ALL,"-52.100000000,-379.796521300,3067.508803000;-49.600000000,-378.797651800,3068.056338000",NEGATIVE_VOLUME
3019,V15_4_FISHWAY,V15_4_FISHWAY_I,V15_10_ALL,CONCRETE,V15_10_ALL,"-52.100000000,-380.795390900,3067.556338000;-49.600000000,-379.796521300,3068.103873000",NEGATIVE_VOLUME
3020,V15_4_FISHWAY,V15_4_FISHWAY_I,V15_10_ALL,CONCRETE,V15_10_ALL,"-52.100000000,-381.794260400,3067.603873000;-49.600000000,-380.795390900,3068.151408000",NEGATIVE_VOLUME
3021,V15_4_FISHWAY,V15_4_FISHWAY_I,V15_10_ALL,CONCRETE,V15_10_ALL,"-52.100000000,-382.793130000,3067.651408000;-49.600000000,-381.794260400,3068.198944000",NEGATIVE_VOLUME
3022,V15_4_FISHWAY,V15_4_FISHWAY_I,V15_10_ALL,CONCRETE,V15_10_ALL,"-52.100000000,-383.791999600,3067.698944000;-49.600000000,-382.793130000,3068.246479000",NEGATIVE_VOLUME
3023,V15_4_FISHWAY,V15_4_FISHWAY_I,V15_10_ALL,CONCRETE,V15_10_ALL,"-52.100000000,-384.790869100,3067.746479000;-49.600000000,-383.791999600,3068.294014000",NEGATIVE_VOLUME
3024,V15_4_FISHWAY,V15_4_FISHWAY_I,V15_10_ALL,CONCRETE,V15_10_ALL,"-52.100000000,-385.789738700,3067.794014000;-49.600000000,-384.790869100,3068.341549000",NEGATIVE_VOLUME
3025,V15_4_FISHWAY,V15_4_FISHWAY_I,V15_10_ALL,CONCRETE,V15_10_ALL,"-52.100000000,-386.788608300,3067.841549000;-49.600000000,-385.789738700,3068.389085000",NEGATIVE_VOLUME
3026,V15_4_FISHWAY,V15_4_FISHWAY_I,V15_10_ALL,CONCRETE,V15_10_ALL,"-52.100000000,-387.787477800,3067.889085000;-49.600000000,-386.788608300,3068.436620000",NEGATIVE_VOLUME
3027,V15_4_FISHWAY,V15_4_FISHWAY_I,V15_10_ALL,CONCRETE,V15_10_ALL,"-52.100000000,-388.786347400,3067.936620000;-49.600000000,-387.787477800,3068.484155000",NEGATIVE_VOLUME
3028,V15_4_FISHWAY,V15_4_FISHWAY_I,V15_10_ALL,CONCRETE,V15_10_ALL,"-52.100000000,-389.785217000,3067.984155000;-49.600000000,-388.786347400,3068.531690000",NEGATIVE_VOLUME
3029,V15_4_FISHWAY,V15_4_FISHWAY_I,V15_10_ALL,CONCRETE,V15_10_ALL,"-52.100000000,-390.784086500,3068.031690000;-49.600000000,-389.785217000,3068.579225000",NEGATIVE_VOLUME
3030,V15_4_FISHWAY,V15_4_FISHWAY_I,V15_10_ALL,CONCRETE,V15_10_ALL,"-52.100000000,-391.782956100,3068.079225000;-49.600000000,-390.784086500,3068.626761000",NEGATIVE_VOLUME
3031,V15_4_FISHWAY,V15_4_FISHWAY_I,V15_10_ALL,CONCRETE,V15_10_ALL,"-52.100000000,-392.781825600,3068.126761000;-49.600000000,-391.782956100,3068.674296000",NEGATIVE_VOLUME
3032,V15_4_FISHWAY,V15_4_FISHWAY_I,V15_10_ALL,CONCRETE,V15_10_ALL,"-52.100000000,-393.780695200,3068.174296000;-49.600000000,-392.781825600,3068.721831000",NEGATIVE_VOLUME
3033,V15_4_FISHWAY,V15_4_FISHWAY_I,V15_10_ALL,CONCRETE,V15_10_ALL,"-52.100000000,-394.779564800,3068.221831000;-49.600000000,-393.780695200,3068.769366000",NEGATIVE_VOLUME
3034,V15_4_FISHWAY,V15_4_FISHWAY_I,V15_10_ALL,CONCRETE,V15_10_ALL,"-52.100000000,-395.778434300,3068.269366000;-49.600000000,-394.779564800,3068.816901000",NEGATIVE_VOLUME
3035,V15_4_FISHWAY,V15_4_FISHWAY_I,V15_10_ALL,CONCRETE,V15_10_ALL,"-52.100000000,-396.777303900,3068.316901000;-49.600000000,-395.778434300,3068.864437000",NEGATIVE_VOLUME
3036,V15_4_FISHWAY,V15_4_FISHWAY_I,V15_10_ALL,CONCRETE,V15_10_ALL,"-52.100000000,-397.776173500,3068.364437000;-49.600000000,-396.777303900,3068.911972000",NEGATIVE_VOLUME
3037,V15_4_FISHWAY,V15_4_FISHWAY_I,V15_10_ALL,CONCRETE,V15_10_ALL,"-52.100000000,-398.775043000,3068.411972000;-49.600000000,-397.776173500,3068.959507000",NEGATIVE_VOLUME
3038,V15_4_FISHWAY,V15_4_FISHWAY_I,V15_10_ALL,CONCRETE,V15_10_ALL,"-52.100000000,-399.773912600,3068.459507000;-49.600000000,-398.775043000,3069.007042000",NEGATIVE_VOLUME
3039,V15_4_FISHWAY,V15_4_FISHWAY_I,V15_10_ALL,CONCRETE,V15_10_ALL,"-52.100000000,-400.772782100,3068.507042000;-49.600000000,-399.773912600,3069.054577000",NEGATIVE_VOLUME
3040,V15_4_FISHWAY,V15_4_FISHWAY_I,V15_10_ALL,CONCRETE,V15_10_ALL,"-52.100000000,-401.771651700,3068.554577000;-49.600000000,-400.772782100,3069.102113000",NEGATIVE_VOLUME
3041,V15_4_FISHWAY,V15_4_FISHWAY_I,V15_10_ALL,CONCRETE,V15_10_ALL,"-52.100000000,-402.770521300,3068.602113000;-49.600000000,-401.771651700,3069.149648000",NEGATIVE_VOLUME
3042,V15_4_FISHWAY,V15_4_FISHWAY_I,V15_10_ALL,CONCRETE,V15_10_ALL,"-52.100000000,-403.769390800,3068.649648000;-49.600000000,-402.770521300,3069.197183000",NEGATIVE_VOLUME
3043,V15_4_FISHWAY,V15_4_FISHWAY_I,V15_10_ALL,CONCRETE,V15_10_ALL,"-52.100000000,-404.768260400,3068.697183000;-49.600000000,-403.769390800,3069.244718000",NEGATIVE_VOLUME
3044,V15_4_FISHWAY,V15_4_FISHWAY_I,V15_10_ALL,CONCRETE,V15_10_ALL,"-52.100000000,-405.767130000,3068.744718000;-49.600000000,-404.768260400,3069.292254000",NEGATIVE_VOLUME
3045,V15_4_FISHWAY,V15_4_FISHWAY_I,V15_10_ALL,CONCRETE,V15_10_ALL,"-52.100000000,-406.765999500,3068.792254000;-49.600000000,-405.767130000,3069.339789000",NEGATIVE_VOLUME
3046,V15_4_FISHWAY,V15_4_FISHWAY_I,V15_10_ALL,CONCRETE,V15_10_ALL,"-52.100000000,-407.764869100,3068.839789000;-49.600000000,-406.765999500,3069.387324000",NEGATIVE_VOLUME
3047,V15_4_FISHWAY,V15_4_FISHWAY_I,V15_10_ALL,CONCRETE,V15_10_ALL,"-52.100000000,-408.763738600,3068.887324000;-49.600000000,-407.764869100,3069.434859000",NEGATIVE_VOLUME
3048,V15_4_FISHWAY,V15_4_FISHWAY_I,V15_10_ALL,CONCRETE,V15_10_ALL,"-52.100000000,-409.762608200,3068.934859000;-49.600000000,-408.763738600,3069.482394000",NEGATIVE_VOLUME
3049,V15_4_FISHWAY,V15_4_FISHWAY_I,V15_10_ALL,CONCRETE,V15_10_ALL,"-52.100000000,-410.761477800,3068.982394000;-49.600000000,-409.762608200,3069.529930000",NEGATIVE_VOLUME
3050,V15_4_FISHWAY,V15_4_FISHWAY_I,V15_10_ALL,CONCRETE,V15_10_ALL,"-52.100000000,-411.760347300,3069.029930000;-49.600000000,-410.761477800,3069.577465000",NEGATIVE_VOLUME
3051,V15_4_FISHWAY,V15_4_FISHWAY_I,V15_10_ALL,CONCRETE,V15_10_ALL,"-52.100000000,-412.759216900,3069.077465000;-49.600000000,-411.760347300,3069.625000000",NEGATIVE_VOLUME
3052,V15_4_FISHWAY,V15_4_FISHWAY_I,V15_10_ALL,CONCRETE,V15_10_ALL,"-52.100000000,-413.758086500,3069.125000000;-49.600000000,-412.759216900,3069.672535000",NEGATIVE_VOLUME
3053,V15_4_FISHWAY,V15_4_FISHWAY_I,V15_10_ALL,CONCRETE,V15_10_ALL,"-52.100000000,-414.756956000,3069.172535000;-49.600000000,-413.758086500,3069.720070000",NEGATIVE_VOLUME
3054,V15_4_FISHWAY,V15_4_FISHWAY_I,V15_10_ALL,CONCRETE,V15_10_ALL,"-52.100000000,-415.755825600,3069.220070000;-49.600000000,-414.756956000,3069.767606000",NEGATIVE_VOLUME
3055,V15_4_FISHWAY,V15_4_FISHWAY_I,V15_10_ALL,CONCRETE,V15_10_ALL,"-52.100000000,-416.754695100,3069.267606000;-49.600000000,-415.755825600,3069.815141000",NEGATIVE_VOLUME
3056,V15_4_FISHWAY,V15_4_FISHWAY_I,V15_10_ALL,CONCRETE,V15_10_ALL,"-52.100000000,-417.753564700,3069.315141000;-49.600000000,-416.754695100,3069.862676000",NEGATIVE_VOLUME
3057,V15_4_FISHWAY,V15_4_FISHWAY_I,V15_10_ALL,CONCRETE,V15_10_ALL,"-52.100000000,-418.752434300,3069.362676000;-49.600000000,-417.753564700,3069.910211000",NEGATIVE_VOLUME
3058,V15_4_FISHWAY,V15_4_FISHWAY_I,V15_10_ALL,CONCRETE,V15_10_ALL,"-52.100000000,-419.751303800,3069.410211000;-49.600000000,-418.752434300,3069.957746000",NEGATIVE_VOLUME
3059,V15_4_FISHWAY,V15_4_FISHWAY_I,V15_10_ALL,CONCRETE,V15_10_ALL,"-52.100000000,-420.750173400,3069.457746000;-49.600000000,-419.751303800,3070.005282000",NEGATIVE_VOLUME
3060,V15_4_FISHWAY,V15_4_FISHWAY_I,V15_10_ALL,CONCRETE,V15_10_ALL,"-52.100000000,-421.749043000,3069.505282000;-49.600000000,-420.750173400,3070.052817000",NEGATIVE_VOLUME
3061,V15_4_FISHWAY,V15_4_FISHWAY_I,V15_10_ALL,CONCRETE,V15_10_ALL,"-52.100000000,-422.747912500,3069.552817000;-49.600000000,-421.749043000,3070.100352000",NEGATIVE_VOLUME
3062,V15_4_FISHWAY,V15_4_FISHWAY_I,V15_10_ALL,CONCRETE,V15_10_ALL,"-52.100000000,-423.746782100,3069.600352000;-49.600000000,-422.747912500,3070.147887000",NEGATIVE_VOLUME
3063,V15_4_FISHWAY,V15_4_FISHWAY_I,V15_10_ALL,CONCRETE,V15_10_ALL,"-52.100000000,-424.745651700,3069.647887000;-49.600000000,-423.746782100,3070.195423000",NEGATIVE_VOLUME
3064,V15_4_FISHWAY,V15_4_FISHWAY_I,V15_10_ALL,CONCRETE,V15_10_ALL,"-52.100000000,-425.744521200,3069.695423000;-49.600000000,-424.745651700,3070.242958000",NEGATIVE_VOLUME
3065,V15_4_FISHWAY,V15_4_FISHWAY_I,V15_10_ALL,CONCRETE,V15_10_ALL,"-52.100000000,-426.743390800,3069.742958000;-49.600000000,-425.744521200,3070.290493000",NEGATIVE_VOLUME
3066,V15_4_FISHWAY,V15_4_FISHWAY_I,V15_10_ALL,CONCRETE,V15_10_ALL,"-52.100000000,-427.742260300,3069.790493000;-49.600000000,-426.743390800,3070.338028000",NEGATIVE_VOLUME
3067,V15_4_FISHWAY,V15_4_FISHWAY_I,V15_10_ALL,CONCRETE,V15_10_ALL,"-52.100000000,-428.741129900,3069.838028000;-49.600000000,-427.742260300,3070.385563000",NEGATIVE_VOLUME
3068,V15_4_FISHWAY,V15_4_FISHWAY_I,V15_10_ALL,CONCRETE,V15_10_ALL,"-52.100000000,-429.739999500,3069.885563000;-49.600000000,-428.741129900,3070.433099000",NEGATIVE_VOLUME
3069,V15_4_FISHWAY,V15_4_FISHWAY_I,V15_10_ALL,CONCRETE,V15_10_ALL,"-52.100000000,-430.738869000,3069.933099000;-49.600000000,-429.739999500,3070.480634000",NEGATIVE_VOLUME
3070,V15_4_FISHWAY,V15_4_FISHWAY_I,V15_10_ALL,CONCRETE,V15_10_ALL,"-52.100000000,-431.737738600,3069.980634000;-49.600000000,-430.738869000,3070.528169000",NEGATIVE_VOLUME
3071,V15_4_FISHWAY,V15_4_FISHWAY_I,V15_10_ALL,CONCRETE,V15_10_ALL,"-52.100000000,-432.736608200,3070.028169000;-49.600000000,-431.737738600,3070.575704000",NEGATIVE_VOLUME
3072,V15_4_FISHWAY,V15_4_FISHWAY_I,V15_10_ALL,CONCRETE,V15_10_ALL,"-52.100000000,-433.735477700,3070.075704000;-49.600000000,-432.736608200,3070.623239000",NEGATIVE_VOLUME
3073,V15_4_FISHWAY,V15_4_FISHWAY_I,V15_10_ALL,CONCRETE,V15_10_ALL,"-52.100000000,-434.734347300,3070.123239000;-49.600000000,-433.735477700,3070.670775000",NEGATIVE_VOLUME
3074,V15_4_FISHWAY,V15_4_FISHWAY_I,V15_10_ALL,CONCRETE,V15_10_ALL,"-52.100000000,-435.733216800,3070.170775000;-49.600000000,-434.734347300,3070.718310000",NEGATIVE_VOLUME
3075,V15_4_FISHWAY,V15_4_FISHWAY_I,V15_10_ALL,CONCRETE,V15_10_ALL,"-52.100000000,-436.732086400,3070.218310000;-49.600000000,-435.733216800,3070.765845000",NEGATIVE_VOLUME
3076,V15_4_FISHWAY,V15_4_FISHWAY_I,V15_10_ALL,CONCRETE,V15_10_ALL,"-52.100000000,-437.730956000,3070.265845000;-49.600000000,-436.732086400,3070.813380000",NEGATIVE_VOLUME
3077,V15_4_FISHWAY,V15_4_FISHWAY_I,V15_10_ALL,CONCRETE,V15_10_ALL,"-52.100000000,-438.729825500,3070.313380000;-49.600000000,-437.730956000,3070.860915000",NEGATIVE_VOLUME
3078,V15_4_FISHWAY,V15_4_FISHWAY_I,V15_10_ALL,CONCRETE,V15_10_ALL,"-52.100000000,-439.728695100,3070.360915000;-49.600000000,-438.729825500,3070.908451000",NEGATIVE_VOLUME
3079,V15_4_FISHWAY,V15_4_FISHWAY_I,V15_10_ALL,CONCRETE,V15_10_ALL,"-52.100000000,-440.727564700,3070.408451000;-49.600000000,-439.728695100,3070.955986000",NEGATIVE_VOLUME
3080,V15_4_FISHWAY,V15_4_FISHWAY_I,V15_10_ALL,CONCRETE,V15_10_ALL,"-52.100000000,-441.726434200,3070.455986000;-49.600000000,-440.727564700,3071.003521000",NEGATIVE_VOLUME
3081,V15_4_FISHWAY,V15_4_FISHWAY_I,V15_10_ALL,CONCRETE,V15_10_ALL,"-52.100000000,-442.725303800,3070.503521000;-49.600000000,-441.726434200,3071.051056000",NEGATIVE_VOLUME
3082,V15_4_FISHWAY,V15_4_FISHWAY_I,V15_10_ALL,CONCRETE,V15_10_ALL,"-52.100000000,-443.724173300,3070.551056000;-49.600000000,-442.725303800,3071.098592000",NEGATIVE_VOLUME
3083,V15_4_FISHWAY,V15_4_FISHWAY_I,V15_10_ALL,CONCRETE,V15_10_ALL,"-52.100000000,-444.723042900,3070.598592000;-49.600000000,-443.724173300,3071.146127000",NEGATIVE_VOLUME
3084,V15_4_FISHWAY,V15_4_FISHWAY_I,V15_10_ALL,CONCRETE,V15_10_ALL,"-52.100000000,-445.721912500,3070.646127000;-49.600000000,-444.723042900,3071.193662000",NEGATIVE_VOLUME
3085,V15_4_FISHWAY,V15_4_FISHWAY_I,V15_10_ALL,CONCRETE,V15_10_ALL,"-52.100000000,-446.720782000,3070.693662000;-49.600000000,-445.721912500,3071.241197000",NEGATIVE_VOLUME
3086,V15_4_FISHWAY,V15_4_FISHWAY_I,V15_10_ALL,CONCRETE,V15_10_ALL,"-52.100000000,-447.719651600,3070.741197000;-49.600000000,-446.720782000,3071.288732000",NEGATIVE_VOLUME
3087,V15_4_FISHWAY,V15_4_FISHWAY_I,V15_10_ALL,CONCRETE,V15_10_ALL,"-52.100000000,-448.718521200,3070.788732000;-49.600000000,-447.719651600,3071.336268000",NEGATIVE_VOLUME
3088,V15_4_FISHWAY,V15_4_FISHWAY_I,V15_10_ALL,CONCRETE,V15_10_ALL,"-52.100000000,-449.717390700,3070.836268000;-49.600000000,-448.718521200,3071.383803000",NEGATIVE_VOLUME
3089,V15_4_FISHWAY,V15_4_FISHWAY_I,V15_10_ALL,CONCRETE,V15_10_ALL,"-52.100000000,-450.716260300,3070.883803000;-49.600000000,-449.717390700,3071.431338000",NEGATIVE_VOLUME
3090,V15_4_FISHWAY,V15_4_FISHWAY_I,V15_10_ALL,CONCRETE,V15_10_ALL,"-52.100000000,-451.715129900,3070.931338000;-49.600000000,-450.716260300,3071.478873000",NEGATIVE_VOLUME
3091,V15_4_FISHWAY,V15_4_FISHWAY_I,V15_10_ALL,CONCRETE,V15_10_ALL,"-52.100000000,-452.713999400,3070.978873000;-49.600000000,-451.715129900,3071.526408000",NEGATIVE_VOLUME
3092,V15_4_FISHWAY,V15_4_FISHWAY_I,V15_10_ALL,CONCRETE,V15_10_ALL,"-52.100000000,-453.712869000,3071.026408000;-49.600000000,-452.713999400,3071.573944000",NEGATIVE_VOLUME
3093,V15_4_FISHWAY,V15_4_FISHWAY_I,V15_10_ALL,CONCRETE,V15_10_ALL,"-52.100000000,-454.711738500,3071.073944000;-49.600000000,-453.712869000,3071.621479000",NEGATIVE_VOLUME
3094,V15_4_FISHWAY,V15_4_FISHWAY_I,V15_10_ALL,CONCRETE,V15_10_ALL,"-52.100000000,-455.710608100,3071.121479000;-49.600000000,-454.711738500,3071.669014000",NEGATIVE_VOLUME
3095,V15_4_FISHWAY,V15_4_FISHWAY_I,V15_10_ALL,CONCRETE,V15_10_ALL,"-52.100000000,-456.709477700,3071.169014000;-49.600000000,-455.710608100,3071.716549000",NEGATIVE_VOLUME
3096,V15_4_FISHWAY,V15_4_FISHWAY_I,V15_10_ALL,CONCRETE,V15_10_ALL,"-52.100000000,-457.708347200,3071.216549000;-49.600000000,-456.709477700,3071.764085000",NEGATIVE_VOLUME
3097,V15_4_FISHWAY,V15_4_FISHWAY_I,V15_10_ALL,CONCRETE,V15_10_ALL,"-52.100000000,-458.707216800,3071.264085000;-49.600000000,-457.708347200,3071.811620000",NEGATIVE_VOLUME
3098,V15_4_FISHWAY,V15_4_FISHWAY_I,V15_10_ALL,CONCRETE,V15_10_ALL,"-52.100000000,-459.706086400,3071.311620000;-49.600000000,-458.707216800,3071.859155000",NEGATIVE_VOLUME
3099,V15_4_FISHWAY,V15_4_FISHWAY_I,V15_10_ALL,CONCRETE,V15_10_ALL,"-52.100000000,-460.704955900,3071.359155000;-49.600000000,-459.706086400,3071.906690000",NEGATIVE_VOLUME
3100,V15_4_FISHWAY,V15_4_FISHWAY_I,V15_10_ALL,CONCRETE,V15_10_ALL,"-52.100000000,-461.703825500,3071.406690000;-49.600000000,-460.704955900,3071.954225000",NEGATIVE_VOLUME
3101,V15_4_FISHWAY,V15_4_FISHWAY_I,V15_10_ALL,CONCRETE,V15_10_ALL,"-52.100000000,-462.702695000,3071.454225000;-49.600000000,-461.703825500,3072.001761000",NEGATIVE_VOLUME
3102,V15_4_FISHWAY,V15_4_FISHWAY_I,V15_10_ALL,CONCRETE,V15_10_ALL,"-52.100000000,-463.701564600,3071.501761000;-49.600000000,-462.702695000,3072.049296000",NEGATIVE_VOLUME
3103,V15_4_FISHWAY,V15_4_FISHWAY_I,V15_10_ALL,CONCRETE,V15_10_ALL,"-52.100000000,-464.700434200,3071.549296000;-49.600000000,-463.701564600,3072.096831000",NEGATIVE_VOLUME
3104,V15_4_FISHWAY,V15_4_FISHWAY_I,V15_10_ALL,CONCRETE,V15_10_ALL,"-52.100000000,-465.699303700,3071.596831000;-49.600000000,-464.700434200,3072.144366000",NEGATIVE_VOLUME
3105,V15_4_FISHWAY,V15_4_FISHWAY_I,V15_10_ALL,CONCRETE,V15_10_ALL,"-52.100000000,-466.698173300,3071.644366000;-49.600000000,-465.699303700,3072.191901000",NEGATIVE_VOLUME
3106,V15_4_FISHWAY,V15_4_FISHWAY_I,V15_10_ALL,CONCRETE,V15_10_ALL,"-52.100000000,-467.697042900,3071.691901000;-49.600000000,-466.698173300,3072.239437000",NEGATIVE_VOLUME
3107,V15_4_FISHWAY,V15_4_FISHWAY_I,V15_10_ALL,CONCRETE,V15_10_ALL,"-52.100000000,-468.695912400,3071.739437000;-49.600000000,-467.697042900,3072.286972000",NEGATIVE_VOLUME
3108,V15_4_FISHWAY,V15_4_FISHWAY_I,V15_10_ALL,CONCRETE,V15_10_ALL,"-52.100000000,-469.694782000,3071.786972000;-49.600000000,-468.695912400,3072.334507000",NEGATIVE_VOLUME
3109,V15_4_FISHWAY,V15_4_FISHWAY_I,V15_10_ALL,CONCRETE,V15_10_ALL,"-52.100000000,-470.693651500,3071.834507000;-49.600000000,-469.694782000,3072.382042000",NEGATIVE_VOLUME
3110,V15_4_FISHWAY,V15_4_FISHWAY_I,V15_10_ALL,CONCRETE,V15_10_ALL,"-52.100000000,-471.692521100,3071.882042000;-49.600000000,-470.693651500,3072.429577000",NEGATIVE_VOLUME
3111,V15_4_FISHWAY,V15_4_FISHWAY_I,V15_10_ALL,CONCRETE,V15_10_ALL,"-52.100000000,-472.691390700,3071.929577000;-49.600000000,-471.692521100,3072.477113000",NEGATIVE_VOLUME
3112,V15_4_FISHWAY,V15_4_FISHWAY_I,V15_10_ALL,CONCRETE,V15_10_ALL,"-52.100000000,-473.690260200,3071.977113000;-49.600000000,-472.691390700,3072.524648000",NEGATIVE_VOLUME
3113,V15_4_FISHWAY,V15_4_FISHWAY_I,V15_10_ALL,CONCRETE,V15_10_ALL,"-52.100000000,-474.689129800,3072.024648000;-49.600000000,-473.690260200,3072.572183000",NEGATIVE_VOLUME
3114,V15_4_FISHWAY,V15_4_FISHWAY_I,V15_10_ALL,CONCRETE,V15_10_ALL,"-52.100000000,-475.687999400,3072.072183000;-49.600000000,-474.689129800,3072.619718000",NEGATIVE_VOLUME
3115,V15_4_FISHWAY,V15_4_FISHWAY_I,V15_10_ALL,CONCRETE,V15_10_ALL,"-52.100000000,-476.686868900,3072.119718000;-49.600000000,-475.687999400,3072.667254000",NEGATIVE_VOLUME
3116,V15_4_FISHWAY,V15_4_FISHWAY_I,V15_10_ALL,CONCRETE,V15_10_ALL,"-52.100000000,-477.685738500,3072.167254000;-49.600000000,-476.686868900,3072.714789000",NEGATIVE_VOLUME
3117,V15_4_FISHWAY,V15_4_FISHWAY_I,V15_10_ALL,CONCRETE,V15_10_ALL,"-52.100000000,-478.684608000,3072.214789000;-49.600000000,-477.685738500,3072.762324000",NEGATIVE_VOLUME
3118,V15_4_FISHWAY,V15_4_FISHWAY_I,V15_10_ALL,CONCRETE,V15_10_ALL,"-52.100000000,-479.683477600,3072.262324000;-49.600000000,-478.684608000,3072.809859000",NEGATIVE_VOLUME
3119,V15_4_FISHWAY,V15_4_FISHWAY_I,V15_10_ALL,CONCRETE,V15_10_ALL,"-52.100000000,-480.682347200,3072.309859000;-49.600000000,-479.683477600,3072.857394000",NEGATIVE_VOLUME
3120,V15_4_FISHWAY,V15_4_FISHWAY_I,V15_10_ALL,CONCRETE,V15_10_ALL,"-52.100000000,-481.681216700,3072.357394000;-49.600000000,-480.682347200,3072.904930000",NEGATIVE_VOLUME
3121,V15_4_FISHWAY,V15_4_FISHWAY_I,V15_10_ALL,CONCRETE,V15_10_ALL,"-52.100000000,-482.680086300,3072.404930000;-49.600000000,-481.681216700,3072.952465000",NEGATIVE_VOLUME
3122,V15_4_FISHWAY,V15_4_FISHWAY_I,V15_10_ALL,CONCRETE,V15_10_ALL,"-52.100000000,-483.678955900,3072.452465000;-49.600000000,-482.680086300,3073.000000000",NEGATIVE_VOLUME
3123,V15_4_FISHWAY,V15_4_FISHWAY_I,V15_10_ALL,CONCRETE,V15_10_ALL,"-52.100000000,-200.998869600,3059.500000000;-51.850000000,-200.000000000,3061.547535000",NEGATIVE_VOLUME
3124,V15_4_FISHWAY,V15_4_FISHWAY_I,V15_10_ALL,CONCRETE,V15_10_ALL,"-52.100000000,-201.997739100,3059.547535000;-51.850000000,-200.998869600,3061.595070000",NEGATIVE_VOLUME
3125,V15_4_FISHWAY,V15_4_FISHWAY_I,V15_10_ALL,CONCRETE,V15_10_ALL,"-52.100000000,-202.996608700,3059.595070000;-51.850000000,-201.997739100,3061.642606000",NEGATIVE_VOLUME
3126,V15_4_FISHWAY,V15_4_FISHWAY_I,V15_10_ALL,CONCRETE,V15_10_ALL,"-52.100000000,-203.995478300,3059.642606000;-51.850000000,-202.996608700,3061.690141000",NEGATIVE_VOLUME
3127,V15_4_FISHWAY,V15_4_FISHWAY_I,V15_10_ALL,CONCRETE,V15_10_ALL,"-52.100000000,-204.994347800,3059.690141000;-51.850000000,-203.995478300,3061.737676000",NEGATIVE_VOLUME
3128,V15_4_FISHWAY,V15_4_FISHWAY_I,V15_10_ALL,CONCRETE,V15_10_ALL,"-52.100000000,-205.993217400,3059.737676000;-51.850000000,-204.994347800,3061.785211000",NEGATIVE_VOLUME
3129,V15_4_FISHWAY,V15_4_FISHWAY_I,V15_10_ALL,CONCRETE,V15_10_ALL,"-52.100000000,-206.992086900,3059.785211000;-51.850000000,-205.993217400,3061.832746000",NEGATIVE_VOLUME
3130,V15_4_FISHWAY,V15_4_FISHWAY_I,V15_10_ALL,CONCRETE,V15_10_ALL,"-52.100000000,-207.990956500,3059.832746000;-51.850000000,-206.992086900,3061.880282000",NEGATIVE_VOLUME
3131,V15_4_FISHWAY,V15_4_FISHWAY_I,V15_10_ALL,CONCRETE,V15_10_ALL,"-52.100000000,-208.989826100,3059.880282000;-51.850000000,-207.990956500,3061.927817000",NEGATIVE_VOLUME
3132,V15_4_FISHWAY,V15_4_FISHWAY_I,V15_10_ALL,CONCRETE,V15_10_ALL,"-52.100000000,-209.988695600,3059.927817000;-51.850000000,-208.989826100,3061.975352000",NEGATIVE_VOLUME
3133,V15_4_FISHWAY,V15_4_FISHWAY_I,V15_10_ALL,CONCRETE,V15_10_ALL,"-52.100000000,-210.987565200,3059.975352000;-51.850000000,-209.988695600,3062.022887000",NEGATIVE_VOLUME
3134,V15_4_FISHWAY,V15_4_FISHWAY_I,V15_10_ALL,CONCRETE,V15_10_ALL,"-52.100000000,-211.986434800,3060.022887000;-51.850000000,-210.987565200,3062.070423000",NEGATIVE_VOLUME
3135,V15_4_FISHWAY,V15_4_FISHWAY_I,V15_10_ALL,CONCRETE,V15_10_ALL,"-52.100000000,-212.985304300,3060.070423000;-51.850000000,-211.986434800,3062.117958000",NEGATIVE_VOLUME
3136,V15_4_FISHWAY,V15_4_FISHWAY_I,V15_10_ALL,CONCRETE,V15_10_ALL,"-52.100000000,-213.984173900,3060.117958000;-51.850000000,-212.985304300,3062.165493000",NEGATIVE_VOLUME
3137,V15_4_FISHWAY,V15_4_FISHWAY_I,V15_10_ALL,CONCRETE,V15_10_ALL,"-52.100000000,-214.983043400,3060.165493000;-51.850000000,-213.984173900,3062.213028000",NEGATIVE_VOLUME
3138,V15_4_FISHWAY,V15_4_FISHWAY_I,V15_10_ALL,CONCRETE,V15_10_ALL,"-52.100000000,-215.981913000,3060.213028000;-51.850000000,-214.983043400,3062.260563000",NEGATIVE_VOLUME
3139,V15_4_FISHWAY,V15_4_FISHWAY_I,V15_10_ALL,CONCRETE,V15_10_ALL,"-52.100000000,-216.980782600,3060.260563000;-51.850000000,-215.981913000,3062.308099000",NEGATIVE_VOLUME
3140,V15_4_FISHWAY,V15_4_FISHWAY_I,V15_10_ALL,CONCRETE,V15_10_ALL,"-52.100000000,-217.979652100,3060.308099000;-51.850000000,-216.980782600,3062.355634000",NEGATIVE_VOLUME
3141,V15_4_FISHWAY,V15_4_FISHWAY_I,V15_10_ALL,CONCRETE,V15_10_ALL,"-52.100000000,-218.978521700,3060.355634000;-51.850000000,-217.979652100,3062.403169000",NEGATIVE_VOLUME
3142,V15_4_FISHWAY,V15_4_FISHWAY_I,V15_10_ALL,CONCRETE,V15_10_ALL,"-52.100000000,-219.977391300,3060.403169000;-51.850000000,-218.978521700,3062.450704000",NEGATIVE_VOLUME
3143,V15_4_FISHWAY,V15_4_FISHWAY_I,V15_10_ALL,CONCRETE,V15_10_ALL,"-52.100000000,-220.976260800,3060.450704000;-51.850000000,-219.977391300,3062.498239000",NEGATIVE_VOLUME
3144,V15_4_FISHWAY,V15_4_FISHWAY_I,V15_10_ALL,CONCRETE,V15_10_ALL,"-52.100000000,-221.975130400,3060.498239000;-51.850000000,-220.976260800,3062.545775000",NEGATIVE_VOLUME
3145,V15_4_FISHWAY,V15_4_FISHWAY_I,V15_10_ALL,CONCRETE,V15_10_ALL,"-52.100000000,-222.973999900,3060.545775000;-51.850000000,-221.975130400,3062.593310000",NEGATIVE_VOLUME
3146,V15_4_FISHWAY,V15_4_FISHWAY_I,V15_10_ALL,CONCRETE,V15_10_ALL,"-52.100000000,-223.972869500,3060.593310000;-51.850000000,-222.973999900,3062.640845000",NEGATIVE_VOLUME
3147,V15_4_FISHWAY,V15_4_FISHWAY_I,V15_10_ALL,CONCRETE,V15_10_ALL,"-52.100000000,-224.971739100,3060.640845000;-51.850000000,-223.972869500,3062.688380000",NEGATIVE_VOLUME
3148,V15_4_FISHWAY,V15_4_FISHWAY_I,V15_10_ALL,CONCRETE,V15_10_ALL,"-52.100000000,-225.970608600,3060.688380000;-51.850000000,-224.971739100,3062.735915000",NEGATIVE_VOLUME
3149,V15_4_FISHWAY,V15_4_FISHWAY_I,V15_10_ALL,CONCRETE,V15_10_ALL,"-52.100000000,-226.969478200,3060.735915000;-51.850000000,-225.970608600,3062.783451000",NEGATIVE_VOLUME
3150,V15_4_FISHWAY,V15_4_FISHWAY_I,V15_10_ALL,CONCRETE,V15_10_ALL,"-52.100000000,-227.968347800,3060.783451000;-51.850000000,-226.969478200,3062.830986000",NEGATIVE_VOLUME
3151,V15_4_FISHWAY,V15_4_FISHWAY_I,V15_10_ALL,CONCRETE,V15_10_ALL,"-52.100000000,-228.967217300,3060.830986000;-51.850000000,-227.968347800,3062.878521000",NEGATIVE_VOLUME
3152,V15_4_FISHWAY,V15_4_FISHWAY_I,V15_10_ALL,CONCRETE,V15_10_ALL,"-52.100000000,-229.966086900,3060.878521000;-51.850000000,-228.967217300,3062.926056000",NEGATIVE_VOLUME
3153,V15_4_FISHWAY,V15_4_FISHWAY_I,V15_10_ALL,CONCRETE,V15_10_ALL,"-52.100000000,-230.964956400,3060.926056000;-51.850000000,-229.966086900,3062.973592000",NEGATIVE_VOLUME
3154,V15_4_FISHWAY,V15_4_FISHWAY_I,V15_10_ALL,CONCRETE,V15_10_ALL,"-52.100000000,-231.963826000,3060.973592000;-51.850000000,-230.964956400,3063.021127000",NEGATIVE_VOLUME
3155,V15_4_FISHWAY,V15_4_FISHWAY_I,V15_10_ALL,CONCRETE,V15_10_ALL,"-52.100000000,-232.962695600,3061.021127000;-51.850000000,-231.963826000,3063.068662000",NEGATIVE_VOLUME
3156,V15_4_FISHWAY,V15_4_FISHWAY_I,V15_10_ALL,CONCRETE,V15_10_ALL,"-52.100000000,-233.961565100,3061.068662000;-51.850000000,-232.962695600,3063.116197000",NEGATIVE_VOLUME
3157,V15_4_FISHWAY,V15_4_FISHWAY_I,V15_10_ALL,CONCRETE,V15_10_ALL,"-52.100000000,-234.960434700,3061.116197000;-51.850000000,-233.961565100,3063.163732000",NEGATIVE_VOLUME
3158,V15_4_FISHWAY,V15_4_FISHWAY_I,V15_10_ALL,CONCRETE,V15_10_ALL,"-52.100000000,-235.959304300,3061.163732000;-51.850000000,-234.960434700,3063.211268000",NEGATIVE_VOLUME
3159,V15_4_FISHWAY,V15_4_FISHWAY_I,V15_10_ALL,CONCRETE,V15_10_ALL,"-52.100000000,-236.958173800,3061.211268000;-51.850000000,-235.959304300,3063.258803000",NEGATIVE_VOLUME
3160,V15_4_FISHWAY,V15_4_FISHWAY_I,V15_10_ALL,CONCRETE,V15_10_ALL,"-52.100000000,-237.957043400,3061.258803000;-51.850000000,-236.958173800,3063.306338000",NEGATIVE_VOLUME
3161,V15_4_FISHWAY,V15_4_FISHWAY_I,V15_10_ALL,CONCRETE,V15_10_ALL,"-52.100000000,-238.955913000,3061.306338000;-51.850000000,-237.957043400,3063.353873000",NEGATIVE_VOLUME
3162,V15_4_FISHWAY,V15_4_FISHWAY_I,V15_10_ALL,CONCRETE,V15_10_ALL,"-52.100000000,-239.954782500,3061.353873000;-51.850000000,-238.955913000,3063.401408000",NEGATIVE_VOLUME
3163,V15_4_FISHWAY,V15_4_FISHWAY_I,V15_10_ALL,CONCRETE,V15_10_ALL,"-52.100000000,-240.953652100,3061.401408000;-51.850000000,-239.954782500,3063.448944000",NEGATIVE_VOLUME
3164,V15_4_FISHWAY,V15_4_FISHWAY_I,V15_10_ALL,CONCRETE,V15_10_ALL,"-52.100000000,-241.952521600,3061.448944000;-51.850000000,-240.953652100,3063.496479000",NEGATIVE_VOLUME
3165,V15_4_FISHWAY,V15_4_FISHWAY_I,V15_10_ALL,CONCRETE,V15_10_ALL,"-52.100000000,-242.951391200,3061.496479000;-51.850000000,-241.952521600,3063.544014000",NEGATIVE_VOLUME
3166,V15_4_FISHWAY,V15_4_FISHWAY_I,V15_10_ALL,CONCRETE,V15_10_ALL,"-52.100000000,-243.950260800,3061.544014000;-51.850000000,-242.951391200,3063.591549000",NEGATIVE_VOLUME
3167,V15_4_FISHWAY,V15_4_FISHWAY_I,V15_10_ALL,CONCRETE,V15_10_ALL,"-52.100000000,-244.949130300,3061.591549000;-51.850000000,-243.950260800,3063.639085000",NEGATIVE_VOLUME
3168,V15_4_FISHWAY,V15_4_FISHWAY_I,V15_10_ALL,CONCRETE,V15_10_ALL,"-52.100000000,-245.947999900,3061.639085000;-51.850000000,-244.949130300,3063.686620000",NEGATIVE_VOLUME
3169,V15_4_FISHWAY,V15_4_FISHWAY_I,V15_10_ALL,CONCRETE,V15_10_ALL,"-52.100000000,-246.946869500,3061.686620000;-51.850000000,-245.947999900,3063.734155000",NEGATIVE_VOLUME
3170,V15_4_FISHWAY,V15_4_FISHWAY_I,V15_10_ALL,CONCRETE,V15_10_ALL,"-52.100000000,-247.945739000,3061.734155000;-51.850000000,-246.946869500,3063.781690000",NEGATIVE_VOLUME
3171,V15_4_FISHWAY,V15_4_FISHWAY_I,V15_10_ALL,CONCRETE,V15_10_ALL,"-52.100000000,-248.944608600,3061.781690000;-51.850000000,-247.945739000,3063.829225000",NEGATIVE_VOLUME
3172,V15_4_FISHWAY,V15_4_FISHWAY_I,V15_10_ALL,CONCRETE,V15_10_ALL,"-52.100000000,-249.943478100,3061.829225000;-51.850000000,-248.944608600,3063.876761000",NEGATIVE_VOLUME
3173,V15_4_FISHWAY,V15_4_FISHWAY_I,V15_10_ALL,CONCRETE,V15_10_ALL,"-52.100000000,-250.942347700,3061.876761000;-51.850000000,-249.943478100,3063.924296000",NEGATIVE_VOLUME
3174,V15_4_FISHWAY,V15_4_FISHWAY_I,V15_10_ALL,CONCRETE,V15_10_ALL,"-52.100000000,-251.941217300,3061.924296000;-51.850000000,-250.942347700,3063.971831000",NEGATIVE_VOLUME
3175,V15_4_FISHWAY,V15_4_FISHWAY_I,V15_10_ALL,CONCRETE,V15_10_ALL,"-52.100000000,-252.940086800,3061.971831000;-51.850000000,-251.941217300,3064.019366000",NEGATIVE_VOLUME
3176,V15_4_FISHWAY,V15_4_FISHWAY_I,V15_10_ALL,CONCRETE,V15_10_ALL,"-52.100000000,-253.938956400,3062.019366000;-51.850000000,-252.940086800,3064.066901000",NEGATIVE_VOLUME
3177,V15_4_FISHWAY,V15_4_FISHWAY_I,V15_10_ALL,CONCRETE,V15_10_ALL,"-52.100000000,-254.937826000,3062.066901000;-51.850000000,-253.938956400,3064.114437000",NEGATIVE_VOLUME
3178,V15_4_FISHWAY,V15_4_FISHWAY_I,V15_10_ALL,CONCRETE,V15_10_ALL,"-52.100000000,-255.936695500,3062.114437000;-51.850000000,-254.937826000,3064.161972000",NEGATIVE_VOLUME
3179,V15_4_FISHWAY,V15_4_FISHWAY_I,V15_10_ALL,CONCRETE,V15_10_ALL,"-52.100000000,-256.935565100,3062.161972000;-51.850000000,-255.936695500,3064.209507000",NEGATIVE_VOLUME
3180,V15_4_FISHWAY,V15_4_FISHWAY_I,V15_10_ALL,CONCRETE,V15_10_ALL,"-52.100000000,-257.934434600,3062.209507000;-51.850000000,-256.935565100,3064.257042000",NEGATIVE_VOLUME
3181,V15_4_FISHWAY,V15_4_FISHWAY_I,V15_10_ALL,CONCRETE,V15_10_ALL,"-52.100000000,-258.933304200,3062.257042000;-51.850000000,-257.934434600,3064.304577000",NEGATIVE_VOLUME
3182,V15_4_FISHWAY,V15_4_FISHWAY_I,V15_10_ALL,CONCRETE,V15_10_ALL,"-52.100000000,-259.932173800,3062.304577000;-51.850000000,-258.933304200,3064.352113000",NEGATIVE_VOLUME
3183,V15_4_FISHWAY,V15_4_FISHWAY_I,V15_10_ALL,CONCRETE,V15_10_ALL,"-52.100000000,-260.931043300,3062.352113000;-51.850000000,-259.932173800,3064.399648000",NEGATIVE_VOLUME
3184,V15_4_FISHWAY,V15_4_FISHWAY_I,V15_10_ALL,CONCRETE,V15_10_ALL,"-52.100000000,-261.929912900,3062.399648000;-51.850000000,-260.931043300,3064.447183000",NEGATIVE_VOLUME
3185,V15_4_FISHWAY,V15_4_FISHWAY_I,V15_10_ALL,CONCRETE,V15_10_ALL,"-52.100000000,-262.928782500,3062.447183000;-51.850000000,-261.929912900,3064.494718000",NEGATIVE_VOLUME
3186,V15_4_FISHWAY,V15_4_FISHWAY_I,V15_10_ALL,CONCRETE,V15_10_ALL,"-52.100000000,-263.927652000,3062.494718000;-51.850000000,-262.928782500,3064.542254000",NEGATIVE_VOLUME
3187,V15_4_FISHWAY,V15_4_FISHWAY_I,V15_10_ALL,CONCRETE,V15_10_ALL,"-52.100000000,-264.926521600,3062.542254000;-51.850000000,-263.927652000,3064.589789000",NEGATIVE_VOLUME
3188,V15_4_FISHWAY,V15_4_FISHWAY_I,V15_10_ALL,CONCRETE,V15_10_ALL,"-52.100000000,-265.925391200,3062.589789000;-51.850000000,-264.926521600,3064.637324000",NEGATIVE_VOLUME
3189,V15_4_FISHWAY,V15_4_FISHWAY_I,V15_10_ALL,CONCRETE,V15_10_ALL,"-52.100000000,-266.924260700,3062.637324000;-51.850000000,-265.925391200,3064.684859000",NEGATIVE_VOLUME
3190,V15_4_FISHWAY,V15_4_FISHWAY_I,V15_10_ALL,CONCRETE,V15_10_ALL,"-52.100000000,-267.923130300,3062.684859000;-51.850000000,-266.924260700,3064.732394000",NEGATIVE_VOLUME
3191,V15_4_FISHWAY,V15_4_FISHWAY_I,V15_10_ALL,CONCRETE,V15_10_ALL,"-52.100000000,-268.921999800,3062.732394000;-51.850000000,-267.923130300,3064.779930000",NEGATIVE_VOLUME
3192,V15_4_FISHWAY,V15_4_FISHWAY_I,V15_10_ALL,CONCRETE,V15_10_ALL,"-52.100000000,-269.920869400,3062.779930000;-51.850000000,-268.921999800,3064.827465000",NEGATIVE_VOLUME
3193,V15_4_FISHWAY,V15_4_FISHWAY_I,V15_10_ALL,CONCRETE,V15_10_ALL,"-52.100000000,-270.919739000,3062.827465000;-51.850000000,-269.920869400,3064.875000000",NEGATIVE_VOLUME
3194,V15_4_FISHWAY,V15_4_FISHWAY_I,V15_10_ALL,CONCRETE,V15_10_ALL,"-52.100000000,-271.918608500,3062.875000000;-51.850000000,-270.919739000,3064.922535000",NEGATIVE_VOLUME
3195,V15_4_FISHWAY,V15_4_FISHWAY_I,V15_10_ALL,CONCRETE,V15_10_ALL,"-52.100000000,-272.917478100,3062.922535000;-51.850000000,-271.918608500,3064.970070000",NEGATIVE_VOLUME
3196,V15_4_FISHWAY,V15_4_FISHWAY_I,V15_10_ALL,CONCRETE,V15_10_ALL,"-52.100000000,-273.916347700,3062.970070000;-51.850000000,-272.917478100,3065.017606000",NEGATIVE_VOLUME
3197,V15_4_FISHWAY,V15_4_FISHWAY_I,V15_10_ALL,CONCRETE,V15_10_ALL,"-52.100000000,-274.915217200,3063.017606000;-51.850000000,-273.916347700,3065.065141000",NEGATIVE_VOLUME
3198,V15_4_FISHWAY,V15_4_FISHWAY_I,V15_10_ALL,CONCRETE,V15_10_ALL,"-52.100000000,-275.914086800,3063.065141000;-51.850000000,-274.915217200,3065.112676000",NEGATIVE_VOLUME
3199,V15_4_FISHWAY,V15_4_FISHWAY_I,V15_10_ALL,CONCRETE,V15_10_ALL,"-52.100000000,-276.912956300,3063.112676000;-51.850000000,-275.914086800,3065.160211000",NEGATIVE_VOLUME
3200,V15_4_FISHWAY,V15_4_FISHWAY_I,V15_10_ALL,CONCRETE,V15_10_ALL,"-52.100000000,-277.911825900,3063.160211000;-51.850000000,-276.912956300,3065.207746000",NEGATIVE_VOLUME
3201,V15_4_FISHWAY,V15_4_FISHWAY_I,V15_10_ALL,CONCRETE,V15_10_ALL,"-52.100000000,-278.910695500,3063.207746000;-51.850000000,-277.911825900,3065.255282000",NEGATIVE_VOLUME
3202,V15_4_FISHWAY,V15_4_FISHWAY_I,V15_10_ALL,CONCRETE,V15_10_ALL,"-52.100000000,-279.909565000,3063.255282000;-51.850000000,-278.910695500,3065.302817000",NEGATIVE_VOLUME
3203,V15_4_FISHWAY,V15_4_FISHWAY_I,V15_10_ALL,CONCRETE,V15_10_ALL,"-52.100000000,-280.908434600,3063.302817000;-51.850000000,-279.909565000,3065.350352000",NEGATIVE_VOLUME
3204,V15_4_FISHWAY,V15_4_FISHWAY_I,V15_10_ALL,CONCRETE,V15_10_ALL,"-52.100000000,-281.907304200,3063.350352000;-51.850000000,-280.908434600,3065.397887000",NEGATIVE_VOLUME
3205,V15_4_FISHWAY,V15_4_FISHWAY_I,V15_10_ALL,CONCRETE,V15_10_ALL,"-52.100000000,-282.906173700,3063.397887000;-51.850000000,-281.907304200,3065.445423000",NEGATIVE_VOLUME
3206,V15_4_FISHWAY,V15_4_FISHWAY_I,V15_10_ALL,CONCRETE,V15_10_ALL,"-52.100000000,-283.905043300,3063.445423000;-51.850000000,-282.906173700,3065.492958000",NEGATIVE_VOLUME
3207,V15_4_FISHWAY,V15_4_FISHWAY_I,V15_10_ALL,CONCRETE,V15_10_ALL,"-52.100000000,-284.903912800,3063.492958000;-51.850000000,-283.905043300,3065.540493000",NEGATIVE_VOLUME
3208,V15_4_FISHWAY,V15_4_FISHWAY_I,V15_10_ALL,CONCRETE,V15_10_ALL,"-52.100000000,-285.902782400,3063.540493000;-51.850000000,-284.903912800,3065.588028000",NEGATIVE_VOLUME
3209,V15_4_FISHWAY,V15_4_FISHWAY_I,V15_10_ALL,CONCRETE,V15_10_ALL,"-52.100000000,-286.901652000,3063.588028000;-51.850000000,-285.902782400,3065.635563000",NEGATIVE_VOLUME
3210,V15_4_FISHWAY,V15_4_FISHWAY_I,V15_10_ALL,CONCRETE,V15_10_ALL,"-52.100000000,-287.900521500,3063.635563000;-51.850000000,-286.901652000,3065.683099000",NEGATIVE_VOLUME
3211,V15_4_FISHWAY,V15_4_FISHWAY_I,V15_10_ALL,CONCRETE,V15_10_ALL,"-52.100000000,-288.899391100,3063.683099000;-51.850000000,-287.900521500,3065.730634000",NEGATIVE_VOLUME
3212,V15_4_FISHWAY,V15_4_FISHWAY_I,V15_10_ALL,CONCRETE,V15_10_ALL,"-52.100000000,-289.898260700,3063.730634000;-51.850000000,-288.899391100,3065.778169000",NEGATIVE_VOLUME
3213,V15_4_FISHWAY,V15_4_FISHWAY_I,V15_10_ALL,CONCRETE,V15_10_ALL,"-52.100000000,-290.897130200,3063.778169000;-51.850000000,-289.898260700,3065.825704000",NEGATIVE_VOLUME
3214,V15_4_FISHWAY,V15_4_FISHWAY_I,V15_10_ALL,CONCRETE,V15_10_ALL,"-52.100000000,-291.895999800,3063.825704000;-51.850000000,-290.897130200,3065.873239000",NEGATIVE_VOLUME
3215,V15_4_FISHWAY,V15_4_FISHWAY_I,V15_10_ALL,CONCRETE,V15_10_ALL,"-52.100000000,-292.894869300,3063.873239000;-51.850000000,-291.895999800,3065.920775000",NEGATIVE_VOLUME
3216,V15_4_FISHWAY,V15_4_FISHWAY_I,V15_10_ALL,CONCRETE,V15_10_ALL,"-52.100000000,-293.893738900,3063.920775000;-51.850000000,-292.894869300,3065.968310000",NEGATIVE_VOLUME
3217,V15_4_FISHWAY,V15_4_FISHWAY_I,V15_10_ALL,CONCRETE,V15_10_ALL,"-52.100000000,-294.892608500,3063.968310000;-51.850000000,-293.893738900,3066.015845000",NEGATIVE_VOLUME
3218,V15_4_FISHWAY,V15_4_FISHWAY_I,V15_10_ALL,CONCRETE,V15_10_ALL,"-52.100000000,-295.891478000,3064.015845000;-51.850000000,-294.892608500,3066.063380000",NEGATIVE_VOLUME
3219,V15_4_FISHWAY,V15_4_FISHWAY_I,V15_10_ALL,CONCRETE,V15_10_ALL,"-52.100000000,-296.890347600,3064.063380000;-51.850000000,-295.891478000,3066.110915000",NEGATIVE_VOLUME
3220,V15_4_FISHWAY,V15_4_FISHWAY_I,V15_10_ALL,CONCRETE,V15_10_ALL,"-52.100000000,-297.889217200,3064.110915000;-51.850000000,-296.890347600,3066.158451000",NEGATIVE_VOLUME
3221,V15_4_FISHWAY,V15_4_FISHWAY_I,V15_10_ALL,CONCRETE,V15_10_ALL,"-52.100000000,-298.888086700,3064.158451000;-51.850000000,-297.889217200,3066.205986000",NEGATIVE_VOLUME
3222,V15_4_FISHWAY,V15_4_FISHWAY_I,V15_10_ALL,CONCRETE,V15_10_ALL,"-52.100000000,-299.886956300,3064.205986000;-51.850000000,-298.888086700,3066.253521000",NEGATIVE_VOLUME
3223,V15_4_FISHWAY,V15_4_FISHWAY_I,V15_10_ALL,CONCRETE,V15_10_ALL,"-52.100000000,-300.885825900,3064.253521000;-51.850000000,-299.886956300,3066.301056000",NEGATIVE_VOLUME
3224,V15_4_FISHWAY,V15_4_FISHWAY_I,V15_10_ALL,CONCRETE,V15_10_ALL,"-52.100000000,-301.884695400,3064.301056000;-51.850000000,-300.885825900,3066.348592000",NEGATIVE_VOLUME
3225,V15_4_FISHWAY,V15_4_FISHWAY_I,V15_10_ALL,CONCRETE,V15_10_ALL,"-52.100000000,-302.883565000,3064.348592000;-51.850000000,-301.884695400,3066.396127000",NEGATIVE_VOLUME
3226,V15_4_FISHWAY,V15_4_FISHWAY_I,V15_10_ALL,CONCRETE,V15_10_ALL,"-52.100000000,-303.882434500,3064.396127000;-51.850000000,-302.883565000,3066.443662000",NEGATIVE_VOLUME
3227,V15_4_FISHWAY,V15_4_FISHWAY_I,V15_10_ALL,CONCRETE,V15_10_ALL,"-52.100000000,-304.881304100,3064.443662000;-51.850000000,-303.882434500,3066.491197000",NEGATIVE_VOLUME
3228,V15_4_FISHWAY,V15_4_FISHWAY_I,V15_10_ALL,CONCRETE,V15_10_ALL,"-52.100000000,-305.880173700,3064.491197000;-51.850000000,-304.881304100,3066.538732000",NEGATIVE_VOLUME
3229,V15_4_FISHWAY,V15_4_FISHWAY_I,V15_10_ALL,CONCRETE,V15_10_ALL,"-52.100000000,-306.879043200,3064.538732000;-51.850000000,-305.880173700,3066.586268000",NEGATIVE_VOLUME
3230,V15_4_FISHWAY,V15_4_FISHWAY_I,V15_10_ALL,CONCRETE,V15_10_ALL,"-52.100000000,-307.877912800,3064.586268000;-51.850000000,-306.879043200,3066.633803000",NEGATIVE_VOLUME
3231,V15_4_FISHWAY,V15_4_FISHWAY_I,V15_10_ALL,CONCRETE,V15_10_ALL,"-52.100000000,-308.876782400,3064.633803000;-51.850000000,-307.877912800,3066.681338000",NEGATIVE_VOLUME
3232,V15_4_FISHWAY,V15_4_FISHWAY_I,V15_10_ALL,CONCRETE,V15_10_ALL,"-52.100000000,-309.875651900,3064.681338000;-51.850000000,-308.876782400,3066.728873000",NEGATIVE_VOLUME
3233,V15_4_FISHWAY,V15_4_FISHWAY_I,V15_10_ALL,CONCRETE,V15_10_ALL,"-52.100000000,-310.874521500,3064.728873000;-51.850000000,-309.875651900,3066.776408000",NEGATIVE_VOLUME
3234,V15_4_FISHWAY,V15_4_FISHWAY_I,V15_10_ALL,CONCRETE,V15_10_ALL,"-52.100000000,-311.873391000,3064.776408000;-51.850000000,-310.874521500,3066.823944000",NEGATIVE_VOLUME
3235,V15_4_FISHWAY,V15_4_FISHWAY_I,V15_10_ALL,CONCRETE,V15_10_ALL,"-52.100000000,-312.872260600,3064.823944000;-51.850000000,-311.873391000,3066.871479000",NEGATIVE_VOLUME
3236,V15_4_FISHWAY,V15_4_FISHWAY_I,V15_10_ALL,CONCRETE,V15_10_ALL,"-52.100000000,-313.871130200,3064.871479000;-51.850000000,-312.872260600,3066.919014000",NEGATIVE_VOLUME
3237,V15_4_FISHWAY,V15_4_FISHWAY_I,V15_10_ALL,CONCRETE,V15_10_ALL,"-52.100000000,-314.869999700,3064.919014000;-51.850000000,-313.871130200,3066.966549000",NEGATIVE_VOLUME
3238,V15_4_FISHWAY,V15_4_FISHWAY_I,V15_10_ALL,CONCRETE,V15_10_ALL,"-52.100000000,-315.868869300,3064.966549000;-51.850000000,-314.869999700,3067.014085000",NEGATIVE_VOLUME
3239,V15_4_FISHWAY,V15_4_FISHWAY_I,V15_10_ALL,CONCRETE,V15_10_ALL,"-52.100000000,-316.867738900,3065.014085000;-51.850000000,-315.868869300,3067.061620000",NEGATIVE_VOLUME
3240,V15_4_FISHWAY,V15_4_FISHWAY_I,V15_10_ALL,CONCRETE,V15_10_ALL,"-52.100000000,-317.866608400,3065.061620000;-51.850000000,-316.867738900,3067.109155000",NEGATIVE_VOLUME
3241,V15_4_FISHWAY,V15_4_FISHWAY_I,V15_10_ALL,CONCRETE,V15_10_ALL,"-52.100000000,-318.865478000,3065.109155000;-51.850000000,-317.866608400,3067.156690000",NEGATIVE_VOLUME
3242,V15_4_FISHWAY,V15_4_FISHWAY_I,V15_10_ALL,CONCRETE,V15_10_ALL,"-52.100000000,-319.864347500,3065.156690000;-51.850000000,-318.865478000,3067.204225000",NEGATIVE_VOLUME
3243,V15_4_FISHWAY,V15_4_FISHWAY_I,V15_10_ALL,CONCRETE,V15_10_ALL,"-52.100000000,-320.863217100,3065.204225000;-51.850000000,-319.864347500,3067.251761000",NEGATIVE_VOLUME
3244,V15_4_FISHWAY,V15_4_FISHWAY_I,V15_10_ALL,CONCRETE,V15_10_ALL,"-52.100000000,-321.862086700,3065.251761000;-51.850000000,-320.863217100,3067.299296000",NEGATIVE_VOLUME
3245,V15_4_FISHWAY,V15_4_FISHWAY_I,V15_10_ALL,CONCRETE,V15_10_ALL,"-52.100000000,-322.860956200,3065.299296000;-51.850000000,-321.862086700,3067.346831000",NEGATIVE_VOLUME
3246,V15_4_FISHWAY,V15_4_FISHWAY_I,V15_10_ALL,CONCRETE,V15_10_ALL,"-52.100000000,-323.859825800,3065.346831000;-51.850000000,-322.860956200,3067.394366000",NEGATIVE_VOLUME
3247,V15_4_FISHWAY,V15_4_FISHWAY_I,V15_10_ALL,CONCRETE,V15_10_ALL,"-52.100000000,-324.858695400,3065.394366000;-51.850000000,-323.859825800,3067.441901000",NEGATIVE_VOLUME
3248,V15_4_FISHWAY,V15_4_FISHWAY_I,V15_10_ALL,CONCRETE,V15_10_ALL,"-52.100000000,-325.857564900,3065.441901000;-51.850000000,-324.858695400,3067.489437000",NEGATIVE_VOLUME
3249,V15_4_FISHWAY,V15_4_FISHWAY_I,V15_10_ALL,CONCRETE,V15_10_ALL,"-52.100000000,-326.856434500,3065.489437000;-51.850000000,-325.857564900,3067.536972000",NEGATIVE_VOLUME
3250,V15_4_FISHWAY,V15_4_FISHWAY_I,V15_10_ALL,CONCRETE,V15_10_ALL,"-52.100000000,-327.855304100,3065.536972000;-51.850000000,-326.856434500,3067.584507000",NEGATIVE_VOLUME
3251,V15_4_FISHWAY,V15_4_FISHWAY_I,V15_10_ALL,CONCRETE,V15_10_ALL,"-52.100000000,-328.854173600,3065.584507000;-51.850000000,-327.855304100,3067.632042000",NEGATIVE_VOLUME
3252,V15_4_FISHWAY,V15_4_FISHWAY_I,V15_10_ALL,CONCRETE,V15_10_ALL,"-52.100000000,-329.853043200,3065.632042000;-51.850000000,-328.854173600,3067.679577000",NEGATIVE_VOLUME
3253,V15_4_FISHWAY,V15_4_FISHWAY_I,V15_10_ALL,CONCRETE,V15_10_ALL,"-52.100000000,-330.851912700,3065.679577000;-51.850000000,-329.853043200,3067.727113000",NEGATIVE_VOLUME
3254,V15_4_FISHWAY,V15_4_FISHWAY_I,V15_10_ALL,CONCRETE,V15_10_ALL,"-52.100000000,-331.850782300,3065.727113000;-51.850000000,-330.851912700,3067.774648000",NEGATIVE_VOLUME
3255,V15_4_FISHWAY,V15_4_FISHWAY_I,V15_10_ALL,CONCRETE,V15_10_ALL,"-52.100000000,-332.849651900,3065.774648000;-51.850000000,-331.850782300,3067.822183000",NEGATIVE_VOLUME
3256,V15_4_FISHWAY,V15_4_FISHWAY_I,V15_10_ALL,CONCRETE,V15_10_ALL,"-52.100000000,-333.848521400,3065.822183000;-51.850000000,-332.849651900,3067.869718000",NEGATIVE_VOLUME
3257,V15_4_FISHWAY,V15_4_FISHWAY_I,V15_10_ALL,CONCRETE,V15_10_ALL,"-52.100000000,-334.847391000,3065.869718000;-51.850000000,-333.848521400,3067.917254000",NEGATIVE_VOLUME
3258,V15_4_FISHWAY,V15_4_FISHWAY_I,V15_10_ALL,CONCRETE,V15_10_ALL,"-52.100000000,-335.846260600,3065.917254000;-51.850000000,-334.847391000,3067.964789000",NEGATIVE_VOLUME
3259,V15_4_FISHWAY,V15_4_FISHWAY_I,V15_10_ALL,CONCRETE,V15_10_ALL,"-52.100000000,-336.845130100,3065.964789000;-51.850000000,-335.846260600,3068.012324000",NEGATIVE_VOLUME
3260,V15_4_FISHWAY,V15_4_FISHWAY_I,V15_10_ALL,CONCRETE,V15_10_ALL,"-52.100000000,-337.843999700,3066.012324000;-51.850000000,-336.845130100,3068.059859000",NEGATIVE_VOLUME
3261,V15_4_FISHWAY,V15_4_FISHWAY_I,V15_10_ALL,CONCRETE,V15_10_ALL,"-52.100000000,-338.842869200,3066.059859000;-51.850000000,-337.843999700,3068.107394000",NEGATIVE_VOLUME
3262,V15_4_FISHWAY,V15_4_FISHWAY_I,V15_10_ALL,CONCRETE,V15_10_ALL,"-52.100000000,-339.841738800,3066.107394000;-51.850000000,-338.842869200,3068.154930000",NEGATIVE_VOLUME
3263,V15_4_FISHWAY,V15_4_FISHWAY_I,V15_10_ALL,CONCRETE,V15_10_ALL,"-52.100000000,-340.840608400,3066.154930000;-51.850000000,-339.841738800,3068.202465000",NEGATIVE_VOLUME
3264,V15_4_FISHWAY,V15_4_FISHWAY_I,V15_10_ALL,CONCRETE,V15_10_ALL,"-52.100000000,-341.839477900,3066.202465000;-51.850000000,-340.840608400,3068.250000000",NEGATIVE_VOLUME
3265,V15_4_FISHWAY,V15_4_FISHWAY_I,V15_10_ALL,CONCRETE,V15_10_ALL,"-52.100000000,-342.838347500,3066.250000000;-51.850000000,-341.839477900,3068.297535000",NEGATIVE_VOLUME
3266,V15_4_FISHWAY,V15_4_FISHWAY_I,V15_10_ALL,CONCRETE,V15_10_ALL,"-52.100000000,-343.837217100,3066.297535000;-51.850000000,-342.838347500,3068.345070000",NEGATIVE_VOLUME
3267,V15_4_FISHWAY,V15_4_FISHWAY_I,V15_10_ALL,CONCRETE,V15_10_ALL,"-52.100000000,-344.836086600,3066.345070000;-51.850000000,-343.837217100,3068.392606000",NEGATIVE_VOLUME
3268,V15_4_FISHWAY,V15_4_FISHWAY_I,V15_10_ALL,CONCRETE,V15_10_ALL,"-52.100000000,-345.834956200,3066.392606000;-51.850000000,-344.836086600,3068.440141000",NEGATIVE_VOLUME
3269,V15_4_FISHWAY,V15_4_FISHWAY_I,V15_10_ALL,CONCRETE,V15_10_ALL,"-52.100000000,-346.833825700,3066.440141000;-51.850000000,-345.834956200,3068.487676000",NEGATIVE_VOLUME
3270,V15_4_FISHWAY,V15_4_FISHWAY_I,V15_10_ALL,CONCRETE,V15_10_ALL,"-52.100000000,-347.832695300,3066.487676000;-51.850000000,-346.833825700,3068.535211000",NEGATIVE_VOLUME
3271,V15_4_FISHWAY,V15_4_FISHWAY_I,V15_10_ALL,CONCRETE,V15_10_ALL,"-52.100000000,-348.831564900,3066.535211000;-51.850000000,-347.832695300,3068.582746000",NEGATIVE_VOLUME
3272,V15_4_FISHWAY,V15_4_FISHWAY_I,V15_10_ALL,CONCRETE,V15_10_ALL,"-52.100000000,-349.830434400,3066.582746000;-51.850000000,-348.831564900,3068.630282000",NEGATIVE_VOLUME
3273,V15_4_FISHWAY,V15_4_FISHWAY_I,V15_10_ALL,CONCRETE,V15_10_ALL,"-52.100000000,-350.829304000,3066.630282000;-51.850000000,-349.830434400,3068.677817000",NEGATIVE_VOLUME
3274,V15_4_FISHWAY,V15_4_FISHWAY_I,V15_10_ALL,CONCRETE,V15_10_ALL,"-52.100000000,-351.828173600,3066.677817000;-51.850000000,-350.829304000,3068.725352000",NEGATIVE_VOLUME
3275,V15_4_FISHWAY,V15_4_FISHWAY_I,V15_10_ALL,CONCRETE,V15_10_ALL,"-52.100000000,-352.827043100,3066.725352000;-51.850000000,-351.828173600,3068.772887000",NEGATIVE_VOLUME
3276,V15_4_FISHWAY,V15_4_FISHWAY_I,V15_10_ALL,CONCRETE,V15_10_ALL,"-52.100000000,-353.825912700,3066.772887000;-51.850000000,-352.827043100,3068.820423000",NEGATIVE_VOLUME
3277,V15_4_FISHWAY,V15_4_FISHWAY_I,V15_10_ALL,CONCRETE,V15_10_ALL,"-52.100000000,-354.824782200,3066.820423000;-51.850000000,-353.825912700,3068.867958000",NEGATIVE_VOLUME
3278,V15_4_FISHWAY,V15_4_FISHWAY_I,V15_10_ALL,CONCRETE,V15_10_ALL,"-52.100000000,-355.823651800,3066.867958000;-51.850000000,-354.824782200,3068.915493000",NEGATIVE_VOLUME
3279,V15_4_FISHWAY,V15_4_FISHWAY_I,V15_10_ALL,CONCRETE,V15_10_ALL,"-52.100000000,-356.822521400,3066.915493000;-51.850000000,-355.823651800,3068.963028000",NEGATIVE_VOLUME
3280,V15_4_FISHWAY,V15_4_FISHWAY_I,V15_10_ALL,CONCRETE,V15_10_ALL,"-52.100000000,-357.821390900,3066.963028000;-51.850000000,-356.822521400,3069.010563000",NEGATIVE_VOLUME
3281,V15_4_FISHWAY,V15_4_FISHWAY_I,V15_10_ALL,CONCRETE,V15_10_ALL,"-52.100000000,-358.820260500,3067.010563000;-51.850000000,-357.821390900,3069.058099000",NEGATIVE_VOLUME
3282,V15_4_FISHWAY,V15_4_FISHWAY_I,V15_10_ALL,CONCRETE,V15_10_ALL,"-52.100000000,-359.819130100,3067.058099000;-51.850000000,-358.820260500,3069.105634000",NEGATIVE_VOLUME
3283,V15_4_FISHWAY,V15_4_FISHWAY_I,V15_10_ALL,CONCRETE,V15_10_ALL,"-52.100000000,-360.817999600,3067.105634000;-51.850000000,-359.819130100,3069.153169000",NEGATIVE_VOLUME
3284,V15_4_FISHWAY,V15_4_FISHWAY_I,V15_10_ALL,CONCRETE,V15_10_ALL,"-52.100000000,-361.816869200,3067.153169000;-51.850000000,-360.817999600,3069.200704000",NEGATIVE_VOLUME
3285,V15_4_FISHWAY,V15_4_FISHWAY_I,V15_10_ALL,CONCRETE,V15_10_ALL,"-52.100000000,-362.815738800,3067.200704000;-51.850000000,-361.816869200,3069.248239000",NEGATIVE_VOLUME
3286,V15_4_FISHWAY,V15_4_FISHWAY_I,V15_10_ALL,CONCRETE,V15_10_ALL,"-52.100000000,-363.814608300,3067.248239000;-51.850000000,-362.815738800,3069.295775000",NEGATIVE_VOLUME
3287,V15_4_FISHWAY,V15_4_FISHWAY_I,V15_10_ALL,CONCRETE,V15_10_ALL,"-52.100000000,-364.813477900,3067.295775000;-51.850000000,-363.814608300,3069.343310000",NEGATIVE_VOLUME
3288,V15_4_FISHWAY,V15_4_FISHWAY_I,V15_10_ALL,CONCRETE,V15_10_ALL,"-52.100000000,-365.812347400,3067.343310000;-51.850000000,-364.813477900,3069.390845000",NEGATIVE_VOLUME
3289,V15_4_FISHWAY,V15_4_FISHWAY_I,V15_10_ALL,CONCRETE,V15_10_ALL,"-52.100000000,-366.811217000,3067.390845000;-51.850000000,-365.812347400,3069.438380000",NEGATIVE_VOLUME
3290,V15_4_FISHWAY,V15_4_FISHWAY_I,V15_10_ALL,CONCRETE,V15_10_ALL,"-52.100000000,-367.810086600,3067.438380000;-51.850000000,-366.811217000,3069.485915000",NEGATIVE_VOLUME
3291,V15_4_FISHWAY,V15_4_FISHWAY_I,V15_10_ALL,CONCRETE,V15_10_ALL,"-52.100000000,-368.808956100,3067.485915000;-51.850000000,-367.810086600,3069.533451000",NEGATIVE_VOLUME
3292,V15_4_FISHWAY,V15_4_FISHWAY_I,V15_10_ALL,CONCRETE,V15_10_ALL,"-52.100000000,-369.807825700,3067.533451000;-51.850000000,-368.808956100,3069.580986000",NEGATIVE_VOLUME
3293,V15_4_FISHWAY,V15_4_FISHWAY_I,V15_10_ALL,CONCRETE,V15_10_ALL,"-52.100000000,-370.806695300,3067.580986000;-51.850000000,-369.807825700,3069.628521000",NEGATIVE_VOLUME
3294,V15_4_FISHWAY,V15_4_FISHWAY_I,V15_10_ALL,CONCRETE,V15_10_ALL,"-52.100000000,-371.805564800,3067.628521000;-51.850000000,-370.806695300,3069.676056000",NEGATIVE_VOLUME
3295,V15_4_FISHWAY,V15_4_FISHWAY_I,V15_10_ALL,CONCRETE,V15_10_ALL,"-52.100000000,-372.804434400,3067.676056000;-51.850000000,-371.805564800,3069.723592000",NEGATIVE_VOLUME
3296,V15_4_FISHWAY,V15_4_FISHWAY_I,V15_10_ALL,CONCRETE,V15_10_ALL,"-52.100000000,-373.803303900,3067.723592000;-51.850000000,-372.804434400,3069.771127000",NEGATIVE_VOLUME
3297,V15_4_FISHWAY,V15_4_FISHWAY_I,V15_10_ALL,CONCRETE,V15_10_ALL,"-52.100000000,-374.802173500,3067.771127000;-51.850000000,-373.803303900,3069.818662000",NEGATIVE_VOLUME
3298,V15_4_FISHWAY,V15_4_FISHWAY_I,V15_10_ALL,CONCRETE,V15_10_ALL,"-52.100000000,-375.801043100,3067.818662000;-51.850000000,-374.802173500,3069.866197000",NEGATIVE_VOLUME
3299,V15_4_FISHWAY,V15_4_FISHWAY_I,V15_10_ALL,CONCRETE,V15_10_ALL,"-52.100000000,-376.799912600,3067.866197000;-51.850000000,-375.801043100,3069.913732000",NEGATIVE_VOLUME
3300,V15_4_FISHWAY,V15_4_FISHWAY_I,V15_10_ALL,CONCRETE,V15_10_ALL,"-52.100000000,-377.798782200,3067.913732000;-51.850000000,-376.799912600,3069.961268000",NEGATIVE_VOLUME
3301,V15_4_FISHWAY,V15_4_FISHWAY_I,V15_10_ALL,CONCRETE,V15_10_ALL,"-52.100000000,-378.797651800,3067.961268000;-51.850000000,-377.798782200,3070.008803000",NEGATIVE_VOLUME
3302,V15_4_FISHWAY,V15_4_FISHWAY_I,V15_10_ALL,CONCRETE,V15_10_ALL,"-52.100000000,-379.796521300,3068.008803000;-51.850000000,-378.797651800,3070.056338000",NEGATIVE_VOLUME
3303,V15_4_FISHWAY,V15_4_FISHWAY_I,V15_10_ALL,CONCRETE,V15_10_ALL,"-52.100000000,-380.795390900,3068.056338000;-51.850000000,-379.796521300,3070.103873000",NEGATIVE_VOLUME
3304,V15_4_FISHWAY,V15_4_FISHWAY_I,V15_10_ALL,CONCRETE,V15_10_ALL,"-52.100000000,-381.794260400,3068.103873000;-51.850000000,-380.795390900,3070.151408000",NEGATIVE_VOLUME
3305,V15_4_FISHWAY,V15_4_FISHWAY_I,V15_10_ALL,CONCRETE,V15_10_ALL,"-52.100000000,-382.793130000,3068.151408000;-51.850000000,-381.794260400,3070.198944000",NEGATIVE_VOLUME
3306,V15_4_FISHWAY,V15_4_FISHWAY_I,V15_10_ALL,CONCRETE,V15_10_ALL,"-52.100000000,-383.791999600,3068.198944000;-51.850000000,-382.793130000,3070.246479000",NEGATIVE_VOLUME
3307,V15_4_FISHWAY,V15_4_FISHWAY_I,V15_10_ALL,CONCRETE,V15_10_ALL,"-52.100000000,-384.790869100,3068.246479000;-51.850000000,-383.791999600,3070.294014000",NEGATIVE_VOLUME
3308,V15_4_FISHWAY,V15_4_FISHWAY_I,V15_10_ALL,CONCRETE,V15_10_ALL,"-52.100000000,-385.789738700,3068.294014000;-51.850000000,-384.790869100,3070.341549000",NEGATIVE_VOLUME
3309,V15_4_FISHWAY,V15_4_FISHWAY_I,V15_10_ALL,CONCRETE,V15_10_ALL,"-52.100000000,-386.788608300,3068.341549000;-51.850000000,-385.789738700,3070.389085000",NEGATIVE_VOLUME
3310,V15_4_FISHWAY,V15_4_FISHWAY_I,V15_10_ALL,CONCRETE,V15_10_ALL,"-52.100000000,-387.787477800,3068.389085000;-51.850000000,-386.788608300,3070.436620000",NEGATIVE_VOLUME
3311,V15_4_FISHWAY,V15_4_FISHWAY_I,V15_10_ALL,CONCRETE,V15_10_ALL,"-52.100000000,-388.786347400,3068.436620000;-51.850000000,-387.787477800,3070.484155000",NEGATIVE_VOLUME
3312,V15_4_FISHWAY,V15_4_FISHWAY_I,V15_10_ALL,CONCRETE,V15_10_ALL,"-52.100000000,-389.785217000,3068.484155000;-51.850000000,-388.786347400,3070.531690000",NEGATIVE_VOLUME
3313,V15_4_FISHWAY,V15_4_FISHWAY_I,V15_10_ALL,CONCRETE,V15_10_ALL,"-52.100000000,-390.784086500,3068.531690000;-51.850000000,-389.785217000,3070.579225000",NEGATIVE_VOLUME
3314,V15_4_FISHWAY,V15_4_FISHWAY_I,V15_10_ALL,CONCRETE,V15_10_ALL,"-52.100000000,-391.782956100,3068.579225000;-51.850000000,-390.784086500,3070.626761000",NEGATIVE_VOLUME
3315,V15_4_FISHWAY,V15_4_FISHWAY_I,V15_10_ALL,CONCRETE,V15_10_ALL,"-52.100000000,-392.781825600,3068.626761000;-51.850000000,-391.782956100,3070.674296000",NEGATIVE_VOLUME
3316,V15_4_FISHWAY,V15_4_FISHWAY_I,V15_10_ALL,CONCRETE,V15_10_ALL,"-52.100000000,-393.780695200,3068.674296000;-51.850000000,-392.781825600,3070.721831000",NEGATIVE_VOLUME
3317,V15_4_FISHWAY,V15_4_FISHWAY_I,V15_10_ALL,CONCRETE,V15_10_ALL,"-52.100000000,-394.779564800,3068.721831000;-51.850000000,-393.780695200,3070.769366000",NEGATIVE_VOLUME
3318,V15_4_FISHWAY,V15_4_FISHWAY_I,V15_10_ALL,CONCRETE,V15_10_ALL,"-52.100000000,-395.778434300,3068.769366000;-51.850000000,-394.779564800,3070.816901000",NEGATIVE_VOLUME
3319,V15_4_FISHWAY,V15_4_FISHWAY_I,V15_10_ALL,CONCRETE,V15_10_ALL,"-52.100000000,-396.777303900,3068.816901000;-51.850000000,-395.778434300,3070.864437000",NEGATIVE_VOLUME
3320,V15_4_FISHWAY,V15_4_FISHWAY_I,V15_10_ALL,CONCRETE,V15_10_ALL,"-52.100000000,-397.776173500,3068.864437000;-51.850000000,-396.777303900,3070.911972000",NEGATIVE_VOLUME
3321,V15_4_FISHWAY,V15_4_FISHWAY_I,V15_10_ALL,CONCRETE,V15_10_ALL,"-52.100000000,-398.775043000,3068.911972000;-51.850000000,-397.776173500,3070.959507000",NEGATIVE_VOLUME
3322,V15_4_FISHWAY,V15_4_FISHWAY_I,V15_10_ALL,CONCRETE,V15_10_ALL,"-52.100000000,-399.773912600,3068.959507000;-51.850000000,-398.775043000,3071.007042000",NEGATIVE_VOLUME
3323,V15_4_FISHWAY,V15_4_FISHWAY_I,V15_10_ALL,CONCRETE,V15_10_ALL,"-52.100000000,-400.772782100,3069.007042000;-51.850000000,-399.773912600,3071.054577000",NEGATIVE_VOLUME
3324,V15_4_FISHWAY,V15_4_FISHWAY_I,V15_10_ALL,CONCRETE,V15_10_ALL,"-52.100000000,-401.771651700,3069.054577000;-51.850000000,-400.772782100,3071.102113000",NEGATIVE_VOLUME
3325,V15_4_FISHWAY,V15_4_FISHWAY_I,V15_10_ALL,CONCRETE,V15_10_ALL,"-52.100000000,-402.770521300,3069.102113000;-51.850000000,-401.771651700,3071.149648000",NEGATIVE_VOLUME
3326,V15_4_FISHWAY,V15_4_FISHWAY_I,V15_10_ALL,CONCRETE,V15_10_ALL,"-52.100000000,-403.769390800,3069.149648000;-51.850000000,-402.770521300,3071.197183000",NEGATIVE_VOLUME
3327,V15_4_FISHWAY,V15_4_FISHWAY_I,V15_10_ALL,CONCRETE,V15_10_ALL,"-52.100000000,-404.768260400,3069.197183000;-51.850000000,-403.769390800,3071.244718000",NEGATIVE_VOLUME
3328,V15_4_FISHWAY,V15_4_FISHWAY_I,V15_10_ALL,CONCRETE,V15_10_ALL,"-52.100000000,-405.767130000,3069.244718000;-51.850000000,-404.768260400,3071.292254000",NEGATIVE_VOLUME
3329,V15_4_FISHWAY,V15_4_FISHWAY_I,V15_10_ALL,CONCRETE,V15_10_ALL,"-52.100000000,-406.765999500,3069.292254000;-51.850000000,-405.767130000,3071.339789000",NEGATIVE_VOLUME
3330,V15_4_FISHWAY,V15_4_FISHWAY_I,V15_10_ALL,CONCRETE,V15_10_ALL,"-52.100000000,-407.764869100,3069.339789000;-51.850000000,-406.765999500,3071.387324000",NEGATIVE_VOLUME
3331,V15_4_FISHWAY,V15_4_FISHWAY_I,V15_10_ALL,CONCRETE,V15_10_ALL,"-52.100000000,-408.763738600,3069.387324000;-51.850000000,-407.764869100,3071.434859000",NEGATIVE_VOLUME
3332,V15_4_FISHWAY,V15_4_FISHWAY_I,V15_10_ALL,CONCRETE,V15_10_ALL,"-52.100000000,-409.762608200,3069.434859000;-51.850000000,-408.763738600,3071.482394000",NEGATIVE_VOLUME
3333,V15_4_FISHWAY,V15_4_FISHWAY_I,V15_10_ALL,CONCRETE,V15_10_ALL,"-52.100000000,-410.761477800,3069.482394000;-51.850000000,-409.762608200,3071.529930000",NEGATIVE_VOLUME
3334,V15_4_FISHWAY,V15_4_FISHWAY_I,V15_10_ALL,CONCRETE,V15_10_ALL,"-52.100000000,-411.760347300,3069.529930000;-51.850000000,-410.761477800,3071.577465000",NEGATIVE_VOLUME
3335,V15_4_FISHWAY,V15_4_FISHWAY_I,V15_10_ALL,CONCRETE,V15_10_ALL,"-52.100000000,-412.759216900,3069.577465000;-51.850000000,-411.760347300,3071.625000000",NEGATIVE_VOLUME
3336,V15_4_FISHWAY,V15_4_FISHWAY_I,V15_10_ALL,CONCRETE,V15_10_ALL,"-52.100000000,-413.758086500,3069.625000000;-51.850000000,-412.759216900,3071.672535000",NEGATIVE_VOLUME
3337,V15_4_FISHWAY,V15_4_FISHWAY_I,V15_10_ALL,CONCRETE,V15_10_ALL,"-52.100000000,-414.756956000,3069.672535000;-51.850000000,-413.758086500,3071.720070000",NEGATIVE_VOLUME
3338,V15_4_FISHWAY,V15_4_FISHWAY_I,V15_10_ALL,CONCRETE,V15_10_ALL,"-52.100000000,-415.755825600,3069.720070000;-51.850000000,-414.756956000,3071.767606000",NEGATIVE_VOLUME
3339,V15_4_FISHWAY,V15_4_FISHWAY_I,V15_10_ALL,CONCRETE,V15_10_ALL,"-52.100000000,-416.754695100,3069.767606000;-51.850000000,-415.755825600,3071.815141000",NEGATIVE_VOLUME
3340,V15_4_FISHWAY,V15_4_FISHWAY_I,V15_10_ALL,CONCRETE,V15_10_ALL,"-52.100000000,-417.753564700,3069.815141000;-51.850000000,-416.754695100,3071.862676000",NEGATIVE_VOLUME
3341,V15_4_FISHWAY,V15_4_FISHWAY_I,V15_10_ALL,CONCRETE,V15_10_ALL,"-52.100000000,-418.752434300,3069.862676000;-51.850000000,-417.753564700,3071.910211000",NEGATIVE_VOLUME
3342,V15_4_FISHWAY,V15_4_FISHWAY_I,V15_10_ALL,CONCRETE,V15_10_ALL,"-52.100000000,-419.751303800,3069.910211000;-51.850000000,-418.752434300,3071.957746000",NEGATIVE_VOLUME
3343,V15_4_FISHWAY,V15_4_FISHWAY_I,V15_10_ALL,CONCRETE,V15_10_ALL,"-52.100000000,-420.750173400,3069.957746000;-51.850000000,-419.751303800,3072.005282000",NEGATIVE_VOLUME
3344,V15_4_FISHWAY,V15_4_FISHWAY_I,V15_10_ALL,CONCRETE,V15_10_ALL,"-52.100000000,-421.749043000,3070.005282000;-51.850000000,-420.750173400,3072.052817000",NEGATIVE_VOLUME
3345,V15_4_FISHWAY,V15_4_FISHWAY_I,V15_10_ALL,CONCRETE,V15_10_ALL,"-52.100000000,-422.747912500,3070.052817000;-51.850000000,-421.749043000,3072.100352000",NEGATIVE_VOLUME
3346,V15_4_FISHWAY,V15_4_FISHWAY_I,V15_10_ALL,CONCRETE,V15_10_ALL,"-52.100000000,-423.746782100,3070.100352000;-51.850000000,-422.747912500,3072.147887000",NEGATIVE_VOLUME
3347,V15_4_FISHWAY,V15_4_FISHWAY_I,V15_10_ALL,CONCRETE,V15_10_ALL,"-52.100000000,-424.745651700,3070.147887000;-51.850000000,-423.746782100,3072.195423000",NEGATIVE_VOLUME
3348,V15_4_FISHWAY,V15_4_FISHWAY_I,V15_10_ALL,CONCRETE,V15_10_ALL,"-52.100000000,-425.744521200,3070.195423000;-51.850000000,-424.745651700,3072.242958000",NEGATIVE_VOLUME
3349,V15_4_FISHWAY,V15_4_FISHWAY_I,V15_10_ALL,CONCRETE,V15_10_ALL,"-52.100000000,-426.743390800,3070.242958000;-51.850000000,-425.744521200,3072.290493000",NEGATIVE_VOLUME
3350,V15_4_FISHWAY,V15_4_FISHWAY_I,V15_10_ALL,CONCRETE,V15_10_ALL,"-52.100000000,-427.742260300,3070.290493000;-51.850000000,-426.743390800,3072.338028000",NEGATIVE_VOLUME
3351,V15_4_FISHWAY,V15_4_FISHWAY_I,V15_10_ALL,CONCRETE,V15_10_ALL,"-52.100000000,-428.741129900,3070.338028000;-51.850000000,-427.742260300,3072.385563000",NEGATIVE_VOLUME
3352,V15_4_FISHWAY,V15_4_FISHWAY_I,V15_10_ALL,CONCRETE,V15_10_ALL,"-52.100000000,-429.739999500,3070.385563000;-51.850000000,-428.741129900,3072.433099000",NEGATIVE_VOLUME
3353,V15_4_FISHWAY,V15_4_FISHWAY_I,V15_10_ALL,CONCRETE,V15_10_ALL,"-52.100000000,-430.738869000,3070.433099000;-51.850000000,-429.739999500,3072.480634000",NEGATIVE_VOLUME
3354,V15_4_FISHWAY,V15_4_FISHWAY_I,V15_10_ALL,CONCRETE,V15_10_ALL,"-52.100000000,-431.737738600,3070.480634000;-51.850000000,-430.738869000,3072.528169000",NEGATIVE_VOLUME
3355,V15_4_FISHWAY,V15_4_FISHWAY_I,V15_10_ALL,CONCRETE,V15_10_ALL,"-52.100000000,-432.736608200,3070.528169000;-51.850000000,-431.737738600,3072.575704000",NEGATIVE_VOLUME
3356,V15_4_FISHWAY,V15_4_FISHWAY_I,V15_10_ALL,CONCRETE,V15_10_ALL,"-52.100000000,-433.735477700,3070.575704000;-51.850000000,-432.736608200,3072.623239000",NEGATIVE_VOLUME
3357,V15_4_FISHWAY,V15_4_FISHWAY_I,V15_10_ALL,CONCRETE,V15_10_ALL,"-52.100000000,-434.734347300,3070.623239000;-51.850000000,-433.735477700,3072.670775000",NEGATIVE_VOLUME
3358,V15_4_FISHWAY,V15_4_FISHWAY_I,V15_10_ALL,CONCRETE,V15_10_ALL,"-52.100000000,-435.733216800,3070.670775000;-51.850000000,-434.734347300,3072.718310000",NEGATIVE_VOLUME
3359,V15_4_FISHWAY,V15_4_FISHWAY_I,V15_10_ALL,CONCRETE,V15_10_ALL,"-52.100000000,-436.732086400,3070.718310000;-51.850000000,-435.733216800,3072.765845000",NEGATIVE_VOLUME
3360,V15_4_FISHWAY,V15_4_FISHWAY_I,V15_10_ALL,CONCRETE,V15_10_ALL,"-52.100000000,-437.730956000,3070.765845000;-51.850000000,-436.732086400,3072.813380000",NEGATIVE_VOLUME
3361,V15_4_FISHWAY,V15_4_FISHWAY_I,V15_10_ALL,CONCRETE,V15_10_ALL,"-52.100000000,-438.729825500,3070.813380000;-51.850000000,-437.730956000,3072.860915000",NEGATIVE_VOLUME
3362,V15_4_FISHWAY,V15_4_FISHWAY_I,V15_10_ALL,CONCRETE,V15_10_ALL,"-52.100000000,-439.728695100,3070.860915000;-51.850000000,-438.729825500,3072.908451000",NEGATIVE_VOLUME
3363,V15_4_FISHWAY,V15_4_FISHWAY_I,V15_10_ALL,CONCRETE,V15_10_ALL,"-52.100000000,-440.727564700,3070.908451000;-51.850000000,-439.728695100,3072.955986000",NEGATIVE_VOLUME
3364,V15_4_FISHWAY,V15_4_FISHWAY_I,V15_10_ALL,CONCRETE,V15_10_ALL,"-52.100000000,-441.726434200,3070.955986000;-51.850000000,-440.727564700,3073.003521000",NEGATIVE_VOLUME
3365,V15_4_FISHWAY,V15_4_FISHWAY_I,V15_10_ALL,CONCRETE,V15_10_ALL,"-52.100000000,-442.725303800,3071.003521000;-51.850000000,-441.726434200,3073.051056000",NEGATIVE_VOLUME
3366,V15_4_FISHWAY,V15_4_FISHWAY_I,V15_10_ALL,CONCRETE,V15_10_ALL,"-52.100000000,-443.724173300,3071.051056000;-51.850000000,-442.725303800,3073.098592000",NEGATIVE_VOLUME
3367,V15_4_FISHWAY,V15_4_FISHWAY_I,V15_10_ALL,CONCRETE,V15_10_ALL,"-52.100000000,-444.723042900,3071.098592000;-51.850000000,-443.724173300,3073.146127000",NEGATIVE_VOLUME
3368,V15_4_FISHWAY,V15_4_FISHWAY_I,V15_10_ALL,CONCRETE,V15_10_ALL,"-52.100000000,-445.721912500,3071.146127000;-51.850000000,-444.723042900,3073.193662000",NEGATIVE_VOLUME
3369,V15_4_FISHWAY,V15_4_FISHWAY_I,V15_10_ALL,CONCRETE,V15_10_ALL,"-52.100000000,-446.720782000,3071.193662000;-51.850000000,-445.721912500,3073.241197000",NEGATIVE_VOLUME
3370,V15_4_FISHWAY,V15_4_FISHWAY_I,V15_10_ALL,CONCRETE,V15_10_ALL,"-52.100000000,-447.719651600,3071.241197000;-51.850000000,-446.720782000,3073.288732000",NEGATIVE_VOLUME
3371,V15_4_FISHWAY,V15_4_FISHWAY_I,V15_10_ALL,CONCRETE,V15_10_ALL,"-52.100000000,-448.718521200,3071.288732000;-51.850000000,-447.719651600,3073.336268000",NEGATIVE_VOLUME
3372,V15_4_FISHWAY,V15_4_FISHWAY_I,V15_10_ALL,CONCRETE,V15_10_ALL,"-52.100000000,-449.717390700,3071.336268000;-51.850000000,-448.718521200,3073.383803000",NEGATIVE_VOLUME
3373,V15_4_FISHWAY,V15_4_FISHWAY_I,V15_10_ALL,CONCRETE,V15_10_ALL,"-52.100000000,-450.716260300,3071.383803000;-51.850000000,-449.717390700,3073.431338000",NEGATIVE_VOLUME
3374,V15_4_FISHWAY,V15_4_FISHWAY_I,V15_10_ALL,CONCRETE,V15_10_ALL,"-52.100000000,-451.715129900,3071.431338000;-51.850000000,-450.716260300,3073.478873000",NEGATIVE_VOLUME
3375,V15_4_FISHWAY,V15_4_FISHWAY_I,V15_10_ALL,CONCRETE,V15_10_ALL,"-52.100000000,-452.713999400,3071.478873000;-51.850000000,-451.715129900,3073.526408000",NEGATIVE_VOLUME
3376,V15_4_FISHWAY,V15_4_FISHWAY_I,V15_10_ALL,CONCRETE,V15_10_ALL,"-52.100000000,-453.712869000,3071.526408000;-51.850000000,-452.713999400,3073.573944000",NEGATIVE_VOLUME
3377,V15_4_FISHWAY,V15_4_FISHWAY_I,V15_10_ALL,CONCRETE,V15_10_ALL,"-52.100000000,-454.711738500,3071.573944000;-51.850000000,-453.712869000,3073.621479000",NEGATIVE_VOLUME
3378,V15_4_FISHWAY,V15_4_FISHWAY_I,V15_10_ALL,CONCRETE,V15_10_ALL,"-52.100000000,-455.710608100,3071.621479000;-51.850000000,-454.711738500,3073.669014000",NEGATIVE_VOLUME
3379,V15_4_FISHWAY,V15_4_FISHWAY_I,V15_10_ALL,CONCRETE,V15_10_ALL,"-52.100000000,-456.709477700,3071.669014000;-51.850000000,-455.710608100,3073.716549000",NEGATIVE_VOLUME
3380,V15_4_FISHWAY,V15_4_FISHWAY_I,V15_10_ALL,CONCRETE,V15_10_ALL,"-52.100000000,-457.708347200,3071.716549000;-51.850000000,-456.709477700,3073.764085000",NEGATIVE_VOLUME
3381,V15_4_FISHWAY,V15_4_FISHWAY_I,V15_10_ALL,CONCRETE,V15_10_ALL,"-52.100000000,-458.707216800,3071.764085000;-51.850000000,-457.708347200,3073.811620000",NEGATIVE_VOLUME
3382,V15_4_FISHWAY,V15_4_FISHWAY_I,V15_10_ALL,CONCRETE,V15_10_ALL,"-52.100000000,-459.706086400,3071.811620000;-51.850000000,-458.707216800,3073.859155000",NEGATIVE_VOLUME
3383,V15_4_FISHWAY,V15_4_FISHWAY_I,V15_10_ALL,CONCRETE,V15_10_ALL,"-52.100000000,-460.704955900,3071.859155000;-51.850000000,-459.706086400,3073.906690000",NEGATIVE_VOLUME
3384,V15_4_FISHWAY,V15_4_FISHWAY_I,V15_10_ALL,CONCRETE,V15_10_ALL,"-52.100000000,-461.703825500,3071.906690000;-51.850000000,-460.704955900,3073.954225000",NEGATIVE_VOLUME
3385,V15_4_FISHWAY,V15_4_FISHWAY_I,V15_10_ALL,CONCRETE,V15_10_ALL,"-52.100000000,-462.702695000,3071.954225000;-51.850000000,-461.703825500,3074.001761000",NEGATIVE_VOLUME
3386,V15_4_FISHWAY,V15_4_FISHWAY_I,V15_10_ALL,CONCRETE,V15_10_ALL,"-52.100000000,-463.701564600,3072.001761000;-51.850000000,-462.702695000,3074.049296000",NEGATIVE_VOLUME
3387,V15_4_FISHWAY,V15_4_FISHWAY_I,V15_10_ALL,CONCRETE,V15_10_ALL,"-52.100000000,-464.700434200,3072.049296000;-51.850000000,-463.701564600,3074.096831000",NEGATIVE_VOLUME
3388,V15_4_FISHWAY,V15_4_FISHWAY_I,V15_10_ALL,CONCRETE,V15_10_ALL,"-52.100000000,-465.699303700,3072.096831000;-51.850000000,-464.700434200,3074.144366000",NEGATIVE_VOLUME
3389,V15_4_FISHWAY,V15_4_FISHWAY_I,V15_10_ALL,CONCRETE,V15_10_ALL,"-52.100000000,-466.698173300,3072.144366000;-51.850000000,-465.699303700,3074.191901000",NEGATIVE_VOLUME
3390,V15_4_FISHWAY,V15_4_FISHWAY_I,V15_10_ALL,CONCRETE,V15_10_ALL,"-52.100000000,-467.697042900,3072.191901000;-51.850000000,-466.698173300,3074.239437000",NEGATIVE_VOLUME
3391,V15_4_FISHWAY,V15_4_FISHWAY_I,V15_10_ALL,CONCRETE,V15_10_ALL,"-52.100000000,-468.695912400,3072.239437000;-51.850000000,-467.697042900,3074.286972000",NEGATIVE_VOLUME
3392,V15_4_FISHWAY,V15_4_FISHWAY_I,V15_10_ALL,CONCRETE,V15_10_ALL,"-52.100000000,-469.694782000,3072.286972000;-51.850000000,-468.695912400,3074.334507000",NEGATIVE_VOLUME
3393,V15_4_FISHWAY,V15_4_FISHWAY_I,V15_10_ALL,CONCRETE,V15_10_ALL,"-52.100000000,-470.693651500,3072.334507000;-51.850000000,-469.694782000,3074.382042000",NEGATIVE_VOLUME
3394,V15_4_FISHWAY,V15_4_FISHWAY_I,V15_10_ALL,CONCRETE,V15_10_ALL,"-52.100000000,-471.692521100,3072.382042000;-51.850000000,-470.693651500,3074.429577000",NEGATIVE_VOLUME
3395,V15_4_FISHWAY,V15_4_FISHWAY_I,V15_10_ALL,CONCRETE,V15_10_ALL,"-52.100000000,-472.691390700,3072.429577000;-51.850000000,-471.692521100,3074.477113000",NEGATIVE_VOLUME
3396,V15_4_FISHWAY,V15_4_FISHWAY_I,V15_10_ALL,CONCRETE,V15_10_ALL,"-52.100000000,-473.690260200,3072.477113000;-51.850000000,-472.691390700,3074.524648000",NEGATIVE_VOLUME
3397,V15_4_FISHWAY,V15_4_FISHWAY_I,V15_10_ALL,CONCRETE,V15_10_ALL,"-52.100000000,-474.689129800,3072.524648000;-51.850000000,-473.690260200,3074.572183000",NEGATIVE_VOLUME
3398,V15_4_FISHWAY,V15_4_FISHWAY_I,V15_10_ALL,CONCRETE,V15_10_ALL,"-52.100000000,-475.687999400,3072.572183000;-51.850000000,-474.689129800,3074.619718000",NEGATIVE_VOLUME
3399,V15_4_FISHWAY,V15_4_FISHWAY_I,V15_10_ALL,CONCRETE,V15_10_ALL,"-52.100000000,-476.686868900,3072.619718000;-51.850000000,-475.687999400,3074.667254000",NEGATIVE_VOLUME
3400,V15_4_FISHWAY,V15_4_FISHWAY_I,V15_10_ALL,CONCRETE,V15_10_ALL,"-52.100000000,-477.685738500,3072.667254000;-51.850000000,-476.686868900,3074.714789000",NEGATIVE_VOLUME
3401,V15_4_FISHWAY,V15_4_FISHWAY_I,V15_10_ALL,CONCRETE,V15_10_ALL,"-52.100000000,-478.684608000,3072.714789000;-51.850000000,-477.685738500,3074.762324000",NEGATIVE_VOLUME
3402,V15_4_FISHWAY,V15_4_FISHWAY_I,V15_10_ALL,CONCRETE,V15_10_ALL,"-52.100000000,-479.683477600,3072.762324000;-51.850000000,-478.684608000,3074.809859000",NEGATIVE_VOLUME
3403,V15_4_FISHWAY,V15_4_FISHWAY_I,V15_10_ALL,CONCRETE,V15_10_ALL,"-52.100000000,-480.682347200,3072.809859000;-51.850000000,-479.683477600,3074.857394000",NEGATIVE_VOLUME
3404,V15_4_FISHWAY,V15_4_FISHWAY_I,V15_10_ALL,CONCRETE,V15_10_ALL,"-52.100000000,-481.681216700,3072.857394000;-51.850000000,-480.682347200,3074.904930000",NEGATIVE_VOLUME
3405,V15_4_FISHWAY,V15_4_FISHWAY_I,V15_10_ALL,CONCRETE,V15_10_ALL,"-52.100000000,-482.680086300,3072.904930000;-51.850000000,-481.681216700,3074.952465000",NEGATIVE_VOLUME
3406,V15_4_FISHWAY,V15_4_FISHWAY_I,V15_10_ALL,CONCRETE,V15_10_ALL,"-52.100000000,-483.678955900,3072.952465000;-51.850000000,-482.680086300,3075.000000000",NEGATIVE_VOLUME
3407,V15_4_FISHWAY,V15_4_FISHWAY_I,V15_10_ALL,CONCRETE,V15_10_ALL,"-49.850000000,-200.998869600,3059.500000000;-49.600000000,-200.000000000,3061.547535000",NEGATIVE_VOLUME
3408,V15_4_FISHWAY,V15_4_FISHWAY_I,V15_10_ALL,CONCRETE,V15_10_ALL,"-49.850000000,-201.997739100,3059.547535000;-49.600000000,-200.998869600,3061.595070000",NEGATIVE_VOLUME
3409,V15_4_FISHWAY,V15_4_FISHWAY_I,V15_10_ALL,CONCRETE,V15_10_ALL,"-49.850000000,-202.996608700,3059.595070000;-49.600000000,-201.997739100,3061.642606000",NEGATIVE_VOLUME
3410,V15_4_FISHWAY,V15_4_FISHWAY_I,V15_10_ALL,CONCRETE,V15_10_ALL,"-49.850000000,-203.995478300,3059.642606000;-49.600000000,-202.996608700,3061.690141000",NEGATIVE_VOLUME
3411,V15_4_FISHWAY,V15_4_FISHWAY_I,V15_10_ALL,CONCRETE,V15_10_ALL,"-49.850000000,-204.994347800,3059.690141000;-49.600000000,-203.995478300,3061.737676000",NEGATIVE_VOLUME
3412,V15_4_FISHWAY,V15_4_FISHWAY_I,V15_10_ALL,CONCRETE,V15_10_ALL,"-49.850000000,-205.993217400,3059.737676000;-49.600000000,-204.994347800,3061.785211000",NEGATIVE_VOLUME
3413,V15_4_FISHWAY,V15_4_FISHWAY_I,V15_10_ALL,CONCRETE,V15_10_ALL,"-49.850000000,-206.992086900,3059.785211000;-49.600000000,-205.993217400,3061.832746000",NEGATIVE_VOLUME
3414,V15_4_FISHWAY,V15_4_FISHWAY_I,V15_10_ALL,CONCRETE,V15_10_ALL,"-49.850000000,-207.990956500,3059.832746000;-49.600000000,-206.992086900,3061.880282000",NEGATIVE_VOLUME
3415,V15_4_FISHWAY,V15_4_FISHWAY_I,V15_10_ALL,CONCRETE,V15_10_ALL,"-49.850000000,-208.989826100,3059.880282000;-49.600000000,-207.990956500,3061.927817000",NEGATIVE_VOLUME
3416,V15_4_FISHWAY,V15_4_FISHWAY_I,V15_10_ALL,CONCRETE,V15_10_ALL,"-49.850000000,-209.988695600,3059.927817000;-49.600000000,-208.989826100,3061.975352000",NEGATIVE_VOLUME
3417,V15_4_FISHWAY,V15_4_FISHWAY_I,V15_10_ALL,CONCRETE,V15_10_ALL,"-49.850000000,-210.987565200,3059.975352000;-49.600000000,-209.988695600,3062.022887000",NEGATIVE_VOLUME
3418,V15_4_FISHWAY,V15_4_FISHWAY_I,V15_10_ALL,CONCRETE,V15_10_ALL,"-49.850000000,-211.986434800,3060.022887000;-49.600000000,-210.987565200,3062.070423000",NEGATIVE_VOLUME
3419,V15_4_FISHWAY,V15_4_FISHWAY_I,V15_10_ALL,CONCRETE,V15_10_ALL,"-49.850000000,-212.985304300,3060.070423000;-49.600000000,-211.986434800,3062.117958000",NEGATIVE_VOLUME
3420,V15_4_FISHWAY,V15_4_FISHWAY_I,V15_10_ALL,CONCRETE,V15_10_ALL,"-49.850000000,-213.984173900,3060.117958000;-49.600000000,-212.985304300,3062.165493000",NEGATIVE_VOLUME
3421,V15_4_FISHWAY,V15_4_FISHWAY_I,V15_10_ALL,CONCRETE,V15_10_ALL,"-49.850000000,-214.983043400,3060.165493000;-49.600000000,-213.984173900,3062.213028000",NEGATIVE_VOLUME
3422,V15_4_FISHWAY,V15_4_FISHWAY_I,V15_10_ALL,CONCRETE,V15_10_ALL,"-49.850000000,-215.981913000,3060.213028000;-49.600000000,-214.983043400,3062.260563000",NEGATIVE_VOLUME
3423,V15_4_FISHWAY,V15_4_FISHWAY_I,V15_10_ALL,CONCRETE,V15_10_ALL,"-49.850000000,-216.980782600,3060.260563000;-49.600000000,-215.981913000,3062.308099000",NEGATIVE_VOLUME
3424,V15_4_FISHWAY,V15_4_FISHWAY_I,V15_10_ALL,CONCRETE,V15_10_ALL,"-49.850000000,-217.979652100,3060.308099000;-49.600000000,-216.980782600,3062.355634000",NEGATIVE_VOLUME
3425,V15_4_FISHWAY,V15_4_FISHWAY_I,V15_10_ALL,CONCRETE,V15_10_ALL,"-49.850000000,-218.978521700,3060.355634000;-49.600000000,-217.979652100,3062.403169000",NEGATIVE_VOLUME
3426,V15_4_FISHWAY,V15_4_FISHWAY_I,V15_10_ALL,CONCRETE,V15_10_ALL,"-49.850000000,-219.977391300,3060.403169000;-49.600000000,-218.978521700,3062.450704000",NEGATIVE_VOLUME
3427,V15_4_FISHWAY,V15_4_FISHWAY_I,V15_10_ALL,CONCRETE,V15_10_ALL,"-49.850000000,-220.976260800,3060.450704000;-49.600000000,-219.977391300,3062.498239000",NEGATIVE_VOLUME
3428,V15_4_FISHWAY,V15_4_FISHWAY_I,V15_10_ALL,CONCRETE,V15_10_ALL,"-49.850000000,-221.975130400,3060.498239000;-49.600000000,-220.976260800,3062.545775000",NEGATIVE_VOLUME
3429,V15_4_FISHWAY,V15_4_FISHWAY_I,V15_10_ALL,CONCRETE,V15_10_ALL,"-49.850000000,-222.973999900,3060.545775000;-49.600000000,-221.975130400,3062.593310000",NEGATIVE_VOLUME
3430,V15_4_FISHWAY,V15_4_FISHWAY_I,V15_10_ALL,CONCRETE,V15_10_ALL,"-49.850000000,-223.972869500,3060.593310000;-49.600000000,-222.973999900,3062.640845000",NEGATIVE_VOLUME
3431,V15_4_FISHWAY,V15_4_FISHWAY_I,V15_10_ALL,CONCRETE,V15_10_ALL,"-49.850000000,-224.971739100,3060.640845000;-49.600000000,-223.972869500,3062.688380000",NEGATIVE_VOLUME
3432,V15_4_FISHWAY,V15_4_FISHWAY_I,V15_10_ALL,CONCRETE,V15_10_ALL,"-49.850000000,-225.970608600,3060.688380000;-49.600000000,-224.971739100,3062.735915000",NEGATIVE_VOLUME
3433,V15_4_FISHWAY,V15_4_FISHWAY_I,V15_10_ALL,CONCRETE,V15_10_ALL,"-49.850000000,-226.969478200,3060.735915000;-49.600000000,-225.970608600,3062.783451000",NEGATIVE_VOLUME
3434,V15_4_FISHWAY,V15_4_FISHWAY_I,V15_10_ALL,CONCRETE,V15_10_ALL,"-49.850000000,-227.968347800,3060.783451000;-49.600000000,-226.969478200,3062.830986000",NEGATIVE_VOLUME
3435,V15_4_FISHWAY,V15_4_FISHWAY_I,V15_10_ALL,CONCRETE,V15_10_ALL,"-49.850000000,-228.967217300,3060.830986000;-49.600000000,-227.968347800,3062.878521000",NEGATIVE_VOLUME
3436,V15_4_FISHWAY,V15_4_FISHWAY_I,V15_10_ALL,CONCRETE,V15_10_ALL,"-49.850000000,-229.966086900,3060.878521000;-49.600000000,-228.967217300,3062.926056000",NEGATIVE_VOLUME
3437,V15_4_FISHWAY,V15_4_FISHWAY_I,V15_10_ALL,CONCRETE,V15_10_ALL,"-49.850000000,-230.964956400,3060.926056000;-49.600000000,-229.966086900,3062.973592000",NEGATIVE_VOLUME
3438,V15_4_FISHWAY,V15_4_FISHWAY_I,V15_10_ALL,CONCRETE,V15_10_ALL,"-49.850000000,-231.963826000,3060.973592000;-49.600000000,-230.964956400,3063.021127000",NEGATIVE_VOLUME
3439,V15_4_FISHWAY,V15_4_FISHWAY_I,V15_10_ALL,CONCRETE,V15_10_ALL,"-49.850000000,-232.962695600,3061.021127000;-49.600000000,-231.963826000,3063.068662000",NEGATIVE_VOLUME
3440,V15_4_FISHWAY,V15_4_FISHWAY_I,V15_10_ALL,CONCRETE,V15_10_ALL,"-49.850000000,-233.961565100,3061.068662000;-49.600000000,-232.962695600,3063.116197000",NEGATIVE_VOLUME
3441,V15_4_FISHWAY,V15_4_FISHWAY_I,V15_10_ALL,CONCRETE,V15_10_ALL,"-49.850000000,-234.960434700,3061.116197000;-49.600000000,-233.961565100,3063.163732000",NEGATIVE_VOLUME
3442,V15_4_FISHWAY,V15_4_FISHWAY_I,V15_10_ALL,CONCRETE,V15_10_ALL,"-49.850000000,-235.959304300,3061.163732000;-49.600000000,-234.960434700,3063.211268000",NEGATIVE_VOLUME
3443,V15_4_FISHWAY,V15_4_FISHWAY_I,V15_10_ALL,CONCRETE,V15_10_ALL,"-49.850000000,-236.958173800,3061.211268000;-49.600000000,-235.959304300,3063.258803000",NEGATIVE_VOLUME
3444,V15_4_FISHWAY,V15_4_FISHWAY_I,V15_10_ALL,CONCRETE,V15_10_ALL,"-49.850000000,-237.957043400,3061.258803000;-49.600000000,-236.958173800,3063.306338000",NEGATIVE_VOLUME
3445,V15_4_FISHWAY,V15_4_FISHWAY_I,V15_10_ALL,CONCRETE,V15_10_ALL,"-49.850000000,-238.955913000,3061.306338000;-49.600000000,-237.957043400,3063.353873000",NEGATIVE_VOLUME
3446,V15_4_FISHWAY,V15_4_FISHWAY_I,V15_10_ALL,CONCRETE,V15_10_ALL,"-49.850000000,-239.954782500,3061.353873000;-49.600000000,-238.955913000,3063.401408000",NEGATIVE_VOLUME
3447,V15_4_FISHWAY,V15_4_FISHWAY_I,V15_10_ALL,CONCRETE,V15_10_ALL,"-49.850000000,-240.953652100,3061.401408000;-49.600000000,-239.954782500,3063.448944000",NEGATIVE_VOLUME
3448,V15_4_FISHWAY,V15_4_FISHWAY_I,V15_10_ALL,CONCRETE,V15_10_ALL,"-49.850000000,-241.952521600,3061.448944000;-49.600000000,-240.953652100,3063.496479000",NEGATIVE_VOLUME
3449,V15_4_FISHWAY,V15_4_FISHWAY_I,V15_10_ALL,CONCRETE,V15_10_ALL,"-49.850000000,-242.951391200,3061.496479000;-49.600000000,-241.952521600,3063.544014000",NEGATIVE_VOLUME
3450,V15_4_FISHWAY,V15_4_FISHWAY_I,V15_10_ALL,CONCRETE,V15_10_ALL,"-49.850000000,-243.950260800,3061.544014000;-49.600000000,-242.951391200,3063.591549000",NEGATIVE_VOLUME
3451,V15_4_FISHWAY,V15_4_FISHWAY_I,V15_10_ALL,CONCRETE,V15_10_ALL,"-49.850000000,-244.949130300,3061.591549000;-49.600000000,-243.950260800,3063.639085000",NEGATIVE_VOLUME
3452,V15_4_FISHWAY,V15_4_FISHWAY_I,V15_10_ALL,CONCRETE,V15_10_ALL,"-49.850000000,-245.947999900,3061.639085000;-49.600000000,-244.949130300,3063.686620000",NEGATIVE_VOLUME
3453,V15_4_FISHWAY,V15_4_FISHWAY_I,V15_10_ALL,CONCRETE,V15_10_ALL,"-49.850000000,-246.946869500,3061.686620000;-49.600000000,-245.947999900,3063.734155000",NEGATIVE_VOLUME
3454,V15_4_FISHWAY,V15_4_FISHWAY_I,V15_10_ALL,CONCRETE,V15_10_ALL,"-49.850000000,-247.945739000,3061.734155000;-49.600000000,-246.946869500,3063.781690000",NEGATIVE_VOLUME
3455,V15_4_FISHWAY,V15_4_FISHWAY_I,V15_10_ALL,CONCRETE,V15_10_ALL,"-49.850000000,-248.944608600,3061.781690000;-49.600000000,-247.945739000,3063.829225000",NEGATIVE_VOLUME
3456,V15_4_FISHWAY,V15_4_FISHWAY_I,V15_10_ALL,CONCRETE,V15_10_ALL,"-49.850000000,-249.943478100,3061.829225000;-49.600000000,-248.944608600,3063.876761000",NEGATIVE_VOLUME
3457,V15_4_FISHWAY,V15_4_FISHWAY_I,V15_10_ALL,CONCRETE,V15_10_ALL,"-49.850000000,-250.942347700,3061.876761000;-49.600000000,-249.943478100,3063.924296000",NEGATIVE_VOLUME
3458,V15_4_FISHWAY,V15_4_FISHWAY_I,V15_10_ALL,CONCRETE,V15_10_ALL,"-49.850000000,-251.941217300,3061.924296000;-49.600000000,-250.942347700,3063.971831000",NEGATIVE_VOLUME
3459,V15_4_FISHWAY,V15_4_FISHWAY_I,V15_10_ALL,CONCRETE,V15_10_ALL,"-49.850000000,-252.940086800,3061.971831000;-49.600000000,-251.941217300,3064.019366000",NEGATIVE_VOLUME
3460,V15_4_FISHWAY,V15_4_FISHWAY_I,V15_10_ALL,CONCRETE,V15_10_ALL,"-49.850000000,-253.938956400,3062.019366000;-49.600000000,-252.940086800,3064.066901000",NEGATIVE_VOLUME
3461,V15_4_FISHWAY,V15_4_FISHWAY_I,V15_10_ALL,CONCRETE,V15_10_ALL,"-49.850000000,-254.937826000,3062.066901000;-49.600000000,-253.938956400,3064.114437000",NEGATIVE_VOLUME
3462,V15_4_FISHWAY,V15_4_FISHWAY_I,V15_10_ALL,CONCRETE,V15_10_ALL,"-49.850000000,-255.936695500,3062.114437000;-49.600000000,-254.937826000,3064.161972000",NEGATIVE_VOLUME
3463,V15_4_FISHWAY,V15_4_FISHWAY_I,V15_10_ALL,CONCRETE,V15_10_ALL,"-49.850000000,-256.935565100,3062.161972000;-49.600000000,-255.936695500,3064.209507000",NEGATIVE_VOLUME
3464,V15_4_FISHWAY,V15_4_FISHWAY_I,V15_10_ALL,CONCRETE,V15_10_ALL,"-49.850000000,-257.934434600,3062.209507000;-49.600000000,-256.935565100,3064.257042000",NEGATIVE_VOLUME
3465,V15_4_FISHWAY,V15_4_FISHWAY_I,V15_10_ALL,CONCRETE,V15_10_ALL,"-49.850000000,-258.933304200,3062.257042000;-49.600000000,-257.934434600,3064.304577000",NEGATIVE_VOLUME
3466,V15_4_FISHWAY,V15_4_FISHWAY_I,V15_10_ALL,CONCRETE,V15_10_ALL,"-49.850000000,-259.932173800,3062.304577000;-49.600000000,-258.933304200,3064.352113000",NEGATIVE_VOLUME
3467,V15_4_FISHWAY,V15_4_FISHWAY_I,V15_10_ALL,CONCRETE,V15_10_ALL,"-49.850000000,-260.931043300,3062.352113000;-49.600000000,-259.932173800,3064.399648000",NEGATIVE_VOLUME
3468,V15_4_FISHWAY,V15_4_FISHWAY_I,V15_10_ALL,CONCRETE,V15_10_ALL,"-49.850000000,-261.929912900,3062.399648000;-49.600000000,-260.931043300,3064.447183000",NEGATIVE_VOLUME
3469,V15_4_FISHWAY,V15_4_FISHWAY_I,V15_10_ALL,CONCRETE,V15_10_ALL,"-49.850000000,-262.928782500,3062.447183000;-49.600000000,-261.929912900,3064.494718000",NEGATIVE_VOLUME
3470,V15_4_FISHWAY,V15_4_FISHWAY_I,V15_10_ALL,CONCRETE,V15_10_ALL,"-49.850000000,-263.927652000,3062.494718000;-49.600000000,-262.928782500,3064.542254000",NEGATIVE_VOLUME
3471,V15_4_FISHWAY,V15_4_FISHWAY_I,V15_10_ALL,CONCRETE,V15_10_ALL,"-49.850000000,-264.926521600,3062.542254000;-49.600000000,-263.927652000,3064.589789000",NEGATIVE_VOLUME
3472,V15_4_FISHWAY,V15_4_FISHWAY_I,V15_10_ALL,CONCRETE,V15_10_ALL,"-49.850000000,-265.925391200,3062.589789000;-49.600000000,-264.926521600,3064.637324000",NEGATIVE_VOLUME
3473,V15_4_FISHWAY,V15_4_FISHWAY_I,V15_10_ALL,CONCRETE,V15_10_ALL,"-49.850000000,-266.924260700,3062.637324000;-49.600000000,-265.925391200,3064.684859000",NEGATIVE_VOLUME
3474,V15_4_FISHWAY,V15_4_FISHWAY_I,V15_10_ALL,CONCRETE,V15_10_ALL,"-49.850000000,-267.923130300,3062.684859000;-49.600000000,-266.924260700,3064.732394000",NEGATIVE_VOLUME
3475,V15_4_FISHWAY,V15_4_FISHWAY_I,V15_10_ALL,CONCRETE,V15_10_ALL,"-49.850000000,-268.921999800,3062.732394000;-49.600000000,-267.923130300,3064.779930000",NEGATIVE_VOLUME
3476,V15_4_FISHWAY,V15_4_FISHWAY_I,V15_10_ALL,CONCRETE,V15_10_ALL,"-49.850000000,-269.920869400,3062.779930000;-49.600000000,-268.921999800,3064.827465000",NEGATIVE_VOLUME
3477,V15_4_FISHWAY,V15_4_FISHWAY_I,V15_10_ALL,CONCRETE,V15_10_ALL,"-49.850000000,-270.919739000,3062.827465000;-49.600000000,-269.920869400,3064.875000000",NEGATIVE_VOLUME
3478,V15_4_FISHWAY,V15_4_FISHWAY_I,V15_10_ALL,CONCRETE,V15_10_ALL,"-49.850000000,-271.918608500,3062.875000000;-49.600000000,-270.919739000,3064.922535000",NEGATIVE_VOLUME
3479,V15_4_FISHWAY,V15_4_FISHWAY_I,V15_10_ALL,CONCRETE,V15_10_ALL,"-49.850000000,-272.917478100,3062.922535000;-49.600000000,-271.918608500,3064.970070000",NEGATIVE_VOLUME
3480,V15_4_FISHWAY,V15_4_FISHWAY_I,V15_10_ALL,CONCRETE,V15_10_ALL,"-49.850000000,-273.916347700,3062.970070000;-49.600000000,-272.917478100,3065.017606000",NEGATIVE_VOLUME
3481,V15_4_FISHWAY,V15_4_FISHWAY_I,V15_10_ALL,CONCRETE,V15_10_ALL,"-49.850000000,-274.915217200,3063.017606000;-49.600000000,-273.916347700,3065.065141000",NEGATIVE_VOLUME
3482,V15_4_FISHWAY,V15_4_FISHWAY_I,V15_10_ALL,CONCRETE,V15_10_ALL,"-49.850000000,-275.914086800,3063.065141000;-49.600000000,-274.915217200,3065.112676000",NEGATIVE_VOLUME
3483,V15_4_FISHWAY,V15_4_FISHWAY_I,V15_10_ALL,CONCRETE,V15_10_ALL,"-49.850000000,-276.912956300,3063.112676000;-49.600000000,-275.914086800,3065.160211000",NEGATIVE_VOLUME
3484,V15_4_FISHWAY,V15_4_FISHWAY_I,V15_10_ALL,CONCRETE,V15_10_ALL,"-49.850000000,-277.911825900,3063.160211000;-49.600000000,-276.912956300,3065.207746000",NEGATIVE_VOLUME
3485,V15_4_FISHWAY,V15_4_FISHWAY_I,V15_10_ALL,CONCRETE,V15_10_ALL,"-49.850000000,-278.910695500,3063.207746000;-49.600000000,-277.911825900,3065.255282000",NEGATIVE_VOLUME
3486,V15_4_FISHWAY,V15_4_FISHWAY_I,V15_10_ALL,CONCRETE,V15_10_ALL,"-49.850000000,-279.909565000,3063.255282000;-49.600000000,-278.910695500,3065.302817000",NEGATIVE_VOLUME
3487,V15_4_FISHWAY,V15_4_FISHWAY_I,V15_10_ALL,CONCRETE,V15_10_ALL,"-49.850000000,-280.908434600,3063.302817000;-49.600000000,-279.909565000,3065.350352000",NEGATIVE_VOLUME
3488,V15_4_FISHWAY,V15_4_FISHWAY_I,V15_10_ALL,CONCRETE,V15_10_ALL,"-49.850000000,-281.907304200,3063.350352000;-49.600000000,-280.908434600,3065.397887000",NEGATIVE_VOLUME
3489,V15_4_FISHWAY,V15_4_FISHWAY_I,V15_10_ALL,CONCRETE,V15_10_ALL,"-49.850000000,-282.906173700,3063.397887000;-49.600000000,-281.907304200,3065.445423000",NEGATIVE_VOLUME
3490,V15_4_FISHWAY,V15_4_FISHWAY_I,V15_10_ALL,CONCRETE,V15_10_ALL,"-49.850000000,-283.905043300,3063.445423000;-49.600000000,-282.906173700,3065.492958000",NEGATIVE_VOLUME
3491,V15_4_FISHWAY,V15_4_FISHWAY_I,V15_10_ALL,CONCRETE,V15_10_ALL,"-49.850000000,-284.903912800,3063.492958000;-49.600000000,-283.905043300,3065.540493000",NEGATIVE_VOLUME
3492,V15_4_FISHWAY,V15_4_FISHWAY_I,V15_10_ALL,CONCRETE,V15_10_ALL,"-49.850000000,-285.902782400,3063.540493000;-49.600000000,-284.903912800,3065.588028000",NEGATIVE_VOLUME
3493,V15_4_FISHWAY,V15_4_FISHWAY_I,V15_10_ALL,CONCRETE,V15_10_ALL,"-49.850000000,-286.901652000,3063.588028000;-49.600000000,-285.902782400,3065.635563000",NEGATIVE_VOLUME
3494,V15_4_FISHWAY,V15_4_FISHWAY_I,V15_10_ALL,CONCRETE,V15_10_ALL,"-49.850000000,-287.900521500,3063.635563000;-49.600000000,-286.901652000,3065.683099000",NEGATIVE_VOLUME
3495,V15_4_FISHWAY,V15_4_FISHWAY_I,V15_10_ALL,CONCRETE,V15_10_ALL,"-49.850000000,-288.899391100,3063.683099000;-49.600000000,-287.900521500,3065.730634000",NEGATIVE_VOLUME
3496,V15_4_FISHWAY,V15_4_FISHWAY_I,V15_10_ALL,CONCRETE,V15_10_ALL,"-49.850000000,-289.898260700,3063.730634000;-49.600000000,-288.899391100,3065.778169000",NEGATIVE_VOLUME
3497,V15_4_FISHWAY,V15_4_FISHWAY_I,V15_10_ALL,CONCRETE,V15_10_ALL,"-49.850000000,-290.897130200,3063.778169000;-49.600000000,-289.898260700,3065.825704000",NEGATIVE_VOLUME
3498,V15_4_FISHWAY,V15_4_FISHWAY_I,V15_10_ALL,CONCRETE,V15_10_ALL,"-49.850000000,-291.895999800,3063.825704000;-49.600000000,-290.897130200,3065.873239000",NEGATIVE_VOLUME
3499,V15_4_FISHWAY,V15_4_FISHWAY_I,V15_10_ALL,CONCRETE,V15_10_ALL,"-49.850000000,-292.894869300,3063.873239000;-49.600000000,-291.895999800,3065.920775000",NEGATIVE_VOLUME
3500,V15_4_FISHWAY,V15_4_FISHWAY_I,V15_10_ALL,CONCRETE,V15_10_ALL,"-49.850000000,-293.893738900,3063.920775000;-49.600000000,-292.894869300,3065.968310000",NEGATIVE_VOLUME
3501,V15_4_FISHWAY,V15_4_FISHWAY_I,V15_10_ALL,CONCRETE,V15_10_ALL,"-49.850000000,-294.892608500,3063.968310000;-49.600000000,-293.893738900,3066.015845000",NEGATIVE_VOLUME
3502,V15_4_FISHWAY,V15_4_FISHWAY_I,V15_10_ALL,CONCRETE,V15_10_ALL,"-49.850000000,-295.891478000,3064.015845000;-49.600000000,-294.892608500,3066.063380000",NEGATIVE_VOLUME
3503,V15_4_FISHWAY,V15_4_FISHWAY_I,V15_10_ALL,CONCRETE,V15_10_ALL,"-49.850000000,-296.890347600,3064.063380000;-49.600000000,-295.891478000,3066.110915000",NEGATIVE_VOLUME
3504,V15_4_FISHWAY,V15_4_FISHWAY_I,V15_10_ALL,CONCRETE,V15_10_ALL,"-49.850000000,-297.889217200,3064.110915000;-49.600000000,-296.890347600,3066.158451000",NEGATIVE_VOLUME
3505,V15_4_FISHWAY,V15_4_FISHWAY_I,V15_10_ALL,CONCRETE,V15_10_ALL,"-49.850000000,-298.888086700,3064.158451000;-49.600000000,-297.889217200,3066.205986000",NEGATIVE_VOLUME
3506,V15_4_FISHWAY,V15_4_FISHWAY_I,V15_10_ALL,CONCRETE,V15_10_ALL,"-49.850000000,-299.886956300,3064.205986000;-49.600000000,-298.888086700,3066.253521000",NEGATIVE_VOLUME
3507,V15_4_FISHWAY,V15_4_FISHWAY_I,V15_10_ALL,CONCRETE,V15_10_ALL,"-49.850000000,-300.885825900,3064.253521000;-49.600000000,-299.886956300,3066.301056000",NEGATIVE_VOLUME
3508,V15_4_FISHWAY,V15_4_FISHWAY_I,V15_10_ALL,CONCRETE,V15_10_ALL,"-49.850000000,-301.884695400,3064.301056000;-49.600000000,-300.885825900,3066.348592000",NEGATIVE_VOLUME
3509,V15_4_FISHWAY,V15_4_FISHWAY_I,V15_10_ALL,CONCRETE,V15_10_ALL,"-49.850000000,-302.883565000,3064.348592000;-49.600000000,-301.884695400,3066.396127000",NEGATIVE_VOLUME
3510,V15_4_FISHWAY,V15_4_FISHWAY_I,V15_10_ALL,CONCRETE,V15_10_ALL,"-49.850000000,-303.882434500,3064.396127000;-49.600000000,-302.883565000,3066.443662000",NEGATIVE_VOLUME
3511,V15_4_FISHWAY,V15_4_FISHWAY_I,V15_10_ALL,CONCRETE,V15_10_ALL,"-49.850000000,-304.881304100,3064.443662000;-49.600000000,-303.882434500,3066.491197000",NEGATIVE_VOLUME
3512,V15_4_FISHWAY,V15_4_FISHWAY_I,V15_10_ALL,CONCRETE,V15_10_ALL,"-49.850000000,-305.880173700,3064.491197000;-49.600000000,-304.881304100,3066.538732000",NEGATIVE_VOLUME
3513,V15_4_FISHWAY,V15_4_FISHWAY_I,V15_10_ALL,CONCRETE,V15_10_ALL,"-49.850000000,-306.879043200,3064.538732000;-49.600000000,-305.880173700,3066.586268000",NEGATIVE_VOLUME
3514,V15_4_FISHWAY,V15_4_FISHWAY_I,V15_10_ALL,CONCRETE,V15_10_ALL,"-49.850000000,-307.877912800,3064.586268000;-49.600000000,-306.879043200,3066.633803000",NEGATIVE_VOLUME
3515,V15_4_FISHWAY,V15_4_FISHWAY_I,V15_10_ALL,CONCRETE,V15_10_ALL,"-49.850000000,-308.876782400,3064.633803000;-49.600000000,-307.877912800,3066.681338000",NEGATIVE_VOLUME
3516,V15_4_FISHWAY,V15_4_FISHWAY_I,V15_10_ALL,CONCRETE,V15_10_ALL,"-49.850000000,-309.875651900,3064.681338000;-49.600000000,-308.876782400,3066.728873000",NEGATIVE_VOLUME
3517,V15_4_FISHWAY,V15_4_FISHWAY_I,V15_10_ALL,CONCRETE,V15_10_ALL,"-49.850000000,-310.874521500,3064.728873000;-49.600000000,-309.875651900,3066.776408000",NEGATIVE_VOLUME
3518,V15_4_FISHWAY,V15_4_FISHWAY_I,V15_10_ALL,CONCRETE,V15_10_ALL,"-49.850000000,-311.873391000,3064.776408000;-49.600000000,-310.874521500,3066.823944000",NEGATIVE_VOLUME
3519,V15_4_FISHWAY,V15_4_FISHWAY_I,V15_10_ALL,CONCRETE,V15_10_ALL,"-49.850000000,-312.872260600,3064.823944000;-49.600000000,-311.873391000,3066.871479000",NEGATIVE_VOLUME
3520,V15_4_FISHWAY,V15_4_FISHWAY_I,V15_10_ALL,CONCRETE,V15_10_ALL,"-49.850000000,-313.871130200,3064.871479000;-49.600000000,-312.872260600,3066.919014000",NEGATIVE_VOLUME
3521,V15_4_FISHWAY,V15_4_FISHWAY_I,V15_10_ALL,CONCRETE,V15_10_ALL,"-49.850000000,-314.869999700,3064.919014000;-49.600000000,-313.871130200,3066.966549000",NEGATIVE_VOLUME
3522,V15_4_FISHWAY,V15_4_FISHWAY_I,V15_10_ALL,CONCRETE,V15_10_ALL,"-49.850000000,-315.868869300,3064.966549000;-49.600000000,-314.869999700,3067.014085000",NEGATIVE_VOLUME
3523,V15_4_FISHWAY,V15_4_FISHWAY_I,V15_10_ALL,CONCRETE,V15_10_ALL,"-49.850000000,-316.867738900,3065.014085000;-49.600000000,-315.868869300,3067.061620000",NEGATIVE_VOLUME
3524,V15_4_FISHWAY,V15_4_FISHWAY_I,V15_10_ALL,CONCRETE,V15_10_ALL,"-49.850000000,-317.866608400,3065.061620000;-49.600000000,-316.867738900,3067.109155000",NEGATIVE_VOLUME
3525,V15_4_FISHWAY,V15_4_FISHWAY_I,V15_10_ALL,CONCRETE,V15_10_ALL,"-49.850000000,-318.865478000,3065.109155000;-49.600000000,-317.866608400,3067.156690000",NEGATIVE_VOLUME
3526,V15_4_FISHWAY,V15_4_FISHWAY_I,V15_10_ALL,CONCRETE,V15_10_ALL,"-49.850000000,-319.864347500,3065.156690000;-49.600000000,-318.865478000,3067.204225000",NEGATIVE_VOLUME
3527,V15_4_FISHWAY,V15_4_FISHWAY_I,V15_10_ALL,CONCRETE,V15_10_ALL,"-49.850000000,-320.863217100,3065.204225000;-49.600000000,-319.864347500,3067.251761000",NEGATIVE_VOLUME
3528,V15_4_FISHWAY,V15_4_FISHWAY_I,V15_10_ALL,CONCRETE,V15_10_ALL,"-49.850000000,-321.862086700,3065.251761000;-49.600000000,-320.863217100,3067.299296000",NEGATIVE_VOLUME
3529,V15_4_FISHWAY,V15_4_FISHWAY_I,V15_10_ALL,CONCRETE,V15_10_ALL,"-49.850000000,-322.860956200,3065.299296000;-49.600000000,-321.862086700,3067.346831000",NEGATIVE_VOLUME
3530,V15_4_FISHWAY,V15_4_FISHWAY_I,V15_10_ALL,CONCRETE,V15_10_ALL,"-49.850000000,-323.859825800,3065.346831000;-49.600000000,-322.860956200,3067.394366000",NEGATIVE_VOLUME
3531,V15_4_FISHWAY,V15_4_FISHWAY_I,V15_10_ALL,CONCRETE,V15_10_ALL,"-49.850000000,-324.858695400,3065.394366000;-49.600000000,-323.859825800,3067.441901000",NEGATIVE_VOLUME
3532,V15_4_FISHWAY,V15_4_FISHWAY_I,V15_10_ALL,CONCRETE,V15_10_ALL,"-49.850000000,-325.857564900,3065.441901000;-49.600000000,-324.858695400,3067.489437000",NEGATIVE_VOLUME
3533,V15_4_FISHWAY,V15_4_FISHWAY_I,V15_10_ALL,CONCRETE,V15_10_ALL,"-49.850000000,-326.856434500,3065.489437000;-49.600000000,-325.857564900,3067.536972000",NEGATIVE_VOLUME
3534,V15_4_FISHWAY,V15_4_FISHWAY_I,V15_10_ALL,CONCRETE,V15_10_ALL,"-49.850000000,-327.855304100,3065.536972000;-49.600000000,-326.856434500,3067.584507000",NEGATIVE_VOLUME
3535,V15_4_FISHWAY,V15_4_FISHWAY_I,V15_10_ALL,CONCRETE,V15_10_ALL,"-49.850000000,-328.854173600,3065.584507000;-49.600000000,-327.855304100,3067.632042000",NEGATIVE_VOLUME
3536,V15_4_FISHWAY,V15_4_FISHWAY_I,V15_10_ALL,CONCRETE,V15_10_ALL,"-49.850000000,-329.853043200,3065.632042000;-49.600000000,-328.854173600,3067.679577000",NEGATIVE_VOLUME
3537,V15_4_FISHWAY,V15_4_FISHWAY_I,V15_10_ALL,CONCRETE,V15_10_ALL,"-49.850000000,-330.851912700,3065.679577000;-49.600000000,-329.853043200,3067.727113000",NEGATIVE_VOLUME
3538,V15_4_FISHWAY,V15_4_FISHWAY_I,V15_10_ALL,CONCRETE,V15_10_ALL,"-49.850000000,-331.850782300,3065.727113000;-49.600000000,-330.851912700,3067.774648000",NEGATIVE_VOLUME
3539,V15_4_FISHWAY,V15_4_FISHWAY_I,V15_10_ALL,CONCRETE,V15_10_ALL,"-49.850000000,-332.849651900,3065.774648000;-49.600000000,-331.850782300,3067.822183000",NEGATIVE_VOLUME
3540,V15_4_FISHWAY,V15_4_FISHWAY_I,V15_10_ALL,CONCRETE,V15_10_ALL,"-49.850000000,-333.848521400,3065.822183000;-49.600000000,-332.849651900,3067.869718000",NEGATIVE_VOLUME
3541,V15_4_FISHWAY,V15_4_FISHWAY_I,V15_10_ALL,CONCRETE,V15_10_ALL,"-49.850000000,-334.847391000,3065.869718000;-49.600000000,-333.848521400,3067.917254000",NEGATIVE_VOLUME
3542,V15_4_FISHWAY,V15_4_FISHWAY_I,V15_10_ALL,CONCRETE,V15_10_ALL,"-49.850000000,-335.846260600,3065.917254000;-49.600000000,-334.847391000,3067.964789000",NEGATIVE_VOLUME
3543,V15_4_FISHWAY,V15_4_FISHWAY_I,V15_10_ALL,CONCRETE,V15_10_ALL,"-49.850000000,-336.845130100,3065.964789000;-49.600000000,-335.846260600,3068.012324000",NEGATIVE_VOLUME
3544,V15_4_FISHWAY,V15_4_FISHWAY_I,V15_10_ALL,CONCRETE,V15_10_ALL,"-49.850000000,-337.843999700,3066.012324000;-49.600000000,-336.845130100,3068.059859000",NEGATIVE_VOLUME
3545,V15_4_FISHWAY,V15_4_FISHWAY_I,V15_10_ALL,CONCRETE,V15_10_ALL,"-49.850000000,-338.842869200,3066.059859000;-49.600000000,-337.843999700,3068.107394000",NEGATIVE_VOLUME
3546,V15_4_FISHWAY,V15_4_FISHWAY_I,V15_10_ALL,CONCRETE,V15_10_ALL,"-49.850000000,-339.841738800,3066.107394000;-49.600000000,-338.842869200,3068.154930000",NEGATIVE_VOLUME
3547,V15_4_FISHWAY,V15_4_FISHWAY_I,V15_10_ALL,CONCRETE,V15_10_ALL,"-49.850000000,-340.840608400,3066.154930000;-49.600000000,-339.841738800,3068.202465000",NEGATIVE_VOLUME
3548,V15_4_FISHWAY,V15_4_FISHWAY_I,V15_10_ALL,CONCRETE,V15_10_ALL,"-49.850000000,-341.839477900,3066.202465000;-49.600000000,-340.840608400,3068.250000000",NEGATIVE_VOLUME
3549,V15_4_FISHWAY,V15_4_FISHWAY_I,V15_10_ALL,CONCRETE,V15_10_ALL,"-49.850000000,-342.838347500,3066.250000000;-49.600000000,-341.839477900,3068.297535000",NEGATIVE_VOLUME
3550,V15_4_FISHWAY,V15_4_FISHWAY_I,V15_10_ALL,CONCRETE,V15_10_ALL,"-49.850000000,-343.837217100,3066.297535000;-49.600000000,-342.838347500,3068.345070000",NEGATIVE_VOLUME
3551,V15_4_FISHWAY,V15_4_FISHWAY_I,V15_10_ALL,CONCRETE,V15_10_ALL,"-49.850000000,-344.836086600,3066.345070000;-49.600000000,-343.837217100,3068.392606000",NEGATIVE_VOLUME
3552,V15_4_FISHWAY,V15_4_FISHWAY_I,V15_10_ALL,CONCRETE,V15_10_ALL,"-49.850000000,-345.834956200,3066.392606000;-49.600000000,-344.836086600,3068.440141000",NEGATIVE_VOLUME
3553,V15_4_FISHWAY,V15_4_FISHWAY_I,V15_10_ALL,CONCRETE,V15_10_ALL,"-49.850000000,-346.833825700,3066.440141000;-49.600000000,-345.834956200,3068.487676000",NEGATIVE_VOLUME
3554,V15_4_FISHWAY,V15_4_FISHWAY_I,V15_10_ALL,CONCRETE,V15_10_ALL,"-49.850000000,-347.832695300,3066.487676000;-49.600000000,-346.833825700,3068.535211000",NEGATIVE_VOLUME
3555,V15_4_FISHWAY,V15_4_FISHWAY_I,V15_10_ALL,CONCRETE,V15_10_ALL,"-49.850000000,-348.831564900,3066.535211000;-49.600000000,-347.832695300,3068.582746000",NEGATIVE_VOLUME
3556,V15_4_FISHWAY,V15_4_FISHWAY_I,V15_10_ALL,CONCRETE,V15_10_ALL,"-49.850000000,-349.830434400,3066.582746000;-49.600000000,-348.831564900,3068.630282000",NEGATIVE_VOLUME
3557,V15_4_FISHWAY,V15_4_FISHWAY_I,V15_10_ALL,CONCRETE,V15_10_ALL,"-49.850000000,-350.829304000,3066.630282000;-49.600000000,-349.830434400,3068.677817000",NEGATIVE_VOLUME
3558,V15_4_FISHWAY,V15_4_FISHWAY_I,V15_10_ALL,CONCRETE,V15_10_ALL,"-49.850000000,-351.828173600,3066.677817000;-49.600000000,-350.829304000,3068.725352000",NEGATIVE_VOLUME
3559,V15_4_FISHWAY,V15_4_FISHWAY_I,V15_10_ALL,CONCRETE,V15_10_ALL,"-49.850000000,-352.827043100,3066.725352000;-49.600000000,-351.828173600,3068.772887000",NEGATIVE_VOLUME
3560,V15_4_FISHWAY,V15_4_FISHWAY_I,V15_10_ALL,CONCRETE,V15_10_ALL,"-49.850000000,-353.825912700,3066.772887000;-49.600000000,-352.827043100,3068.820423000",NEGATIVE_VOLUME
3561,V15_4_FISHWAY,V15_4_FISHWAY_I,V15_10_ALL,CONCRETE,V15_10_ALL,"-49.850000000,-354.824782200,3066.820423000;-49.600000000,-353.825912700,3068.867958000",NEGATIVE_VOLUME
3562,V15_4_FISHWAY,V15_4_FISHWAY_I,V15_10_ALL,CONCRETE,V15_10_ALL,"-49.850000000,-355.823651800,3066.867958000;-49.600000000,-354.824782200,3068.915493000",NEGATIVE_VOLUME
3563,V15_4_FISHWAY,V15_4_FISHWAY_I,V15_10_ALL,CONCRETE,V15_10_ALL,"-49.850000000,-356.822521400,3066.915493000;-49.600000000,-355.823651800,3068.963028000",NEGATIVE_VOLUME
3564,V15_4_FISHWAY,V15_4_FISHWAY_I,V15_10_ALL,CONCRETE,V15_10_ALL,"-49.850000000,-357.821390900,3066.963028000;-49.600000000,-356.822521400,3069.010563000",NEGATIVE_VOLUME
3565,V15_4_FISHWAY,V15_4_FISHWAY_I,V15_10_ALL,CONCRETE,V15_10_ALL,"-49.850000000,-358.820260500,3067.010563000;-49.600000000,-357.821390900,3069.058099000",NEGATIVE_VOLUME
3566,V15_4_FISHWAY,V15_4_FISHWAY_I,V15_10_ALL,CONCRETE,V15_10_ALL,"-49.850000000,-359.819130100,3067.058099000;-49.600000000,-358.820260500,3069.105634000",NEGATIVE_VOLUME
3567,V15_4_FISHWAY,V15_4_FISHWAY_I,V15_10_ALL,CONCRETE,V15_10_ALL,"-49.850000000,-360.817999600,3067.105634000;-49.600000000,-359.819130100,3069.153169000",NEGATIVE_VOLUME
3568,V15_4_FISHWAY,V15_4_FISHWAY_I,V15_10_ALL,CONCRETE,V15_10_ALL,"-49.850000000,-361.816869200,3067.153169000;-49.600000000,-360.817999600,3069.200704000",NEGATIVE_VOLUME
3569,V15_4_FISHWAY,V15_4_FISHWAY_I,V15_10_ALL,CONCRETE,V15_10_ALL,"-49.850000000,-362.815738800,3067.200704000;-49.600000000,-361.816869200,3069.248239000",NEGATIVE_VOLUME
3570,V15_4_FISHWAY,V15_4_FISHWAY_I,V15_10_ALL,CONCRETE,V15_10_ALL,"-49.850000000,-363.814608300,3067.248239000;-49.600000000,-362.815738800,3069.295775000",NEGATIVE_VOLUME
3571,V15_4_FISHWAY,V15_4_FISHWAY_I,V15_10_ALL,CONCRETE,V15_10_ALL,"-49.850000000,-364.813477900,3067.295775000;-49.600000000,-363.814608300,3069.343310000",NEGATIVE_VOLUME
3572,V15_4_FISHWAY,V15_4_FISHWAY_I,V15_10_ALL,CONCRETE,V15_10_ALL,"-49.850000000,-365.812347400,3067.343310000;-49.600000000,-364.813477900,3069.390845000",NEGATIVE_VOLUME
3573,V15_4_FISHWAY,V15_4_FISHWAY_I,V15_10_ALL,CONCRETE,V15_10_ALL,"-49.850000000,-366.811217000,3067.390845000;-49.600000000,-365.812347400,3069.438380000",NEGATIVE_VOLUME
3574,V15_4_FISHWAY,V15_4_FISHWAY_I,V15_10_ALL,CONCRETE,V15_10_ALL,"-49.850000000,-367.810086600,3067.438380000;-49.600000000,-366.811217000,3069.485915000",NEGATIVE_VOLUME
3575,V15_4_FISHWAY,V15_4_FISHWAY_I,V15_10_ALL,CONCRETE,V15_10_ALL,"-49.850000000,-368.808956100,3067.485915000;-49.600000000,-367.810086600,3069.533451000",NEGATIVE_VOLUME
3576,V15_4_FISHWAY,V15_4_FISHWAY_I,V15_10_ALL,CONCRETE,V15_10_ALL,"-49.850000000,-369.807825700,3067.533451000;-49.600000000,-368.808956100,3069.580986000",NEGATIVE_VOLUME
3577,V15_4_FISHWAY,V15_4_FISHWAY_I,V15_10_ALL,CONCRETE,V15_10_ALL,"-49.850000000,-370.806695300,3067.580986000;-49.600000000,-369.807825700,3069.628521000",NEGATIVE_VOLUME
3578,V15_4_FISHWAY,V15_4_FISHWAY_I,V15_10_ALL,CONCRETE,V15_10_ALL,"-49.850000000,-371.805564800,3067.628521000;-49.600000000,-370.806695300,3069.676056000",NEGATIVE_VOLUME
3579,V15_4_FISHWAY,V15_4_FISHWAY_I,V15_10_ALL,CONCRETE,V15_10_ALL,"-49.850000000,-372.804434400,3067.676056000;-49.600000000,-371.805564800,3069.723592000",NEGATIVE_VOLUME
3580,V15_4_FISHWAY,V15_4_FISHWAY_I,V15_10_ALL,CONCRETE,V15_10_ALL,"-49.850000000,-373.803303900,3067.723592000;-49.600000000,-372.804434400,3069.771127000",NEGATIVE_VOLUME
3581,V15_4_FISHWAY,V15_4_FISHWAY_I,V15_10_ALL,CONCRETE,V15_10_ALL,"-49.850000000,-374.802173500,3067.771127000;-49.600000000,-373.803303900,3069.818662000",NEGATIVE_VOLUME
3582,V15_4_FISHWAY,V15_4_FISHWAY_I,V15_10_ALL,CONCRETE,V15_10_ALL,"-49.850000000,-375.801043100,3067.818662000;-49.600000000,-374.802173500,3069.866197000",NEGATIVE_VOLUME
3583,V15_4_FISHWAY,V15_4_FISHWAY_I,V15_10_ALL,CONCRETE,V15_10_ALL,"-49.850000000,-376.799912600,3067.866197000;-49.600000000,-375.801043100,3069.913732000",NEGATIVE_VOLUME
3584,V15_4_FISHWAY,V15_4_FISHWAY_I,V15_10_ALL,CONCRETE,V15_10_ALL,"-49.850000000,-377.798782200,3067.913732000;-49.600000000,-376.799912600,3069.961268000",NEGATIVE_VOLUME
3585,V15_4_FISHWAY,V15_4_FISHWAY_I,V15_10_ALL,CONCRETE,V15_10_ALL,"-49.850000000,-378.797651800,3067.961268000;-49.600000000,-377.798782200,3070.008803000",NEGATIVE_VOLUME
3586,V15_4_FISHWAY,V15_4_FISHWAY_I,V15_10_ALL,CONCRETE,V15_10_ALL,"-49.850000000,-379.796521300,3068.008803000;-49.600000000,-378.797651800,3070.056338000",NEGATIVE_VOLUME
3587,V15_4_FISHWAY,V15_4_FISHWAY_I,V15_10_ALL,CONCRETE,V15_10_ALL,"-49.850000000,-380.795390900,3068.056338000;-49.600000000,-379.796521300,3070.103873000",NEGATIVE_VOLUME
3588,V15_4_FISHWAY,V15_4_FISHWAY_I,V15_10_ALL,CONCRETE,V15_10_ALL,"-49.850000000,-381.794260400,3068.103873000;-49.600000000,-380.795390900,3070.151408000",NEGATIVE_VOLUME
3589,V15_4_FISHWAY,V15_4_FISHWAY_I,V15_10_ALL,CONCRETE,V15_10_ALL,"-49.850000000,-382.793130000,3068.151408000;-49.600000000,-381.794260400,3070.198944000",NEGATIVE_VOLUME
3590,V15_4_FISHWAY,V15_4_FISHWAY_I,V15_10_ALL,CONCRETE,V15_10_ALL,"-49.850000000,-383.791999600,3068.198944000;-49.600000000,-382.793130000,3070.246479000",NEGATIVE_VOLUME
3591,V15_4_FISHWAY,V15_4_FISHWAY_I,V15_10_ALL,CONCRETE,V15_10_ALL,"-49.850000000,-384.790869100,3068.246479000;-49.600000000,-383.791999600,3070.294014000",NEGATIVE_VOLUME
3592,V15_4_FISHWAY,V15_4_FISHWAY_I,V15_10_ALL,CONCRETE,V15_10_ALL,"-49.850000000,-385.789738700,3068.294014000;-49.600000000,-384.790869100,3070.341549000",NEGATIVE_VOLUME
3593,V15_4_FISHWAY,V15_4_FISHWAY_I,V15_10_ALL,CONCRETE,V15_10_ALL,"-49.850000000,-386.788608300,3068.341549000;-49.600000000,-385.789738700,3070.389085000",NEGATIVE_VOLUME
3594,V15_4_FISHWAY,V15_4_FISHWAY_I,V15_10_ALL,CONCRETE,V15_10_ALL,"-49.850000000,-387.787477800,3068.389085000;-49.600000000,-386.788608300,3070.436620000",NEGATIVE_VOLUME
3595,V15_4_FISHWAY,V15_4_FISHWAY_I,V15_10_ALL,CONCRETE,V15_10_ALL,"-49.850000000,-388.786347400,3068.436620000;-49.600000000,-387.787477800,3070.484155000",NEGATIVE_VOLUME
3596,V15_4_FISHWAY,V15_4_FISHWAY_I,V15_10_ALL,CONCRETE,V15_10_ALL,"-49.850000000,-389.785217000,3068.484155000;-49.600000000,-388.786347400,3070.531690000",NEGATIVE_VOLUME
3597,V15_4_FISHWAY,V15_4_FISHWAY_I,V15_10_ALL,CONCRETE,V15_10_ALL,"-49.850000000,-390.784086500,3068.531690000;-49.600000000,-389.785217000,3070.579225000",NEGATIVE_VOLUME
3598,V15_4_FISHWAY,V15_4_FISHWAY_I,V15_10_ALL,CONCRETE,V15_10_ALL,"-49.850000000,-391.782956100,3068.579225000;-49.600000000,-390.784086500,3070.626761000",NEGATIVE_VOLUME
3599,V15_4_FISHWAY,V15_4_FISHWAY_I,V15_10_ALL,CONCRETE,V15_10_ALL,"-49.850000000,-392.781825600,3068.626761000;-49.600000000,-391.782956100,3070.674296000",NEGATIVE_VOLUME
3600,V15_4_FISHWAY,V15_4_FISHWAY_I,V15_10_ALL,CONCRETE,V15_10_ALL,"-49.850000000,-393.780695200,3068.674296000;-49.600000000,-392.781825600,3070.721831000",NEGATIVE_VOLUME
3601,V15_4_FISHWAY,V15_4_FISHWAY_I,V15_10_ALL,CONCRETE,V15_10_ALL,"-49.850000000,-394.779564800,3068.721831000;-49.600000000,-393.780695200,3070.769366000",NEGATIVE_VOLUME
3602,V15_4_FISHWAY,V15_4_FISHWAY_I,V15_10_ALL,CONCRETE,V15_10_ALL,"-49.850000000,-395.778434300,3068.769366000;-49.600000000,-394.779564800,3070.816901000",NEGATIVE_VOLUME
3603,V15_4_FISHWAY,V15_4_FISHWAY_I,V15_10_ALL,CONCRETE,V15_10_ALL,"-49.850000000,-396.777303900,3068.816901000;-49.600000000,-395.778434300,3070.864437000",NEGATIVE_VOLUME
3604,V15_4_FISHWAY,V15_4_FISHWAY_I,V15_10_ALL,CONCRETE,V15_10_ALL,"-49.850000000,-397.776173500,3068.864437000;-49.600000000,-396.777303900,3070.911972000",NEGATIVE_VOLUME
3605,V15_4_FISHWAY,V15_4_FISHWAY_I,V15_10_ALL,CONCRETE,V15_10_ALL,"-49.850000000,-398.775043000,3068.911972000;-49.600000000,-397.776173500,3070.959507000",NEGATIVE_VOLUME
3606,V15_4_FISHWAY,V15_4_FISHWAY_I,V15_10_ALL,CONCRETE,V15_10_ALL,"-49.850000000,-399.773912600,3068.959507000;-49.600000000,-398.775043000,3071.007042000",NEGATIVE_VOLUME
3607,V15_4_FISHWAY,V15_4_FISHWAY_I,V15_10_ALL,CONCRETE,V15_10_ALL,"-49.850000000,-400.772782100,3069.007042000;-49.600000000,-399.773912600,3071.054577000",NEGATIVE_VOLUME
3608,V15_4_FISHWAY,V15_4_FISHWAY_I,V15_10_ALL,CONCRETE,V15_10_ALL,"-49.850000000,-401.771651700,3069.054577000;-49.600000000,-400.772782100,3071.102113000",NEGATIVE_VOLUME
3609,V15_4_FISHWAY,V15_4_FISHWAY_I,V15_10_ALL,CONCRETE,V15_10_ALL,"-49.850000000,-402.770521300,3069.102113000;-49.600000000,-401.771651700,3071.149648000",NEGATIVE_VOLUME
3610,V15_4_FISHWAY,V15_4_FISHWAY_I,V15_10_ALL,CONCRETE,V15_10_ALL,"-49.850000000,-403.769390800,3069.149648000;-49.600000000,-402.770521300,3071.197183000",NEGATIVE_VOLUME
3611,V15_4_FISHWAY,V15_4_FISHWAY_I,V15_10_ALL,CONCRETE,V15_10_ALL,"-49.850000000,-404.768260400,3069.197183000;-49.600000000,-403.769390800,3071.244718000",NEGATIVE_VOLUME
3612,V15_4_FISHWAY,V15_4_FISHWAY_I,V15_10_ALL,CONCRETE,V15_10_ALL,"-49.850000000,-405.767130000,3069.244718000;-49.600000000,-404.768260400,3071.292254000",NEGATIVE_VOLUME
3613,V15_4_FISHWAY,V15_4_FISHWAY_I,V15_10_ALL,CONCRETE,V15_10_ALL,"-49.850000000,-406.765999500,3069.292254000;-49.600000000,-405.767130000,3071.339789000",NEGATIVE_VOLUME
3614,V15_4_FISHWAY,V15_4_FISHWAY_I,V15_10_ALL,CONCRETE,V15_10_ALL,"-49.850000000,-407.764869100,3069.339789000;-49.600000000,-406.765999500,3071.387324000",NEGATIVE_VOLUME
3615,V15_4_FISHWAY,V15_4_FISHWAY_I,V15_10_ALL,CONCRETE,V15_10_ALL,"-49.850000000,-408.763738600,3069.387324000;-49.600000000,-407.764869100,3071.434859000",NEGATIVE_VOLUME
3616,V15_4_FISHWAY,V15_4_FISHWAY_I,V15_10_ALL,CONCRETE,V15_10_ALL,"-49.850000000,-409.762608200,3069.434859000;-49.600000000,-408.763738600,3071.482394000",NEGATIVE_VOLUME
3617,V15_4_FISHWAY,V15_4_FISHWAY_I,V15_10_ALL,CONCRETE,V15_10_ALL,"-49.850000000,-410.761477800,3069.482394000;-49.600000000,-409.762608200,3071.529930000",NEGATIVE_VOLUME
3618,V15_4_FISHWAY,V15_4_FISHWAY_I,V15_10_ALL,CONCRETE,V15_10_ALL,"-49.850000000,-411.760347300,3069.529930000;-49.600000000,-410.761477800,3071.577465000",NEGATIVE_VOLUME
3619,V15_4_FISHWAY,V15_4_FISHWAY_I,V15_10_ALL,CONCRETE,V15_10_ALL,"-49.850000000,-412.759216900,3069.577465000;-49.600000000,-411.760347300,3071.625000000",NEGATIVE_VOLUME
3620,V15_4_FISHWAY,V15_4_FISHWAY_I,V15_10_ALL,CONCRETE,V15_10_ALL,"-49.850000000,-413.758086500,3069.625000000;-49.600000000,-412.759216900,3071.672535000",NEGATIVE_VOLUME
3621,V15_4_FISHWAY,V15_4_FISHWAY_I,V15_10_ALL,CONCRETE,V15_10_ALL,"-49.850000000,-414.756956000,3069.672535000;-49.600000000,-413.758086500,3071.720070000",NEGATIVE_VOLUME
3622,V15_4_FISHWAY,V15_4_FISHWAY_I,V15_10_ALL,CONCRETE,V15_10_ALL,"-49.850000000,-415.755825600,3069.720070000;-49.600000000,-414.756956000,3071.767606000",NEGATIVE_VOLUME
3623,V15_4_FISHWAY,V15_4_FISHWAY_I,V15_10_ALL,CONCRETE,V15_10_ALL,"-49.850000000,-416.754695100,3069.767606000;-49.600000000,-415.755825600,3071.815141000",NEGATIVE_VOLUME
3624,V15_4_FISHWAY,V15_4_FISHWAY_I,V15_10_ALL,CONCRETE,V15_10_ALL,"-49.850000000,-417.753564700,3069.815141000;-49.600000000,-416.754695100,3071.862676000",NEGATIVE_VOLUME
3625,V15_4_FISHWAY,V15_4_FISHWAY_I,V15_10_ALL,CONCRETE,V15_10_ALL,"-49.850000000,-418.752434300,3069.862676000;-49.600000000,-417.753564700,3071.910211000",NEGATIVE_VOLUME
3626,V15_4_FISHWAY,V15_4_FISHWAY_I,V15_10_ALL,CONCRETE,V15_10_ALL,"-49.850000000,-419.751303800,3069.910211000;-49.600000000,-418.752434300,3071.957746000",NEGATIVE_VOLUME
3627,V15_4_FISHWAY,V15_4_FISHWAY_I,V15_10_ALL,CONCRETE,V15_10_ALL,"-49.850000000,-420.750173400,3069.957746000;-49.600000000,-419.751303800,3072.005282000",NEGATIVE_VOLUME
3628,V15_4_FISHWAY,V15_4_FISHWAY_I,V15_10_ALL,CONCRETE,V15_10_ALL,"-49.850000000,-421.749043000,3070.005282000;-49.600000000,-420.750173400,3072.052817000",NEGATIVE_VOLUME
3629,V15_4_FISHWAY,V15_4_FISHWAY_I,V15_10_ALL,CONCRETE,V15_10_ALL,"-49.850000000,-422.747912500,3070.052817000;-49.600000000,-421.749043000,3072.100352000",NEGATIVE_VOLUME
3630,V15_4_FISHWAY,V15_4_FISHWAY_I,V15_10_ALL,CONCRETE,V15_10_ALL,"-49.850000000,-423.746782100,3070.100352000;-49.600000000,-422.747912500,3072.147887000",NEGATIVE_VOLUME
3631,V15_4_FISHWAY,V15_4_FISHWAY_I,V15_10_ALL,CONCRETE,V15_10_ALL,"-49.850000000,-424.745651700,3070.147887000;-49.600000000,-423.746782100,3072.195423000",NEGATIVE_VOLUME
3632,V15_4_FISHWAY,V15_4_FISHWAY_I,V15_10_ALL,CONCRETE,V15_10_ALL,"-49.850000000,-425.744521200,3070.195423000;-49.600000000,-424.745651700,3072.242958000",NEGATIVE_VOLUME
3633,V15_4_FISHWAY,V15_4_FISHWAY_I,V15_10_ALL,CONCRETE,V15_10_ALL,"-49.850000000,-426.743390800,3070.242958000;-49.600000000,-425.744521200,3072.290493000",NEGATIVE_VOLUME
3634,V15_4_FISHWAY,V15_4_FISHWAY_I,V15_10_ALL,CONCRETE,V15_10_ALL,"-49.850000000,-427.742260300,3070.290493000;-49.600000000,-426.743390800,3072.338028000",NEGATIVE_VOLUME
3635,V15_4_FISHWAY,V15_4_FISHWAY_I,V15_10_ALL,CONCRETE,V15_10_ALL,"-49.850000000,-428.741129900,3070.338028000;-49.600000000,-427.742260300,3072.385563000",NEGATIVE_VOLUME
3636,V15_4_FISHWAY,V15_4_FISHWAY_I,V15_10_ALL,CONCRETE,V15_10_ALL,"-49.850000000,-429.739999500,3070.385563000;-49.600000000,-428.741129900,3072.433099000",NEGATIVE_VOLUME
3637,V15_4_FISHWAY,V15_4_FISHWAY_I,V15_10_ALL,CONCRETE,V15_10_ALL,"-49.850000000,-430.738869000,3070.433099000;-49.600000000,-429.739999500,3072.480634000",NEGATIVE_VOLUME
3638,V15_4_FISHWAY,V15_4_FISHWAY_I,V15_10_ALL,CONCRETE,V15_10_ALL,"-49.850000000,-431.737738600,3070.480634000;-49.600000000,-430.738869000,3072.528169000",NEGATIVE_VOLUME
3639,V15_4_FISHWAY,V15_4_FISHWAY_I,V15_10_ALL,CONCRETE,V15_10_ALL,"-49.850000000,-432.736608200,3070.528169000;-49.600000000,-431.737738600,3072.575704000",NEGATIVE_VOLUME
3640,V15_4_FISHWAY,V15_4_FISHWAY_I,V15_10_ALL,CONCRETE,V15_10_ALL,"-49.850000000,-433.735477700,3070.575704000;-49.600000000,-432.736608200,3072.623239000",NEGATIVE_VOLUME
3641,V15_4_FISHWAY,V15_4_FISHWAY_I,V15_10_ALL,CONCRETE,V15_10_ALL,"-49.850000000,-434.734347300,3070.623239000;-49.600000000,-433.735477700,3072.670775000",NEGATIVE_VOLUME
3642,V15_4_FISHWAY,V15_4_FISHWAY_I,V15_10_ALL,CONCRETE,V15_10_ALL,"-49.850000000,-435.733216800,3070.670775000;-49.600000000,-434.734347300,3072.718310000",NEGATIVE_VOLUME
3643,V15_4_FISHWAY,V15_4_FISHWAY_I,V15_10_ALL,CONCRETE,V15_10_ALL,"-49.850000000,-436.732086400,3070.718310000;-49.600000000,-435.733216800,3072.765845000",NEGATIVE_VOLUME
3644,V15_4_FISHWAY,V15_4_FISHWAY_I,V15_10_ALL,CONCRETE,V15_10_ALL,"-49.850000000,-437.730956000,3070.765845000;-49.600000000,-436.732086400,3072.813380000",NEGATIVE_VOLUME
3645,V15_4_FISHWAY,V15_4_FISHWAY_I,V15_10_ALL,CONCRETE,V15_10_ALL,"-49.850000000,-438.729825500,3070.813380000;-49.600000000,-437.730956000,3072.860915000",NEGATIVE_VOLUME
3646,V15_4_FISHWAY,V15_4_FISHWAY_I,V15_10_ALL,CONCRETE,V15_10_ALL,"-49.850000000,-439.728695100,3070.860915000;-49.600000000,-438.729825500,3072.908451000",NEGATIVE_VOLUME
3647,V15_4_FISHWAY,V15_4_FISHWAY_I,V15_10_ALL,CONCRETE,V15_10_ALL,"-49.850000000,-440.727564700,3070.908451000;-49.600000000,-439.728695100,3072.955986000",NEGATIVE_VOLUME
3648,V15_4_FISHWAY,V15_4_FISHWAY_I,V15_10_ALL,CONCRETE,V15_10_ALL,"-49.850000000,-441.726434200,3070.955986000;-49.600000000,-440.727564700,3073.003521000",NEGATIVE_VOLUME
3649,V15_4_FISHWAY,V15_4_FISHWAY_I,V15_10_ALL,CONCRETE,V15_10_ALL,"-49.850000000,-442.725303800,3071.003521000;-49.600000000,-441.726434200,3073.051056000",NEGATIVE_VOLUME
3650,V15_4_FISHWAY,V15_4_FISHWAY_I,V15_10_ALL,CONCRETE,V15_10_ALL,"-49.850000000,-443.724173300,3071.051056000;-49.600000000,-442.725303800,3073.098592000",NEGATIVE_VOLUME
3651,V15_4_FISHWAY,V15_4_FISHWAY_I,V15_10_ALL,CONCRETE,V15_10_ALL,"-49.850000000,-444.723042900,3071.098592000;-49.600000000,-443.724173300,3073.146127000",NEGATIVE_VOLUME
3652,V15_4_FISHWAY,V15_4_FISHWAY_I,V15_10_ALL,CONCRETE,V15_10_ALL,"-49.850000000,-445.721912500,3071.146127000;-49.600000000,-444.723042900,3073.193662000",NEGATIVE_VOLUME
3653,V15_4_FISHWAY,V15_4_FISHWAY_I,V15_10_ALL,CONCRETE,V15_10_ALL,"-49.850000000,-446.720782000,3071.193662000;-49.600000000,-445.721912500,3073.241197000",NEGATIVE_VOLUME
3654,V15_4_FISHWAY,V15_4_FISHWAY_I,V15_10_ALL,CONCRETE,V15_10_ALL,"-49.850000000,-447.719651600,3071.241197000;-49.600000000,-446.720782000,3073.288732000",NEGATIVE_VOLUME
3655,V15_4_FISHWAY,V15_4_FISHWAY_I,V15_10_ALL,CONCRETE,V15_10_ALL,"-49.850000000,-448.718521200,3071.288732000;-49.600000000,-447.719651600,3073.336268000",NEGATIVE_VOLUME
3656,V15_4_FISHWAY,V15_4_FISHWAY_I,V15_10_ALL,CONCRETE,V15_10_ALL,"-49.850000000,-449.717390700,3071.336268000;-49.600000000,-448.718521200,3073.383803000",NEGATIVE_VOLUME
3657,V15_4_FISHWAY,V15_4_FISHWAY_I,V15_10_ALL,CONCRETE,V15_10_ALL,"-49.850000000,-450.716260300,3071.383803000;-49.600000000,-449.717390700,3073.431338000",NEGATIVE_VOLUME
3658,V15_4_FISHWAY,V15_4_FISHWAY_I,V15_10_ALL,CONCRETE,V15_10_ALL,"-49.850000000,-451.715129900,3071.431338000;-49.600000000,-450.716260300,3073.478873000",NEGATIVE_VOLUME
3659,V15_4_FISHWAY,V15_4_FISHWAY_I,V15_10_ALL,CONCRETE,V15_10_ALL,"-49.850000000,-452.713999400,3071.478873000;-49.600000000,-451.715129900,3073.526408000",NEGATIVE_VOLUME
3660,V15_4_FISHWAY,V15_4_FISHWAY_I,V15_10_ALL,CONCRETE,V15_10_ALL,"-49.850000000,-453.712869000,3071.526408000;-49.600000000,-452.713999400,3073.573944000",NEGATIVE_VOLUME
3661,V15_4_FISHWAY,V15_4_FISHWAY_I,V15_10_ALL,CONCRETE,V15_10_ALL,"-49.850000000,-454.711738500,3071.573944000;-49.600000000,-453.712869000,3073.621479000",NEGATIVE_VOLUME
3662,V15_4_FISHWAY,V15_4_FISHWAY_I,V15_10_ALL,CONCRETE,V15_10_ALL,"-49.850000000,-455.710608100,3071.621479000;-49.600000000,-454.711738500,3073.669014000",NEGATIVE_VOLUME
3663,V15_4_FISHWAY,V15_4_FISHWAY_I,V15_10_ALL,CONCRETE,V15_10_ALL,"-49.850000000,-456.709477700,3071.669014000;-49.600000000,-455.710608100,3073.716549000",NEGATIVE_VOLUME
3664,V15_4_FISHWAY,V15_4_FISHWAY_I,V15_10_ALL,CONCRETE,V15_10_ALL,"-49.850000000,-457.708347200,3071.716549000;-49.600000000,-456.709477700,3073.764085000",NEGATIVE_VOLUME
3665,V15_4_FISHWAY,V15_4_FISHWAY_I,V15_10_ALL,CONCRETE,V15_10_ALL,"-49.850000000,-458.707216800,3071.764085000;-49.600000000,-457.708347200,3073.811620000",NEGATIVE_VOLUME
3666,V15_4_FISHWAY,V15_4_FISHWAY_I,V15_10_ALL,CONCRETE,V15_10_ALL,"-49.850000000,-459.706086400,3071.811620000;-49.600000000,-458.707216800,3073.859155000",NEGATIVE_VOLUME
3667,V15_4_FISHWAY,V15_4_FISHWAY_I,V15_10_ALL,CONCRETE,V15_10_ALL,"-49.850000000,-460.704955900,3071.859155000;-49.600000000,-459.706086400,3073.906690000",NEGATIVE_VOLUME
3668,V15_4_FISHWAY,V15_4_FISHWAY_I,V15_10_ALL,CONCRETE,V15_10_ALL,"-49.850000000,-461.703825500,3071.906690000;-49.600000000,-460.704955900,3073.954225000",NEGATIVE_VOLUME
3669,V15_4_FISHWAY,V15_4_FISHWAY_I,V15_10_ALL,CONCRETE,V15_10_ALL,"-49.850000000,-462.702695000,3071.954225000;-49.600000000,-461.703825500,3074.001761000",NEGATIVE_VOLUME
3670,V15_4_FISHWAY,V15_4_FISHWAY_I,V15_10_ALL,CONCRETE,V15_10_ALL,"-49.850000000,-463.701564600,3072.001761000;-49.600000000,-462.702695000,3074.049296000",NEGATIVE_VOLUME
3671,V15_4_FISHWAY,V15_4_FISHWAY_I,V15_10_ALL,CONCRETE,V15_10_ALL,"-49.850000000,-464.700434200,3072.049296000;-49.600000000,-463.701564600,3074.096831000",NEGATIVE_VOLUME
3672,V15_4_FISHWAY,V15_4_FISHWAY_I,V15_10_ALL,CONCRETE,V15_10_ALL,"-49.850000000,-465.699303700,3072.096831000;-49.600000000,-464.700434200,3074.144366000",NEGATIVE_VOLUME
3673,V15_4_FISHWAY,V15_4_FISHWAY_I,V15_10_ALL,CONCRETE,V15_10_ALL,"-49.850000000,-466.698173300,3072.144366000;-49.600000000,-465.699303700,3074.191901000",NEGATIVE_VOLUME
3674,V15_4_FISHWAY,V15_4_FISHWAY_I,V15_10_ALL,CONCRETE,V15_10_ALL,"-49.850000000,-467.697042900,3072.191901000;-49.600000000,-466.698173300,3074.239437000",NEGATIVE_VOLUME
3675,V15_4_FISHWAY,V15_4_FISHWAY_I,V15_10_ALL,CONCRETE,V15_10_ALL,"-49.850000000,-468.695912400,3072.239437000;-49.600000000,-467.697042900,3074.286972000",NEGATIVE_VOLUME
3676,V15_4_FISHWAY,V15_4_FISHWAY_I,V15_10_ALL,CONCRETE,V15_10_ALL,"-49.850000000,-469.694782000,3072.286972000;-49.600000000,-468.695912400,3074.334507000",NEGATIVE_VOLUME
3677,V15_4_FISHWAY,V15_4_FISHWAY_I,V15_10_ALL,CONCRETE,V15_10_ALL,"-49.850000000,-470.693651500,3072.334507000;-49.600000000,-469.694782000,3074.382042000",NEGATIVE_VOLUME
3678,V15_4_FISHWAY,V15_4_FISHWAY_I,V15_10_ALL,CONCRETE,V15_10_ALL,"-49.850000000,-471.692521100,3072.382042000;-49.600000000,-470.693651500,3074.429577000",NEGATIVE_VOLUME
3679,V15_4_FISHWAY,V15_4_FISHWAY_I,V15_10_ALL,CONCRETE,V15_10_ALL,"-49.850000000,-472.691390700,3072.429577000;-49.600000000,-471.692521100,3074.477113000",NEGATIVE_VOLUME
3680,V15_4_FISHWAY,V15_4_FISHWAY_I,V15_10_ALL,CONCRETE,V15_10_ALL,"-49.850000000,-473.690260200,3072.477113000;-49.600000000,-472.691390700,3074.524648000",NEGATIVE_VOLUME
3681,V15_4_FISHWAY,V15_4_FISHWAY_I,V15_10_ALL,CONCRETE,V15_10_ALL,"-49.850000000,-474.689129800,3072.524648000;-49.600000000,-473.690260200,3074.572183000",NEGATIVE_VOLUME
3682,V15_4_FISHWAY,V15_4_FISHWAY_I,V15_10_ALL,CONCRETE,V15_10_ALL,"-49.850000000,-475.687999400,3072.572183000;-49.600000000,-474.689129800,3074.619718000",NEGATIVE_VOLUME
3683,V15_4_FISHWAY,V15_4_FISHWAY_I,V15_10_ALL,CONCRETE,V15_10_ALL,"-49.850000000,-476.686868900,3072.619718000;-49.600000000,-475.687999400,3074.667254000",NEGATIVE_VOLUME
3684,V15_4_FISHWAY,V15_4_FISHWAY_I,V15_10_ALL,CONCRETE,V15_10_ALL,"-49.850000000,-477.685738500,3072.667254000;-49.600000000,-476.686868900,3074.714789000",NEGATIVE_VOLUME
3685,V15_4_FISHWAY,V15_4_FISHWAY_I,V15_10_ALL,CONCRETE,V15_10_ALL,"-49.850000000,-478.684608000,3072.714789000;-49.600000000,-477.685738500,3074.762324000",NEGATIVE_VOLUME
3686,V15_4_FISHWAY,V15_4_FISHWAY_I,V15_10_ALL,CONCRETE,V15_10_ALL,"-49.850000000,-479.683477600,3072.762324000;-49.600000000,-478.684608000,3074.809859000",NEGATIVE_VOLUME
3687,V15_4_FISHWAY,V15_4_FISHWAY_I,V15_10_ALL,CONCRETE,V15_10_ALL,"-49.850000000,-480.682347200,3072.809859000;-49.600000000,-479.683477600,3074.857394000",NEGATIVE_VOLUME
3688,V15_4_FISHWAY,V15_4_FISHWAY_I,V15_10_ALL,CONCRETE,V15_10_ALL,"-49.850000000,-481.681216700,3072.857394000;-49.600000000,-480.682347200,3074.904930000",NEGATIVE_VOLUME
3689,V15_4_FISHWAY,V15_4_FISHWAY_I,V15_10_ALL,CONCRETE,V15_10_ALL,"-49.850000000,-482.680086300,3072.904930000;-49.600000000,-481.681216700,3074.952465000",NEGATIVE_VOLUME
3690,V15_4_FISHWAY,V15_4_FISHWAY_I,V15_10_ALL,CONCRETE,V15_10_ALL,"-49.850000000,-483.678955900,3072.952465000;-49.600000000,-482.680086300,3075.000000000",NEGATIVE_VOLUME
3691,V15_4_FISHWAY,V15_4_FISHWAY_I,V15_10_ALL,CONCRETE,V15_10_ALL,"-52.100000000,-484.678955900,3072.500000000;-49.600000000,-483.678955900,3073.000000000",NEGATIVE_VOLUME
3692,V15_4_FISHWAY,V15_4_FISHWAY_I,V15_10_ALL,CONCRETE,V15_10_ALL,"-52.100000000,-485.678955900,3072.500000000;-49.600000000,-484.678955900,3073.000000000",NEGATIVE_VOLUME
3693,V15_4_FISHWAY,V15_4_FISHWAY_I,V15_10_ALL,CONCRETE,V15_10_ALL,"-52.100000000,-486.678955900,3072.500000000;-49.600000000,-485.678955900,3073.000000000",NEGATIVE_VOLUME
3694,V15_4_FISHWAY,V15_4_FISHWAY_I,V15_10_ALL,CONCRETE,V15_10_ALL,"-52.100000000,-487.678955900,3072.500000000;-49.600000000,-486.678955900,3073.000000000",NEGATIVE_VOLUME
3695,V15_4_FISHWAY,V15_4_FISHWAY_I,V15_10_ALL,CONCRETE,V15_10_ALL,"-52.100000000,-488.678955900,3072.500000000;-49.600000000,-487.678955900,3073.000000000",NEGATIVE_VOLUME
3696,V15_4_FISHWAY,V15_4_FISHWAY_I,V15_10_ALL,CONCRETE,V15_10_ALL,"-52.100000000,-489.678955900,3072.500000000;-49.600000000,-488.678955900,3073.000000000",NEGATIVE_VOLUME
3697,V15_4_FISHWAY,V15_4_FISHWAY_I,V15_10_ALL,CONCRETE,V15_10_ALL,"-52.100000000,-490.678955900,3072.500000000;-49.600000000,-489.678955900,3073.000000000",NEGATIVE_VOLUME
3698,V15_4_FISHWAY,V15_4_FISHWAY_I,V15_10_ALL,CONCRETE,V15_10_ALL,"-52.100000000,-491.678955900,3072.500000000;-49.600000000,-490.678955900,3073.000000000",NEGATIVE_VOLUME
3699,V15_4_FISHWAY,V15_4_FISHWAY_I,V15_10_ALL,CONCRETE,V15_10_ALL,"-52.100000000,-492.678955900,3072.500000000;-49.600000000,-491.678955900,3073.000000000",NEGATIVE_VOLUME
3700,V15_4_FISHWAY,V15_4_FISHWAY_I,V15_10_ALL,CONCRETE,V15_10_ALL,"-52.100000000,-493.678955900,3072.500000000;-49.600000000,-492.678955900,3073.000000000",NEGATIVE_VOLUME
3701,V15_4_FISHWAY,V15_4_FISHWAY_I,V15_10_ALL,CONCRETE,V15_10_ALL,"-52.100000000,-494.678955900,3072.500000000;-49.600000000,-493.678955900,3073.000000000",NEGATIVE_VOLUME
3702,V15_4_FISHWAY,V15_4_FISHWAY_I,V15_10_ALL,CONCRETE,V15_10_ALL,"-52.100000000,-495.678955900,3072.500000000;-49.600000000,-494.678955900,3073.000000000",NEGATIVE_VOLUME
3703,V15_4_FISHWAY,V15_4_FISHWAY_I,V15_10_ALL,CONCRETE,V15_10_ALL,"-52.100000000,-496.678955900,3072.500000000;-49.600000000,-495.678955900,3073.000000000",NEGATIVE_VOLUME
3704,V15_4_FISHWAY,V15_4_FISHWAY_I,V15_10_ALL,CONCRETE,V15_10_ALL,"-52.100000000,-497.678955900,3072.500000000;-49.600000000,-496.678955900,3073.000000000",NEGATIVE_VOLUME
3705,V15_4_FISHWAY,V15_4_FISHWAY_I,V15_10_ALL,CONCRETE,V15_10_ALL,"-52.100000000,-498.678955900,3072.500000000;-49.600000000,-497.678955900,3073.000000000",NEGATIVE_VOLUME
3706,V15_4_FISHWAY,V15_4_FISHWAY_I,V15_10_ALL,CONCRETE,V15_10_ALL,"-52.100000000,-499.678955900,3072.500000000;-49.600000000,-498.678955900,3073.000000000",NEGATIVE_VOLUME
3707,V15_4_FISHWAY,V15_4_FISHWAY_I,V15_10_ALL,CONCRETE,V15_10_ALL,"-52.100000000,-500.678955900,3072.500000000;-49.600000000,-499.678955900,3073.000000000",NEGATIVE_VOLUME
3708,V15_4_FISHWAY,V15_4_FISHWAY_I,V15_10_ALL,CONCRETE,V15_10_ALL,"-52.100000000,-501.678955900,3072.500000000;-49.600000000,-500.678955900,3073.000000000",NEGATIVE_VOLUME
3709,V15_4_FISHWAY,V15_4_FISHWAY_I,V15_10_ALL,CONCRETE,V15_10_ALL,"-52.100000000,-502.678955900,3072.500000000;-49.600000000,-501.678955900,3073.000000000",NEGATIVE_VOLUME
3710,V15_4_FISHWAY,V15_4_FISHWAY_I,V15_10_ALL,CONCRETE,V15_10_ALL,"-52.100000000,-503.678955900,3072.500000000;-49.600000000,-502.678955900,3073.000000000",NEGATIVE_VOLUME
3711,V15_4_FISHWAY,V15_4_FISHWAY_I,V15_10_ALL,CONCRETE,V15_10_ALL,"-52.100000000,-484.678955900,3073.000000000;-51.850000000,-483.678955900,3075.000000000",NEGATIVE_VOLUME
3712,V15_4_FISHWAY,V15_4_FISHWAY_I,V15_10_ALL,CONCRETE,V15_10_ALL,"-52.100000000,-485.678955900,3073.000000000;-51.850000000,-484.678955900,3075.000000000",NEGATIVE_VOLUME
3713,V15_4_FISHWAY,V15_4_FISHWAY_I,V15_10_ALL,CONCRETE,V15_10_ALL,"-52.100000000,-486.678955900,3073.000000000;-51.850000000,-485.678955900,3075.000000000",NEGATIVE_VOLUME
3714,V15_4_FISHWAY,V15_4_FISHWAY_I,V15_10_ALL,CONCRETE,V15_10_ALL,"-52.100000000,-487.678955900,3073.000000000;-51.850000000,-486.678955900,3075.000000000",NEGATIVE_VOLUME
3715,V15_4_FISHWAY,V15_4_FISHWAY_I,V15_10_ALL,CONCRETE,V15_10_ALL,"-52.100000000,-488.678955900,3073.000000000;-51.850000000,-487.678955900,3075.000000000",NEGATIVE_VOLUME
3716,V15_4_FISHWAY,V15_4_FISHWAY_I,V15_10_ALL,CONCRETE,V15_10_ALL,"-52.100000000,-489.678955900,3073.000000000;-51.850000000,-488.678955900,3075.000000000",NEGATIVE_VOLUME
3717,V15_4_FISHWAY,V15_4_FISHWAY_I,V15_10_ALL,CONCRETE,V15_10_ALL,"-52.100000000,-490.678955900,3073.000000000;-51.850000000,-489.678955900,3075.000000000",NEGATIVE_VOLUME
3718,V15_4_FISHWAY,V15_4_FISHWAY_I,V15_10_ALL,CONCRETE,V15_10_ALL,"-52.100000000,-491.678955900,3073.000000000;-51.850000000,-490.678955900,3075.000000000",NEGATIVE_VOLUME
3719,V15_4_FISHWAY,V15_4_FISHWAY_I,V15_10_ALL,CONCRETE,V15_10_ALL,"-52.100000000,-492.678955900,3073.000000000;-51.850000000,-491.678955900,3075.000000000",NEGATIVE_VOLUME
3720,V15_4_FISHWAY,V15_4_FISHWAY_I,V15_10_ALL,CONCRETE,V15_10_ALL,"-52.100000000,-493.678955900,3073.000000000;-51.850000000,-492.678955900,3075.000000000",NEGATIVE_VOLUME
3721,V15_4_FISHWAY,V15_4_FISHWAY_I,V15_10_ALL,CONCRETE,V15_10_ALL,"-52.100000000,-494.678955900,3073.000000000;-51.850000000,-493.678955900,3075.000000000",NEGATIVE_VOLUME
3722,V15_4_FISHWAY,V15_4_FISHWAY_I,V15_10_ALL,CONCRETE,V15_10_ALL,"-52.100000000,-495.678955900,3073.000000000;-51.850000000,-494.678955900,3075.000000000",NEGATIVE_VOLUME
3723,V15_4_FISHWAY,V15_4_FISHWAY_I,V15_10_ALL,CONCRETE,V15_10_ALL,"-52.100000000,-496.678955900,3073.000000000;-51.850000000,-495.678955900,3075.000000000",NEGATIVE_VOLUME
3724,V15_4_FISHWAY,V15_4_FISHWAY_I,V15_10_ALL,CONCRETE,V15_10_ALL,"-52.100000000,-497.678955900,3073.000000000;-51.850000000,-496.678955900,3075.000000000",NEGATIVE_VOLUME
3725,V15_4_FISHWAY,V15_4_FISHWAY_I,V15_10_ALL,CONCRETE,V15_10_ALL,"-52.100000000,-498.678955900,3073.000000000;-51.850000000,-497.678955900,3075.000000000",NEGATIVE_VOLUME
3726,V15_4_FISHWAY,V15_4_FISHWAY_I,V15_10_ALL,CONCRETE,V15_10_ALL,"-52.100000000,-499.678955900,3073.000000000;-51.850000000,-498.678955900,3075.000000000",NEGATIVE_VOLUME
3727,V15_4_FISHWAY,V15_4_FISHWAY_I,V15_10_ALL,CONCRETE,V15_10_ALL,"-52.100000000,-500.678955900,3073.000000000;-51.850000000,-499.678955900,3075.000000000",NEGATIVE_VOLUME
3728,V15_4_FISHWAY,V15_4_FISHWAY_I,V15_10_ALL,CONCRETE,V15_10_ALL,"-52.100000000,-501.678955900,3073.000000000;-51.850000000,-500.678955900,3075.000000000",NEGATIVE_VOLUME
3729,V15_4_FISHWAY,V15_4_FISHWAY_I,V15_10_ALL,CONCRETE,V15_10_ALL,"-52.100000000,-502.678955900,3073.000000000;-51.850000000,-501.678955900,3075.000000000",NEGATIVE_VOLUME
3730,V15_4_FISHWAY,V15_4_FISHWAY_I,V15_10_ALL,CONCRETE,V15_10_ALL,"-52.100000000,-503.678955900,3073.000000000;-51.850000000,-502.678955900,3075.000000000",NEGATIVE_VOLUME
3731,V15_4_FISHWAY,V15_4_FISHWAY_I,V15_10_ALL,CONCRETE,V15_10_ALL,"-49.850000000,-484.678955900,3073.000000000;-49.600000000,-483.678955900,3075.000000000",NEGATIVE_VOLUME
3732,V15_4_FISHWAY,V15_4_FISHWAY_I,V15_10_ALL,CONCRETE,V15_10_ALL,"-49.850000000,-485.678955900,3073.000000000;-49.600000000,-484.678955900,3075.000000000",NEGATIVE_VOLUME
3733,V15_4_FISHWAY,V15_4_FISHWAY_I,V15_10_ALL,CONCRETE,V15_10_ALL,"-49.850000000,-486.678955900,3073.000000000;-49.600000000,-485.678955900,3075.000000000",NEGATIVE_VOLUME
3734,V15_4_FISHWAY,V15_4_FISHWAY_I,V15_10_ALL,CONCRETE,V15_10_ALL,"-49.850000000,-487.678955900,3073.000000000;-49.600000000,-486.678955900,3075.000000000",NEGATIVE_VOLUME
3735,V15_4_FISHWAY,V15_4_FISHWAY_I,V15_10_ALL,CONCRETE,V15_10_ALL,"-49.850000000,-488.678955900,3073.000000000;-49.600000000,-487.678955900,3075.000000000",NEGATIVE_VOLUME
3736,V15_4_FISHWAY,V15_4_FISHWAY_I,V15_10_ALL,CONCRETE,V15_10_ALL,"-49.850000000,-489.678955900,3073.000000000;-49.600000000,-488.678955900,3075.000000000",NEGATIVE_VOLUME
3737,V15_4_FISHWAY,V15_4_FISHWAY_I,V15_10_ALL,CONCRETE,V15_10_ALL,"-49.850000000,-490.678955900,3073.000000000;-49.600000000,-489.678955900,3075.000000000",NEGATIVE_VOLUME
3738,V15_4_FISHWAY,V15_4_FISHWAY_I,V15_10_ALL,CONCRETE,V15_10_ALL,"-49.850000000,-491.678955900,3073.000000000;-49.600000000,-490.678955900,3075.000000000",NEGATIVE_VOLUME
3739,V15_4_FISHWAY,V15_4_FISHWAY_I,V15_10_ALL,CONCRETE,V15_10_ALL,"-49.850000000,-492.678955900,3073.000000000;-49.600000000,-491.678955900,3075.000000000",NEGATIVE_VOLUME
3740,V15_4_FISHWAY,V15_4_FISHWAY_I,V15_10_ALL,CONCRETE,V15_10_ALL,"-49.850000000,-493.678955900,3073.000000000;-49.600000000,-492.678955900,3075.000000000",NEGATIVE_VOLUME
3741,V15_4_FISHWAY,V15_4_FISHWAY_I,V15_10_ALL,CONCRETE,V15_10_ALL,"-49.850000000,-494.678955900,3073.000000000;-49.600000000,-493.678955900,3075.000000000",NEGATIVE_VOLUME
3742,V15_4_FISHWAY,V15_4_FISHWAY_I,V15_10_ALL,CONCRETE,V15_10_ALL,"-49.850000000,-495.678955900,3073.000000000;-49.600000000,-494.678955900,3075.000000000",NEGATIVE_VOLUME
3743,V15_4_FISHWAY,V15_4_FISHWAY_I,V15_10_ALL,CONCRETE,V15_10_ALL,"-49.850000000,-496.678955900,3073.000000000;-49.600000000,-495.678955900,3075.000000000",NEGATIVE_VOLUME
3744,V15_4_FISHWAY,V15_4_FISHWAY_I,V15_10_ALL,CONCRETE,V15_10_ALL,"-49.850000000,-497.678955900,3073.000000000;-49.600000000,-496.678955900,3075.000000000",NEGATIVE_VOLUME
3745,V15_4_FISHWAY,V15_4_FISHWAY_I,V15_10_ALL,CONCRETE,V15_10_ALL,"-49.850000000,-498.678955900,3073.000000000;-49.600000000,-497.678955900,3075.000000000",NEGATIVE_VOLUME
3746,V15_4_FISHWAY,V15_4_FISHWAY_I,V15_10_ALL,CONCRETE,V15_10_ALL,"-49.850000000,-499.678955900,3073.000000000;-49.600000000,-498.678955900,3075.000000000",NEGATIVE_VOLUME
3747,V15_4_FISHWAY,V15_4_FISHWAY_I,V15_10_ALL,CONCRETE,V15_10_ALL,"-49.850000000,-500.678955900,3073.000000000;-49.600000000,-499.678955900,3075.000000000",NEGATIVE_VOLUME
3748,V15_4_FISHWAY,V15_4_FISHWAY_I,V15_10_ALL,CONCRETE,V15_10_ALL,"-49.850000000,-501.678955900,3073.000000000;-49.600000000,-500.678955900,3075.000000000",NEGATIVE_VOLUME
3749,V15_4_FISHWAY,V15_4_FISHWAY_I,V15_10_ALL,CONCRETE,V15_10_ALL,"-49.850000000,-502.678955900,3073.000000000;-49.600000000,-501.678955900,3075.000000000",NEGATIVE_VOLUME
3750,V15_4_FISHWAY,V15_4_FISHWAY_I,V15_10_ALL,CONCRETE,V15_10_ALL,"-49.850000000,-503.678955900,3073.000000000;-49.600000000,-502.678955900,3075.000000000",NEGATIVE_VOLUME
3751,V15_4_FISHWAY,V15_4_FISHWAY_I,V15_10_ALL,CONCRETE,V15_10_ALL,"-52.100000000,-504.678905900,3072.500000000;-49.600000000,-503.678955900,3073.010000000",NEGATIVE_VOLUME
3752,V15_4_FISHWAY,V15_4_FISHWAY_I,V15_10_ALL,CONCRETE,V15_10_ALL,"-52.100000000,-505.678855900,3072.510000000;-49.600000000,-504.678905900,3073.020000000",NEGATIVE_VOLUME
3753,V15_4_FISHWAY,V15_4_FISHWAY_I,V15_10_ALL,CONCRETE,V15_10_ALL,"-52.100000000,-506.678805900,3072.520000000;-49.600000000,-505.678855900,3073.030000000",NEGATIVE_VOLUME
3754,V15_4_FISHWAY,V15_4_FISHWAY_I,V15_10_ALL,CONCRETE,V15_10_ALL,"-52.100000000,-507.678755900,3072.530000000;-49.600000000,-506.678805900,3073.040000000",NEGATIVE_VOLUME
3755,V15_4_FISHWAY,V15_4_FISHWAY_I,V15_10_ALL,CONCRETE,V15_10_ALL,"-52.100000000,-508.678705900,3072.540000000;-49.600000000,-507.678755900,3073.050000000",NEGATIVE_VOLUME
3756,V15_4_FISHWAY,V15_4_FISHWAY_I,V15_10_ALL,CONCRETE,V15_10_ALL,"-52.100000000,-509.678655900,3072.550000000;-49.600000000,-508.678705900,3073.060000000",NEGATIVE_VOLUME
3757,V15_4_FISHWAY,V15_4_FISHWAY_I,V15_10_ALL,CONCRETE,V15_10_ALL,"-52.100000000,-510.678605900,3072.560000000;-49.600000000,-509.678655900,3073.070000000",NEGATIVE_VOLUME
3758,V15_4_FISHWAY,V15_4_FISHWAY_I,V15_10_ALL,CONCRETE,V15_10_ALL,"-52.100000000,-511.678555900,3072.570000000;-49.600000000,-510.678605900,3073.080000000",NEGATIVE_VOLUME
3759,V15_4_FISHWAY,V15_4_FISHWAY_I,V15_10_ALL,CONCRETE,V15_10_ALL,"-52.100000000,-512.678505900,3072.580000000;-49.600000000,-511.678555900,3073.090000000",NEGATIVE_VOLUME
3760,V15_4_FISHWAY,V15_4_FISHWAY_I,V15_10_ALL,CONCRETE,V15_10_ALL,"-52.100000000,-513.678455900,3072.590000000;-49.600000000,-512.678505900,3073.100000000",NEGATIVE_VOLUME
3761,V15_4_FISHWAY,V15_4_FISHWAY_I,V15_10_ALL,CONCRETE,V15_10_ALL,"-52.100000000,-514.678405900,3072.600000000;-49.600000000,-513.678455900,3073.110000000",NEGATIVE_VOLUME
3762,V15_4_FISHWAY,V15_4_FISHWAY_I,V15_10_ALL,CONCRETE,V15_10_ALL,"-52.100000000,-515.678355800,3072.610000000;-49.600000000,-514.678405900,3073.120000000",NEGATIVE_VOLUME
3763,V15_4_FISHWAY,V15_4_FISHWAY_I,V15_10_ALL,CONCRETE,V15_10_ALL,"-52.100000000,-516.678305800,3072.620000000;-49.600000000,-515.678355800,3073.130000000",NEGATIVE_VOLUME
3764,V15_4_FISHWAY,V15_4_FISHWAY_I,V15_10_ALL,CONCRETE,V15_10_ALL,"-52.100000000,-517.678255800,3072.630000000;-49.600000000,-516.678305800,3073.140000000",NEGATIVE_VOLUME
3765,V15_4_FISHWAY,V15_4_FISHWAY_I,V15_10_ALL,CONCRETE,V15_10_ALL,"-52.100000000,-518.678205800,3072.640000000;-49.600000000,-517.678255800,3073.150000000",NEGATIVE_VOLUME
3766,V15_4_FISHWAY,V15_4_FISHWAY_I,V15_10_ALL,CONCRETE,V15_10_ALL,"-52.100000000,-519.678155800,3072.650000000;-49.600000000,-518.678205800,3073.160000000",NEGATIVE_VOLUME
3767,V15_4_FISHWAY,V15_4_FISHWAY_I,V15_10_ALL,CONCRETE,V15_10_ALL,"-52.100000000,-520.678105800,3072.660000000;-49.600000000,-519.678155800,3073.170000000",NEGATIVE_VOLUME
3768,V15_4_FISHWAY,V15_4_FISHWAY_I,V15_10_ALL,CONCRETE,V15_10_ALL,"-52.100000000,-521.678055800,3072.670000000;-49.600000000,-520.678105800,3073.180000000",NEGATIVE_VOLUME
3769,V15_4_FISHWAY,V15_4_FISHWAY_I,V15_10_ALL,CONCRETE,V15_10_ALL,"-52.100000000,-522.678005800,3072.680000000;-49.600000000,-521.678055800,3073.190000000",NEGATIVE_VOLUME
3770,V15_4_FISHWAY,V15_4_FISHWAY_I,V15_10_ALL,CONCRETE,V15_10_ALL,"-52.100000000,-523.677955800,3072.690000000;-49.600000000,-522.678005800,3073.200000000",NEGATIVE_VOLUME
3771,V15_4_FISHWAY,V15_4_FISHWAY_I,V15_10_ALL,CONCRETE,V15_10_ALL,"-52.100000000,-524.677905800,3072.700000000;-49.600000000,-523.677955800,3073.210000000",NEGATIVE_VOLUME
3772,V15_4_FISHWAY,V15_4_FISHWAY_I,V15_10_ALL,CONCRETE,V15_10_ALL,"-52.100000000,-525.677855800,3072.710000000;-49.600000000,-524.677905800,3073.220000000",NEGATIVE_VOLUME
3773,V15_4_FISHWAY,V15_4_FISHWAY_I,V15_10_ALL,CONCRETE,V15_10_ALL,"-52.100000000,-526.677805800,3072.720000000;-49.600000000,-525.677855800,3073.230000000",NEGATIVE_VOLUME
3774,V15_4_FISHWAY,V15_4_FISHWAY_I,V15_10_ALL,CONCRETE,V15_10_ALL,"-52.100000000,-527.677755800,3072.730000000;-49.600000000,-526.677805800,3073.240000000",NEGATIVE_VOLUME
3775,V15_4_FISHWAY,V15_4_FISHWAY_I,V15_10_ALL,CONCRETE,V15_10_ALL,"-52.100000000,-528.677705800,3072.740000000;-49.600000000,-527.677755800,3073.250000000",NEGATIVE_VOLUME
3776,V15_4_FISHWAY,V15_4_FISHWAY_I,V15_10_ALL,CONCRETE,V15_10_ALL,"-52.100000000,-529.677655800,3072.750000000;-49.600000000,-528.677705800,3073.260000000",NEGATIVE_VOLUME
3777,V15_4_FISHWAY,V15_4_FISHWAY_I,V15_10_ALL,CONCRETE,V15_10_ALL,"-52.100000000,-530.677605800,3072.760000000;-49.600000000,-529.677655800,3073.270000000",NEGATIVE_VOLUME
3778,V15_4_FISHWAY,V15_4_FISHWAY_I,V15_10_ALL,CONCRETE,V15_10_ALL,"-52.100000000,-531.677555800,3072.770000000;-49.600000000,-530.677605800,3073.280000000",NEGATIVE_VOLUME
3779,V15_4_FISHWAY,V15_4_FISHWAY_I,V15_10_ALL,CONCRETE,V15_10_ALL,"-52.100000000,-532.677505800,3072.780000000;-49.600000000,-531.677555800,3073.290000000",NEGATIVE_VOLUME
3780,V15_4_FISHWAY,V15_4_FISHWAY_I,V15_10_ALL,CONCRETE,V15_10_ALL,"-52.100000000,-533.677455800,3072.790000000;-49.600000000,-532.677505800,3073.300000000",NEGATIVE_VOLUME
3781,V15_4_FISHWAY,V15_4_FISHWAY_I,V15_10_ALL,CONCRETE,V15_10_ALL,"-52.100000000,-534.677405800,3072.800000000;-49.600000000,-533.677455800,3073.310000000",NEGATIVE_VOLUME
3782,V15_4_FISHWAY,V15_4_FISHWAY_I,V15_10_ALL,CONCRETE,V15_10_ALL,"-52.100000000,-535.677355800,3072.810000000;-49.600000000,-534.677405800,3073.320000000",NEGATIVE_VOLUME
3783,V15_4_FISHWAY,V15_4_FISHWAY_I,V15_10_ALL,CONCRETE,V15_10_ALL,"-52.100000000,-536.677305800,3072.820000000;-49.600000000,-535.677355800,3073.330000000",NEGATIVE_VOLUME
3784,V15_4_FISHWAY,V15_4_FISHWAY_I,V15_10_ALL,CONCRETE,V15_10_ALL,"-52.100000000,-537.677255800,3072.830000000;-49.600000000,-536.677305800,3073.340000000",NEGATIVE_VOLUME
3785,V15_4_FISHWAY,V15_4_FISHWAY_I,V15_10_ALL,CONCRETE,V15_10_ALL,"-52.100000000,-538.677205800,3072.840000000;-49.600000000,-537.677255800,3073.350000000",NEGATIVE_VOLUME
3786,V15_4_FISHWAY,V15_4_FISHWAY_I,V15_10_ALL,CONCRETE,V15_10_ALL,"-52.100000000,-539.677155800,3072.850000000;-49.600000000,-538.677205800,3073.360000000",NEGATIVE_VOLUME
3787,V15_4_FISHWAY,V15_4_FISHWAY_I,V15_10_ALL,CONCRETE,V15_10_ALL,"-52.100000000,-540.677105800,3072.860000000;-49.600000000,-539.677155800,3073.370000000",NEGATIVE_VOLUME
3788,V15_4_FISHWAY,V15_4_FISHWAY_I,V15_10_ALL,CONCRETE,V15_10_ALL,"-52.100000000,-541.677055800,3072.870000000;-49.600000000,-540.677105800,3073.380000000",NEGATIVE_VOLUME
3789,V15_4_FISHWAY,V15_4_FISHWAY_I,V15_10_ALL,CONCRETE,V15_10_ALL,"-52.100000000,-542.677005800,3072.880000000;-49.600000000,-541.677055800,3073.390000000",NEGATIVE_VOLUME
3790,V15_4_FISHWAY,V15_4_FISHWAY_I,V15_10_ALL,CONCRETE,V15_10_ALL,"-52.100000000,-543.676955800,3072.890000000;-49.600000000,-542.677005800,3073.400000000",NEGATIVE_VOLUME
3791,V15_4_FISHWAY,V15_4_FISHWAY_I,V15_10_ALL,CONCRETE,V15_10_ALL,"-52.100000000,-544.676905800,3072.900000000;-49.600000000,-543.676955800,3073.410000000",NEGATIVE_VOLUME
3792,V15_4_FISHWAY,V15_4_FISHWAY_I,V15_10_ALL,CONCRETE,V15_10_ALL,"-52.100000000,-545.676855800,3072.910000000;-49.600000000,-544.676905800,3073.420000000",NEGATIVE_VOLUME
3793,V15_4_FISHWAY,V15_4_FISHWAY_I,V15_10_ALL,CONCRETE,V15_10_ALL,"-52.100000000,-546.676805800,3072.920000000;-49.600000000,-545.676855800,3073.430000000",NEGATIVE_VOLUME
3794,V15_4_FISHWAY,V15_4_FISHWAY_I,V15_10_ALL,CONCRETE,V15_10_ALL,"-52.100000000,-547.676755800,3072.930000000;-49.600000000,-546.676805800,3073.440000000",NEGATIVE_VOLUME
3795,V15_4_FISHWAY,V15_4_FISHWAY_I,V15_10_ALL,CONCRETE,V15_10_ALL,"-52.100000000,-548.676705800,3072.940000000;-49.600000000,-547.676755800,3073.450000000",NEGATIVE_VOLUME
3796,V15_4_FISHWAY,V15_4_FISHWAY_I,V15_10_ALL,CONCRETE,V15_10_ALL,"-52.100000000,-549.676655800,3072.950000000;-49.600000000,-548.676705800,3073.460000000",NEGATIVE_VOLUME
3797,V15_4_FISHWAY,V15_4_FISHWAY_I,V15_10_ALL,CONCRETE,V15_10_ALL,"-52.100000000,-550.676605800,3072.960000000;-49.600000000,-549.676655800,3073.470000000",NEGATIVE_VOLUME
3798,V15_4_FISHWAY,V15_4_FISHWAY_I,V15_10_ALL,CONCRETE,V15_10_ALL,"-52.100000000,-551.676555800,3072.970000000;-49.600000000,-550.676605800,3073.480000000",NEGATIVE_VOLUME
3799,V15_4_FISHWAY,V15_4_FISHWAY_I,V15_10_ALL,CONCRETE,V15_10_ALL,"-52.100000000,-552.676505800,3072.980000000;-49.600000000,-551.676555800,3073.490000000",NEGATIVE_VOLUME
3800,V15_4_FISHWAY,V15_4_FISHWAY_I,V15_10_ALL,CONCRETE,V15_10_ALL,"-52.100000000,-553.676455800,3072.990000000;-49.600000000,-552.676505800,3073.500000000",NEGATIVE_VOLUME
3801,V15_4_FISHWAY,V15_4_FISHWAY_I,V15_10_ALL,CONCRETE,V15_10_ALL,"-52.100000000,-554.676405800,3073.000000000;-49.600000000,-553.676455800,3073.510000000",NEGATIVE_VOLUME
3802,V15_4_FISHWAY,V15_4_FISHWAY_I,V15_10_ALL,CONCRETE,V15_10_ALL,"-52.100000000,-555.676355800,3073.010000000;-49.600000000,-554.676405800,3073.520000000",NEGATIVE_VOLUME
3803,V15_4_FISHWAY,V15_4_FISHWAY_I,V15_10_ALL,CONCRETE,V15_10_ALL,"-52.100000000,-556.676305800,3073.020000000;-49.600000000,-555.676355800,3073.530000000",NEGATIVE_VOLUME
3804,V15_4_FISHWAY,V15_4_FISHWAY_I,V15_10_ALL,CONCRETE,V15_10_ALL,"-52.100000000,-557.676255800,3073.030000000;-49.600000000,-556.676305800,3073.540000000",NEGATIVE_VOLUME
3805,V15_4_FISHWAY,V15_4_FISHWAY_I,V15_10_ALL,CONCRETE,V15_10_ALL,"-52.100000000,-558.676205800,3073.040000000;-49.600000000,-557.676255800,3073.550000000",NEGATIVE_VOLUME
3806,V15_4_FISHWAY,V15_4_FISHWAY_I,V15_10_ALL,CONCRETE,V15_10_ALL,"-52.100000000,-559.676155800,3073.050000000;-49.600000000,-558.676205800,3073.560000000",NEGATIVE_VOLUME
3807,V15_4_FISHWAY,V15_4_FISHWAY_I,V15_10_ALL,CONCRETE,V15_10_ALL,"-52.100000000,-560.676105800,3073.060000000;-49.600000000,-559.676155800,3073.570000000",NEGATIVE_VOLUME
3808,V15_4_FISHWAY,V15_4_FISHWAY_I,V15_10_ALL,CONCRETE,V15_10_ALL,"-52.100000000,-561.676055800,3073.070000000;-49.600000000,-560.676105800,3073.580000000",NEGATIVE_VOLUME
3809,V15_4_FISHWAY,V15_4_FISHWAY_I,V15_10_ALL,CONCRETE,V15_10_ALL,"-52.100000000,-562.676005800,3073.080000000;-49.600000000,-561.676055800,3073.590000000",NEGATIVE_VOLUME
3810,V15_4_FISHWAY,V15_4_FISHWAY_I,V15_10_ALL,CONCRETE,V15_10_ALL,"-52.100000000,-563.675955800,3073.090000000;-49.600000000,-562.676005800,3073.600000000",NEGATIVE_VOLUME
3811,V15_4_FISHWAY,V15_4_FISHWAY_I,V15_10_ALL,CONCRETE,V15_10_ALL,"-52.100000000,-564.675905800,3073.100000000;-49.600000000,-563.675955800,3073.610000000",NEGATIVE_VOLUME
3812,V15_4_FISHWAY,V15_4_FISHWAY_I,V15_10_ALL,CONCRETE,V15_10_ALL,"-52.100000000,-565.675855800,3073.110000000;-49.600000000,-564.675905800,3073.620000000",NEGATIVE_VOLUME
3813,V15_4_FISHWAY,V15_4_FISHWAY_I,V15_10_ALL,CONCRETE,V15_10_ALL,"-52.100000000,-566.675805800,3073.120000000;-49.600000000,-565.675855800,3073.630000000",NEGATIVE_VOLUME
3814,V15_4_FISHWAY,V15_4_FISHWAY_I,V15_10_ALL,CONCRETE,V15_10_ALL,"-52.100000000,-567.675755800,3073.130000000;-49.600000000,-566.675805800,3073.640000000",NEGATIVE_VOLUME
3815,V15_4_FISHWAY,V15_4_FISHWAY_I,V15_10_ALL,CONCRETE,V15_10_ALL,"-52.100000000,-568.675705800,3073.140000000;-49.600000000,-567.675755800,3073.650000000",NEGATIVE_VOLUME
3816,V15_4_FISHWAY,V15_4_FISHWAY_I,V15_10_ALL,CONCRETE,V15_10_ALL,"-52.100000000,-569.675655800,3073.150000000;-49.600000000,-568.675705800,3073.660000000",NEGATIVE_VOLUME
3817,V15_4_FISHWAY,V15_4_FISHWAY_I,V15_10_ALL,CONCRETE,V15_10_ALL,"-52.100000000,-570.675605800,3073.160000000;-49.600000000,-569.675655800,3073.670000000",NEGATIVE_VOLUME
3818,V15_4_FISHWAY,V15_4_FISHWAY_I,V15_10_ALL,CONCRETE,V15_10_ALL,"-52.100000000,-571.675555800,3073.170000000;-49.600000000,-570.675605800,3073.680000000",NEGATIVE_VOLUME
3819,V15_4_FISHWAY,V15_4_FISHWAY_I,V15_10_ALL,CONCRETE,V15_10_ALL,"-52.100000000,-572.675505800,3073.180000000;-49.600000000,-571.675555800,3073.690000000",NEGATIVE_VOLUME
3820,V15_4_FISHWAY,V15_4_FISHWAY_I,V15_10_ALL,CONCRETE,V15_10_ALL,"-52.100000000,-573.675455800,3073.190000000;-49.600000000,-572.675505800,3073.700000000",NEGATIVE_VOLUME
3821,V15_4_FISHWAY,V15_4_FISHWAY_I,V15_10_ALL,CONCRETE,V15_10_ALL,"-52.100000000,-574.675405800,3073.200000000;-49.600000000,-573.675455800,3073.710000000",NEGATIVE_VOLUME
3822,V15_4_FISHWAY,V15_4_FISHWAY_I,V15_10_ALL,CONCRETE,V15_10_ALL,"-52.100000000,-575.675355800,3073.210000000;-49.600000000,-574.675405800,3073.720000000",NEGATIVE_VOLUME
3823,V15_4_FISHWAY,V15_4_FISHWAY_I,V15_10_ALL,CONCRETE,V15_10_ALL,"-52.100000000,-576.675305800,3073.220000000;-49.600000000,-575.675355800,3073.730000000",NEGATIVE_VOLUME
3824,V15_4_FISHWAY,V15_4_FISHWAY_I,V15_10_ALL,CONCRETE,V15_10_ALL,"-52.100000000,-577.675255800,3073.230000000;-49.600000000,-576.675305800,3073.740000000",NEGATIVE_VOLUME
3825,V15_4_FISHWAY,V15_4_FISHWAY_I,V15_10_ALL,CONCRETE,V15_10_ALL,"-52.100000000,-578.675205800,3073.240000000;-49.600000000,-577.675255800,3073.750000000",NEGATIVE_VOLUME
3826,V15_4_FISHWAY,V15_4_FISHWAY_I,V15_10_ALL,CONCRETE,V15_10_ALL,"-52.100000000,-579.675155800,3073.250000000;-49.600000000,-578.675205800,3073.760000000",NEGATIVE_VOLUME
3827,V15_4_FISHWAY,V15_4_FISHWAY_I,V15_10_ALL,CONCRETE,V15_10_ALL,"-52.100000000,-580.675105800,3073.260000000;-49.600000000,-579.675155800,3073.770000000",NEGATIVE_VOLUME
3828,V15_4_FISHWAY,V15_4_FISHWAY_I,V15_10_ALL,CONCRETE,V15_10_ALL,"-52.100000000,-581.675055800,3073.270000000;-49.600000000,-580.675105800,3073.780000000",NEGATIVE_VOLUME
3829,V15_4_FISHWAY,V15_4_FISHWAY_I,V15_10_ALL,CONCRETE,V15_10_ALL,"-52.100000000,-582.675005800,3073.280000000;-49.600000000,-581.675055800,3073.790000000",NEGATIVE_VOLUME
3830,V15_4_FISHWAY,V15_4_FISHWAY_I,V15_10_ALL,CONCRETE,V15_10_ALL,"-52.100000000,-583.674955800,3073.290000000;-49.600000000,-582.675005800,3073.800000000",NEGATIVE_VOLUME
3831,V15_4_FISHWAY,V15_4_FISHWAY_I,V15_10_ALL,CONCRETE,V15_10_ALL,"-52.100000000,-584.674905800,3073.300000000;-49.600000000,-583.674955800,3073.810000000",NEGATIVE_VOLUME
3832,V15_4_FISHWAY,V15_4_FISHWAY_I,V15_10_ALL,CONCRETE,V15_10_ALL,"-52.100000000,-585.674855800,3073.310000000;-49.600000000,-584.674905800,3073.820000000",NEGATIVE_VOLUME
3833,V15_4_FISHWAY,V15_4_FISHWAY_I,V15_10_ALL,CONCRETE,V15_10_ALL,"-52.100000000,-586.674805800,3073.320000000;-49.600000000,-585.674855800,3073.830000000",NEGATIVE_VOLUME
3834,V15_4_FISHWAY,V15_4_FISHWAY_I,V15_10_ALL,CONCRETE,V15_10_ALL,"-52.100000000,-587.674755800,3073.330000000;-49.600000000,-586.674805800,3073.840000000",NEGATIVE_VOLUME
3835,V15_4_FISHWAY,V15_4_FISHWAY_I,V15_10_ALL,CONCRETE,V15_10_ALL,"-52.100000000,-588.674705800,3073.340000000;-49.600000000,-587.674755800,3073.850000000",NEGATIVE_VOLUME
3836,V15_4_FISHWAY,V15_4_FISHWAY_I,V15_10_ALL,CONCRETE,V15_10_ALL,"-52.100000000,-589.674655800,3073.350000000;-49.600000000,-588.674705800,3073.860000000",NEGATIVE_VOLUME
3837,V15_4_FISHWAY,V15_4_FISHWAY_I,V15_10_ALL,CONCRETE,V15_10_ALL,"-52.100000000,-590.674605800,3073.360000000;-49.600000000,-589.674655800,3073.870000000",NEGATIVE_VOLUME
3838,V15_4_FISHWAY,V15_4_FISHWAY_I,V15_10_ALL,CONCRETE,V15_10_ALL,"-52.100000000,-591.674555800,3073.370000000;-49.600000000,-590.674605800,3073.880000000",NEGATIVE_VOLUME
3839,V15_4_FISHWAY,V15_4_FISHWAY_I,V15_10_ALL,CONCRETE,V15_10_ALL,"-52.100000000,-592.674505800,3073.380000000;-49.600000000,-591.674555800,3073.890000000",NEGATIVE_VOLUME
3840,V15_4_FISHWAY,V15_4_FISHWAY_I,V15_10_ALL,CONCRETE,V15_10_ALL,"-52.100000000,-593.674455800,3073.390000000;-49.600000000,-592.674505800,3073.900000000",NEGATIVE_VOLUME
3841,V15_4_FISHWAY,V15_4_FISHWAY_I,V15_10_ALL,CONCRETE,V15_10_ALL,"-52.100000000,-594.674405800,3073.400000000;-49.600000000,-593.674455800,3073.910000000",NEGATIVE_VOLUME
3842,V15_4_FISHWAY,V15_4_FISHWAY_I,V15_10_ALL,CONCRETE,V15_10_ALL,"-52.100000000,-595.674355700,3073.410000000;-49.600000000,-594.674405800,3073.920000000",NEGATIVE_VOLUME
3843,V15_4_FISHWAY,V15_4_FISHWAY_I,V15_10_ALL,CONCRETE,V15_10_ALL,"-52.100000000,-596.674305700,3073.420000000;-49.600000000,-595.674355700,3073.930000000",NEGATIVE_VOLUME
3844,V15_4_FISHWAY,V15_4_FISHWAY_I,V15_10_ALL,CONCRETE,V15_10_ALL,"-52.100000000,-597.674255700,3073.430000000;-49.600000000,-596.674305700,3073.940000000",NEGATIVE_VOLUME
3845,V15_4_FISHWAY,V15_4_FISHWAY_I,V15_10_ALL,CONCRETE,V15_10_ALL,"-52.100000000,-598.674205700,3073.440000000;-49.600000000,-597.674255700,3073.950000000",NEGATIVE_VOLUME
3846,V15_4_FISHWAY,V15_4_FISHWAY_I,V15_10_ALL,CONCRETE,V15_10_ALL,"-52.100000000,-599.674155700,3073.450000000;-49.600000000,-598.674205700,3073.960000000",NEGATIVE_VOLUME
3847,V15_4_FISHWAY,V15_4_FISHWAY_I,V15_10_ALL,CONCRETE,V15_10_ALL,"-52.100000000,-600.674105700,3073.460000000;-49.600000000,-599.674155700,3073.970000000",NEGATIVE_VOLUME
3848,V15_4_FISHWAY,V15_4_FISHWAY_I,V15_10_ALL,CONCRETE,V15_10_ALL,"-52.100000000,-601.674055700,3073.470000000;-49.600000000,-600.674105700,3073.980000000",NEGATIVE_VOLUME
3849,V15_4_FISHWAY,V15_4_FISHWAY_I,V15_10_ALL,CONCRETE,V15_10_ALL,"-52.100000000,-602.674005700,3073.480000000;-49.600000000,-601.674055700,3073.990000000",NEGATIVE_VOLUME
3850,V15_4_FISHWAY,V15_4_FISHWAY_I,V15_10_ALL,CONCRETE,V15_10_ALL,"-52.100000000,-603.673955700,3073.490000000;-49.600000000,-602.674005700,3074.000000000",NEGATIVE_VOLUME
3851,V15_4_FISHWAY,V15_4_FISHWAY_I,V15_10_ALL,CONCRETE,V15_10_ALL,"-52.100000000,-504.678905900,3073.000000000;-51.850000000,-503.678955900,3075.010000000",NEGATIVE_VOLUME
3852,V15_4_FISHWAY,V15_4_FISHWAY_I,V15_10_ALL,CONCRETE,V15_10_ALL,"-52.100000000,-505.678855900,3073.010000000;-51.850000000,-504.678905900,3075.020000000",NEGATIVE_VOLUME
3853,V15_4_FISHWAY,V15_4_FISHWAY_I,V15_10_ALL,CONCRETE,V15_10_ALL,"-52.100000000,-506.678805900,3073.020000000;-51.850000000,-505.678855900,3075.030000000",NEGATIVE_VOLUME
3854,V15_4_FISHWAY,V15_4_FISHWAY_I,V15_10_ALL,CONCRETE,V15_10_ALL,"-52.100000000,-507.678755900,3073.030000000;-51.850000000,-506.678805900,3075.040000000",NEGATIVE_VOLUME
3855,V15_4_FISHWAY,V15_4_FISHWAY_I,V15_10_ALL,CONCRETE,V15_10_ALL,"-52.100000000,-508.678705900,3073.040000000;-51.850000000,-507.678755900,3075.050000000",NEGATIVE_VOLUME
3856,V15_4_FISHWAY,V15_4_FISHWAY_I,V15_10_ALL,CONCRETE,V15_10_ALL,"-52.100000000,-509.678655900,3073.050000000;-51.850000000,-508.678705900,3075.060000000",NEGATIVE_VOLUME
3857,V15_4_FISHWAY,V15_4_FISHWAY_I,V15_10_ALL,CONCRETE,V15_10_ALL,"-52.100000000,-510.678605900,3073.060000000;-51.850000000,-509.678655900,3075.070000000",NEGATIVE_VOLUME
3858,V15_4_FISHWAY,V15_4_FISHWAY_I,V15_10_ALL,CONCRETE,V15_10_ALL,"-52.100000000,-511.678555900,3073.070000000;-51.850000000,-510.678605900,3075.080000000",NEGATIVE_VOLUME
3859,V15_4_FISHWAY,V15_4_FISHWAY_I,V15_10_ALL,CONCRETE,V15_10_ALL,"-52.100000000,-512.678505900,3073.080000000;-51.850000000,-511.678555900,3075.090000000",NEGATIVE_VOLUME
3860,V15_4_FISHWAY,V15_4_FISHWAY_I,V15_10_ALL,CONCRETE,V15_10_ALL,"-52.100000000,-513.678455900,3073.090000000;-51.850000000,-512.678505900,3075.100000000",NEGATIVE_VOLUME
3861,V15_4_FISHWAY,V15_4_FISHWAY_I,V15_10_ALL,CONCRETE,V15_10_ALL,"-52.100000000,-514.678405900,3073.100000000;-51.850000000,-513.678455900,3075.110000000",NEGATIVE_VOLUME
3862,V15_4_FISHWAY,V15_4_FISHWAY_I,V15_10_ALL,CONCRETE,V15_10_ALL,"-52.100000000,-515.678355800,3073.110000000;-51.850000000,-514.678405900,3075.120000000",NEGATIVE_VOLUME
3863,V15_4_FISHWAY,V15_4_FISHWAY_I,V15_10_ALL,CONCRETE,V15_10_ALL,"-52.100000000,-516.678305800,3073.120000000;-51.850000000,-515.678355800,3075.130000000",NEGATIVE_VOLUME
3864,V15_4_FISHWAY,V15_4_FISHWAY_I,V15_10_ALL,CONCRETE,V15_10_ALL,"-52.100000000,-517.678255800,3073.130000000;-51.850000000,-516.678305800,3075.140000000",NEGATIVE_VOLUME
3865,V15_4_FISHWAY,V15_4_FISHWAY_I,V15_10_ALL,CONCRETE,V15_10_ALL,"-52.100000000,-518.678205800,3073.140000000;-51.850000000,-517.678255800,3075.150000000",NEGATIVE_VOLUME
3866,V15_4_FISHWAY,V15_4_FISHWAY_I,V15_10_ALL,CONCRETE,V15_10_ALL,"-52.100000000,-519.678155800,3073.150000000;-51.850000000,-518.678205800,3075.160000000",NEGATIVE_VOLUME
3867,V15_4_FISHWAY,V15_4_FISHWAY_I,V15_10_ALL,CONCRETE,V15_10_ALL,"-52.100000000,-520.678105800,3073.160000000;-51.850000000,-519.678155800,3075.170000000",NEGATIVE_VOLUME
3868,V15_4_FISHWAY,V15_4_FISHWAY_I,V15_10_ALL,CONCRETE,V15_10_ALL,"-52.100000000,-521.678055800,3073.170000000;-51.850000000,-520.678105800,3075.180000000",NEGATIVE_VOLUME
3869,V15_4_FISHWAY,V15_4_FISHWAY_I,V15_10_ALL,CONCRETE,V15_10_ALL,"-52.100000000,-522.678005800,3073.180000000;-51.850000000,-521.678055800,3075.190000000",NEGATIVE_VOLUME
3870,V15_4_FISHWAY,V15_4_FISHWAY_I,V15_10_ALL,CONCRETE,V15_10_ALL,"-52.100000000,-523.677955800,3073.190000000;-51.850000000,-522.678005800,3075.200000000",NEGATIVE_VOLUME
3871,V15_4_FISHWAY,V15_4_FISHWAY_I,V15_10_ALL,CONCRETE,V15_10_ALL,"-52.100000000,-524.677905800,3073.200000000;-51.850000000,-523.677955800,3075.210000000",NEGATIVE_VOLUME
3872,V15_4_FISHWAY,V15_4_FISHWAY_I,V15_10_ALL,CONCRETE,V15_10_ALL,"-52.100000000,-525.677855800,3073.210000000;-51.850000000,-524.677905800,3075.220000000",NEGATIVE_VOLUME
3873,V15_4_FISHWAY,V15_4_FISHWAY_I,V15_10_ALL,CONCRETE,V15_10_ALL,"-52.100000000,-526.677805800,3073.220000000;-51.850000000,-525.677855800,3075.230000000",NEGATIVE_VOLUME
3874,V15_4_FISHWAY,V15_4_FISHWAY_I,V15_10_ALL,CONCRETE,V15_10_ALL,"-52.100000000,-527.677755800,3073.230000000;-51.850000000,-526.677805800,3075.240000000",NEGATIVE_VOLUME
3875,V15_4_FISHWAY,V15_4_FISHWAY_I,V15_10_ALL,CONCRETE,V15_10_ALL,"-52.100000000,-528.677705800,3073.240000000;-51.850000000,-527.677755800,3075.250000000",NEGATIVE_VOLUME
3876,V15_4_FISHWAY,V15_4_FISHWAY_I,V15_10_ALL,CONCRETE,V15_10_ALL,"-52.100000000,-529.677655800,3073.250000000;-51.850000000,-528.677705800,3075.260000000",NEGATIVE_VOLUME
3877,V15_4_FISHWAY,V15_4_FISHWAY_I,V15_10_ALL,CONCRETE,V15_10_ALL,"-52.100000000,-530.677605800,3073.260000000;-51.850000000,-529.677655800,3075.270000000",NEGATIVE_VOLUME
3878,V15_4_FISHWAY,V15_4_FISHWAY_I,V15_10_ALL,CONCRETE,V15_10_ALL,"-52.100000000,-531.677555800,3073.270000000;-51.850000000,-530.677605800,3075.280000000",NEGATIVE_VOLUME
3879,V15_4_FISHWAY,V15_4_FISHWAY_I,V15_10_ALL,CONCRETE,V15_10_ALL,"-52.100000000,-532.677505800,3073.280000000;-51.850000000,-531.677555800,3075.290000000",NEGATIVE_VOLUME
3880,V15_4_FISHWAY,V15_4_FISHWAY_I,V15_10_ALL,CONCRETE,V15_10_ALL,"-52.100000000,-533.677455800,3073.290000000;-51.850000000,-532.677505800,3075.300000000",NEGATIVE_VOLUME
3881,V15_4_FISHWAY,V15_4_FISHWAY_I,V15_10_ALL,CONCRETE,V15_10_ALL,"-52.100000000,-534.677405800,3073.300000000;-51.850000000,-533.677455800,3075.310000000",NEGATIVE_VOLUME
3882,V15_4_FISHWAY,V15_4_FISHWAY_I,V15_10_ALL,CONCRETE,V15_10_ALL,"-52.100000000,-535.677355800,3073.310000000;-51.850000000,-534.677405800,3075.320000000",NEGATIVE_VOLUME
3883,V15_4_FISHWAY,V15_4_FISHWAY_I,V15_10_ALL,CONCRETE,V15_10_ALL,"-52.100000000,-536.677305800,3073.320000000;-51.850000000,-535.677355800,3075.330000000",NEGATIVE_VOLUME
3884,V15_4_FISHWAY,V15_4_FISHWAY_I,V15_10_ALL,CONCRETE,V15_10_ALL,"-52.100000000,-537.677255800,3073.330000000;-51.850000000,-536.677305800,3075.340000000",NEGATIVE_VOLUME
3885,V15_4_FISHWAY,V15_4_FISHWAY_I,V15_10_ALL,CONCRETE,V15_10_ALL,"-52.100000000,-538.677205800,3073.340000000;-51.850000000,-537.677255800,3075.350000000",NEGATIVE_VOLUME
3886,V15_4_FISHWAY,V15_4_FISHWAY_I,V15_10_ALL,CONCRETE,V15_10_ALL,"-52.100000000,-539.677155800,3073.350000000;-51.850000000,-538.677205800,3075.360000000",NEGATIVE_VOLUME
3887,V15_4_FISHWAY,V15_4_FISHWAY_I,V15_10_ALL,CONCRETE,V15_10_ALL,"-52.100000000,-540.677105800,3073.360000000;-51.850000000,-539.677155800,3075.370000000",NEGATIVE_VOLUME
3888,V15_4_FISHWAY,V15_4_FISHWAY_I,V15_10_ALL,CONCRETE,V15_10_ALL,"-52.100000000,-541.677055800,3073.370000000;-51.850000000,-540.677105800,3075.380000000",NEGATIVE_VOLUME
3889,V15_4_FISHWAY,V15_4_FISHWAY_I,V15_10_ALL,CONCRETE,V15_10_ALL,"-52.100000000,-542.677005800,3073.380000000;-51.850000000,-541.677055800,3075.390000000",NEGATIVE_VOLUME
3890,V15_4_FISHWAY,V15_4_FISHWAY_I,V15_10_ALL,CONCRETE,V15_10_ALL,"-52.100000000,-543.676955800,3073.390000000;-51.850000000,-542.677005800,3075.400000000",NEGATIVE_VOLUME
3891,V15_4_FISHWAY,V15_4_FISHWAY_I,V15_10_ALL,CONCRETE,V15_10_ALL,"-52.100000000,-544.676905800,3073.400000000;-51.850000000,-543.676955800,3075.410000000",NEGATIVE_VOLUME
3892,V15_4_FISHWAY,V15_4_FISHWAY_I,V15_10_ALL,CONCRETE,V15_10_ALL,"-52.100000000,-545.676855800,3073.410000000;-51.850000000,-544.676905800,3075.420000000",NEGATIVE_VOLUME
3893,V15_4_FISHWAY,V15_4_FISHWAY_I,V15_10_ALL,CONCRETE,V15_10_ALL,"-52.100000000,-546.676805800,3073.420000000;-51.850000000,-545.676855800,3075.430000000",NEGATIVE_VOLUME
3894,V15_4_FISHWAY,V15_4_FISHWAY_I,V15_10_ALL,CONCRETE,V15_10_ALL,"-52.100000000,-547.676755800,3073.430000000;-51.850000000,-546.676805800,3075.440000000",NEGATIVE_VOLUME
3895,V15_4_FISHWAY,V15_4_FISHWAY_I,V15_10_ALL,CONCRETE,V15_10_ALL,"-52.100000000,-548.676705800,3073.440000000;-51.850000000,-547.676755800,3075.450000000",NEGATIVE_VOLUME
3896,V15_4_FISHWAY,V15_4_FISHWAY_I,V15_10_ALL,CONCRETE,V15_10_ALL,"-52.100000000,-549.676655800,3073.450000000;-51.850000000,-548.676705800,3075.460000000",NEGATIVE_VOLUME
3897,V15_4_FISHWAY,V15_4_FISHWAY_I,V15_10_ALL,CONCRETE,V15_10_ALL,"-52.100000000,-550.676605800,3073.460000000;-51.850000000,-549.676655800,3075.470000000",NEGATIVE_VOLUME
3898,V15_4_FISHWAY,V15_4_FISHWAY_I,V15_10_ALL,CONCRETE,V15_10_ALL,"-52.100000000,-551.676555800,3073.470000000;-51.850000000,-550.676605800,3075.480000000",NEGATIVE_VOLUME
3899,V15_4_FISHWAY,V15_4_FISHWAY_I,V15_10_ALL,CONCRETE,V15_10_ALL,"-52.100000000,-552.676505800,3073.480000000;-51.850000000,-551.676555800,3075.490000000",NEGATIVE_VOLUME
3900,V15_4_FISHWAY,V15_4_FISHWAY_I,V15_10_ALL,CONCRETE,V15_10_ALL,"-52.100000000,-553.676455800,3073.490000000;-51.850000000,-552.676505800,3075.500000000",NEGATIVE_VOLUME
3901,V15_4_FISHWAY,V15_4_FISHWAY_I,V15_10_ALL,CONCRETE,V15_10_ALL,"-52.100000000,-554.676405800,3073.500000000;-51.850000000,-553.676455800,3075.510000000",NEGATIVE_VOLUME
3902,V15_4_FISHWAY,V15_4_FISHWAY_I,V15_10_ALL,CONCRETE,V15_10_ALL,"-52.100000000,-555.676355800,3073.510000000;-51.850000000,-554.676405800,3075.520000000",NEGATIVE_VOLUME
3903,V15_4_FISHWAY,V15_4_FISHWAY_I,V15_10_ALL,CONCRETE,V15_10_ALL,"-52.100000000,-556.676305800,3073.520000000;-51.850000000,-555.676355800,3075.530000000",NEGATIVE_VOLUME
3904,V15_4_FISHWAY,V15_4_FISHWAY_I,V15_10_ALL,CONCRETE,V15_10_ALL,"-52.100000000,-557.676255800,3073.530000000;-51.850000000,-556.676305800,3075.540000000",NEGATIVE_VOLUME
3905,V15_4_FISHWAY,V15_4_FISHWAY_I,V15_10_ALL,CONCRETE,V15_10_ALL,"-52.100000000,-558.676205800,3073.540000000;-51.850000000,-557.676255800,3075.550000000",NEGATIVE_VOLUME
3906,V15_4_FISHWAY,V15_4_FISHWAY_I,V15_10_ALL,CONCRETE,V15_10_ALL,"-52.100000000,-559.676155800,3073.550000000;-51.850000000,-558.676205800,3075.560000000",NEGATIVE_VOLUME
3907,V15_4_FISHWAY,V15_4_FISHWAY_I,V15_10_ALL,CONCRETE,V15_10_ALL,"-52.100000000,-560.676105800,3073.560000000;-51.850000000,-559.676155800,3075.570000000",NEGATIVE_VOLUME
3908,V15_4_FISHWAY,V15_4_FISHWAY_I,V15_10_ALL,CONCRETE,V15_10_ALL,"-52.100000000,-561.676055800,3073.570000000;-51.850000000,-560.676105800,3075.580000000",NEGATIVE_VOLUME
3909,V15_4_FISHWAY,V15_4_FISHWAY_I,V15_10_ALL,CONCRETE,V15_10_ALL,"-52.100000000,-562.676005800,3073.580000000;-51.850000000,-561.676055800,3075.590000000",NEGATIVE_VOLUME
3910,V15_4_FISHWAY,V15_4_FISHWAY_I,V15_10_ALL,CONCRETE,V15_10_ALL,"-52.100000000,-563.675955800,3073.590000000;-51.850000000,-562.676005800,3075.600000000",NEGATIVE_VOLUME
3911,V15_4_FISHWAY,V15_4_FISHWAY_I,V15_10_ALL,CONCRETE,V15_10_ALL,"-52.100000000,-564.675905800,3073.600000000;-51.850000000,-563.675955800,3075.610000000",NEGATIVE_VOLUME
3912,V15_4_FISHWAY,V15_4_FISHWAY_I,V15_10_ALL,CONCRETE,V15_10_ALL,"-52.100000000,-565.675855800,3073.610000000;-51.850000000,-564.675905800,3075.620000000",NEGATIVE_VOLUME
3913,V15_4_FISHWAY,V15_4_FISHWAY_I,V15_10_ALL,CONCRETE,V15_10_ALL,"-52.100000000,-566.675805800,3073.620000000;-51.850000000,-565.675855800,3075.630000000",NEGATIVE_VOLUME
3914,V15_4_FISHWAY,V15_4_FISHWAY_I,V15_10_ALL,CONCRETE,V15_10_ALL,"-52.100000000,-567.675755800,3073.630000000;-51.850000000,-566.675805800,3075.640000000",NEGATIVE_VOLUME
3915,V15_4_FISHWAY,V15_4_FISHWAY_I,V15_10_ALL,CONCRETE,V15_10_ALL,"-52.100000000,-568.675705800,3073.640000000;-51.850000000,-567.675755800,3075.650000000",NEGATIVE_VOLUME
3916,V15_4_FISHWAY,V15_4_FISHWAY_I,V15_10_ALL,CONCRETE,V15_10_ALL,"-52.100000000,-569.675655800,3073.650000000;-51.850000000,-568.675705800,3075.660000000",NEGATIVE_VOLUME
3917,V15_4_FISHWAY,V15_4_FISHWAY_I,V15_10_ALL,CONCRETE,V15_10_ALL,"-52.100000000,-570.675605800,3073.660000000;-51.850000000,-569.675655800,3075.670000000",NEGATIVE_VOLUME
3918,V15_4_FISHWAY,V15_4_FISHWAY_I,V15_10_ALL,CONCRETE,V15_10_ALL,"-52.100000000,-571.675555800,3073.670000000;-51.850000000,-570.675605800,3075.680000000",NEGATIVE_VOLUME
3919,V15_4_FISHWAY,V15_4_FISHWAY_I,V15_10_ALL,CONCRETE,V15_10_ALL,"-52.100000000,-572.675505800,3073.680000000;-51.850000000,-571.675555800,3075.690000000",NEGATIVE_VOLUME
3920,V15_4_FISHWAY,V15_4_FISHWAY_I,V15_10_ALL,CONCRETE,V15_10_ALL,"-52.100000000,-573.675455800,3073.690000000;-51.850000000,-572.675505800,3075.700000000",NEGATIVE_VOLUME
3921,V15_4_FISHWAY,V15_4_FISHWAY_I,V15_10_ALL,CONCRETE,V15_10_ALL,"-52.100000000,-574.675405800,3073.700000000;-51.850000000,-573.675455800,3075.710000000",NEGATIVE_VOLUME
3922,V15_4_FISHWAY,V15_4_FISHWAY_I,V15_10_ALL,CONCRETE,V15_10_ALL,"-52.100000000,-575.675355800,3073.710000000;-51.850000000,-574.675405800,3075.720000000",NEGATIVE_VOLUME
3923,V15_4_FISHWAY,V15_4_FISHWAY_I,V15_10_ALL,CONCRETE,V15_10_ALL,"-52.100000000,-576.675305800,3073.720000000;-51.850000000,-575.675355800,3075.730000000",NEGATIVE_VOLUME
3924,V15_4_FISHWAY,V15_4_FISHWAY_I,V15_10_ALL,CONCRETE,V15_10_ALL,"-52.100000000,-577.675255800,3073.730000000;-51.850000000,-576.675305800,3075.740000000",NEGATIVE_VOLUME
3925,V15_4_FISHWAY,V15_4_FISHWAY_I,V15_10_ALL,CONCRETE,V15_10_ALL,"-52.100000000,-578.675205800,3073.740000000;-51.850000000,-577.675255800,3075.750000000",NEGATIVE_VOLUME
3926,V15_4_FISHWAY,V15_4_FISHWAY_I,V15_10_ALL,CONCRETE,V15_10_ALL,"-52.100000000,-579.675155800,3073.750000000;-51.850000000,-578.675205800,3075.760000000",NEGATIVE_VOLUME
3927,V15_4_FISHWAY,V15_4_FISHWAY_I,V15_10_ALL,CONCRETE,V15_10_ALL,"-52.100000000,-580.675105800,3073.760000000;-51.850000000,-579.675155800,3075.770000000",NEGATIVE_VOLUME
3928,V15_4_FISHWAY,V15_4_FISHWAY_I,V15_10_ALL,CONCRETE,V15_10_ALL,"-52.100000000,-581.675055800,3073.770000000;-51.850000000,-580.675105800,3075.780000000",NEGATIVE_VOLUME
3929,V15_4_FISHWAY,V15_4_FISHWAY_I,V15_10_ALL,CONCRETE,V15_10_ALL,"-52.100000000,-582.675005800,3073.780000000;-51.850000000,-581.675055800,3075.790000000",NEGATIVE_VOLUME
3930,V15_4_FISHWAY,V15_4_FISHWAY_I,V15_10_ALL,CONCRETE,V15_10_ALL,"-52.100000000,-583.674955800,3073.790000000;-51.850000000,-582.675005800,3075.800000000",NEGATIVE_VOLUME
3931,V15_4_FISHWAY,V15_4_FISHWAY_I,V15_10_ALL,CONCRETE,V15_10_ALL,"-52.100000000,-584.674905800,3073.800000000;-51.850000000,-583.674955800,3075.810000000",NEGATIVE_VOLUME
3932,V15_4_FISHWAY,V15_4_FISHWAY_I,V15_10_ALL,CONCRETE,V15_10_ALL,"-52.100000000,-585.674855800,3073.810000000;-51.850000000,-584.674905800,3075.820000000",NEGATIVE_VOLUME
3933,V15_4_FISHWAY,V15_4_FISHWAY_I,V15_10_ALL,CONCRETE,V15_10_ALL,"-52.100000000,-586.674805800,3073.820000000;-51.850000000,-585.674855800,3075.830000000",NEGATIVE_VOLUME
3934,V15_4_FISHWAY,V15_4_FISHWAY_I,V15_10_ALL,CONCRETE,V15_10_ALL,"-52.100000000,-587.674755800,3073.830000000;-51.850000000,-586.674805800,3075.840000000",NEGATIVE_VOLUME
3935,V15_4_FISHWAY,V15_4_FISHWAY_I,V15_10_ALL,CONCRETE,V15_10_ALL,"-52.100000000,-588.674705800,3073.840000000;-51.850000000,-587.674755800,3075.850000000",NEGATIVE_VOLUME
3936,V15_4_FISHWAY,V15_4_FISHWAY_I,V15_10_ALL,CONCRETE,V15_10_ALL,"-52.100000000,-589.674655800,3073.850000000;-51.850000000,-588.674705800,3075.860000000",NEGATIVE_VOLUME
3937,V15_4_FISHWAY,V15_4_FISHWAY_I,V15_10_ALL,CONCRETE,V15_10_ALL,"-52.100000000,-590.674605800,3073.860000000;-51.850000000,-589.674655800,3075.870000000",NEGATIVE_VOLUME
3938,V15_4_FISHWAY,V15_4_FISHWAY_I,V15_10_ALL,CONCRETE,V15_10_ALL,"-52.100000000,-591.674555800,3073.870000000;-51.850000000,-590.674605800,3075.880000000",NEGATIVE_VOLUME
3939,V15_4_FISHWAY,V15_4_FISHWAY_I,V15_10_ALL,CONCRETE,V15_10_ALL,"-52.100000000,-592.674505800,3073.880000000;-51.850000000,-591.674555800,3075.890000000",NEGATIVE_VOLUME
3940,V15_4_FISHWAY,V15_4_FISHWAY_I,V15_10_ALL,CONCRETE,V15_10_ALL,"-52.100000000,-593.674455800,3073.890000000;-51.850000000,-592.674505800,3075.900000000",NEGATIVE_VOLUME
3941,V15_4_FISHWAY,V15_4_FISHWAY_I,V15_10_ALL,CONCRETE,V15_10_ALL,"-52.100000000,-594.674405800,3073.900000000;-51.850000000,-593.674455800,3075.910000000",NEGATIVE_VOLUME
3942,V15_4_FISHWAY,V15_4_FISHWAY_I,V15_10_ALL,CONCRETE,V15_10_ALL,"-52.100000000,-595.674355700,3073.910000000;-51.850000000,-594.674405800,3075.920000000",NEGATIVE_VOLUME
3943,V15_4_FISHWAY,V15_4_FISHWAY_I,V15_10_ALL,CONCRETE,V15_10_ALL,"-52.100000000,-596.674305700,3073.920000000;-51.850000000,-595.674355700,3075.930000000",NEGATIVE_VOLUME
3944,V15_4_FISHWAY,V15_4_FISHWAY_I,V15_10_ALL,CONCRETE,V15_10_ALL,"-52.100000000,-597.674255700,3073.930000000;-51.850000000,-596.674305700,3075.940000000",NEGATIVE_VOLUME
3945,V15_4_FISHWAY,V15_4_FISHWAY_I,V15_10_ALL,CONCRETE,V15_10_ALL,"-52.100000000,-598.674205700,3073.940000000;-51.850000000,-597.674255700,3075.950000000",NEGATIVE_VOLUME
3946,V15_4_FISHWAY,V15_4_FISHWAY_I,V15_10_ALL,CONCRETE,V15_10_ALL,"-52.100000000,-599.674155700,3073.950000000;-51.850000000,-598.674205700,3075.960000000",NEGATIVE_VOLUME
3947,V15_4_FISHWAY,V15_4_FISHWAY_I,V15_10_ALL,CONCRETE,V15_10_ALL,"-52.100000000,-600.674105700,3073.960000000;-51.850000000,-599.674155700,3075.970000000",NEGATIVE_VOLUME
3948,V15_4_FISHWAY,V15_4_FISHWAY_I,V15_10_ALL,CONCRETE,V15_10_ALL,"-52.100000000,-601.674055700,3073.970000000;-51.850000000,-600.674105700,3075.980000000",NEGATIVE_VOLUME
3949,V15_4_FISHWAY,V15_4_FISHWAY_I,V15_10_ALL,CONCRETE,V15_10_ALL,"-52.100000000,-602.674005700,3073.980000000;-51.850000000,-601.674055700,3075.990000000",NEGATIVE_VOLUME
3950,V15_4_FISHWAY,V15_4_FISHWAY_I,V15_10_ALL,CONCRETE,V15_10_ALL,"-52.100000000,-603.673955700,3073.990000000;-51.850000000,-602.674005700,3076.000000000",NEGATIVE_VOLUME
3951,V15_4_FISHWAY,V15_4_FISHWAY_I,V15_10_ALL,CONCRETE,V15_10_ALL,"-49.850000000,-504.678905900,3073.000000000;-49.600000000,-503.678955900,3075.010000000",NEGATIVE_VOLUME
3952,V15_4_FISHWAY,V15_4_FISHWAY_I,V15_10_ALL,CONCRETE,V15_10_ALL,"-49.850000000,-505.678855900,3073.010000000;-49.600000000,-504.678905900,3075.020000000",NEGATIVE_VOLUME
3953,V15_4_FISHWAY,V15_4_FISHWAY_I,V15_10_ALL,CONCRETE,V15_10_ALL,"-49.850000000,-506.678805900,3073.020000000;-49.600000000,-505.678855900,3075.030000000",NEGATIVE_VOLUME
3954,V15_4_FISHWAY,V15_4_FISHWAY_I,V15_10_ALL,CONCRETE,V15_10_ALL,"-49.850000000,-507.678755900,3073.030000000;-49.600000000,-506.678805900,3075.040000000",NEGATIVE_VOLUME
3955,V15_4_FISHWAY,V15_4_FISHWAY_I,V15_10_ALL,CONCRETE,V15_10_ALL,"-49.850000000,-508.678705900,3073.040000000;-49.600000000,-507.678755900,3075.050000000",NEGATIVE_VOLUME
3956,V15_4_FISHWAY,V15_4_FISHWAY_I,V15_10_ALL,CONCRETE,V15_10_ALL,"-49.850000000,-509.678655900,3073.050000000;-49.600000000,-508.678705900,3075.060000000",NEGATIVE_VOLUME
3957,V15_4_FISHWAY,V15_4_FISHWAY_I,V15_10_ALL,CONCRETE,V15_10_ALL,"-49.850000000,-510.678605900,3073.060000000;-49.600000000,-509.678655900,3075.070000000",NEGATIVE_VOLUME
3958,V15_4_FISHWAY,V15_4_FISHWAY_I,V15_10_ALL,CONCRETE,V15_10_ALL,"-49.850000000,-511.678555900,3073.070000000;-49.600000000,-510.678605900,3075.080000000",NEGATIVE_VOLUME
3959,V15_4_FISHWAY,V15_4_FISHWAY_I,V15_10_ALL,CONCRETE,V15_10_ALL,"-49.850000000,-512.678505900,3073.080000000;-49.600000000,-511.678555900,3075.090000000",NEGATIVE_VOLUME
3960,V15_4_FISHWAY,V15_4_FISHWAY_I,V15_10_ALL,CONCRETE,V15_10_ALL,"-49.850000000,-513.678455900,3073.090000000;-49.600000000,-512.678505900,3075.100000000",NEGATIVE_VOLUME
3961,V15_4_FISHWAY,V15_4_FISHWAY_I,V15_10_ALL,CONCRETE,V15_10_ALL,"-49.850000000,-514.678405900,3073.100000000;-49.600000000,-513.678455900,3075.110000000",NEGATIVE_VOLUME
3962,V15_4_FISHWAY,V15_4_FISHWAY_I,V15_10_ALL,CONCRETE,V15_10_ALL,"-49.850000000,-515.678355800,3073.110000000;-49.600000000,-514.678405900,3075.120000000",NEGATIVE_VOLUME
3963,V15_4_FISHWAY,V15_4_FISHWAY_I,V15_10_ALL,CONCRETE,V15_10_ALL,"-49.850000000,-516.678305800,3073.120000000;-49.600000000,-515.678355800,3075.130000000",NEGATIVE_VOLUME
3964,V15_4_FISHWAY,V15_4_FISHWAY_I,V15_10_ALL,CONCRETE,V15_10_ALL,"-49.850000000,-517.678255800,3073.130000000;-49.600000000,-516.678305800,3075.140000000",NEGATIVE_VOLUME
3965,V15_4_FISHWAY,V15_4_FISHWAY_I,V15_10_ALL,CONCRETE,V15_10_ALL,"-49.850000000,-518.678205800,3073.140000000;-49.600000000,-517.678255800,3075.150000000",NEGATIVE_VOLUME
3966,V15_4_FISHWAY,V15_4_FISHWAY_I,V15_10_ALL,CONCRETE,V15_10_ALL,"-49.850000000,-519.678155800,3073.150000000;-49.600000000,-518.678205800,3075.160000000",NEGATIVE_VOLUME
3967,V15_4_FISHWAY,V15_4_FISHWAY_I,V15_10_ALL,CONCRETE,V15_10_ALL,"-49.850000000,-520.678105800,3073.160000000;-49.600000000,-519.678155800,3075.170000000",NEGATIVE_VOLUME
3968,V15_4_FISHWAY,V15_4_FISHWAY_I,V15_10_ALL,CONCRETE,V15_10_ALL,"-49.850000000,-521.678055800,3073.170000000;-49.600000000,-520.678105800,3075.180000000",NEGATIVE_VOLUME
3969,V15_4_FISHWAY,V15_4_FISHWAY_I,V15_10_ALL,CONCRETE,V15_10_ALL,"-49.850000000,-522.678005800,3073.180000000;-49.600000000,-521.678055800,3075.190000000",NEGATIVE_VOLUME
3970,V15_4_FISHWAY,V15_4_FISHWAY_I,V15_10_ALL,CONCRETE,V15_10_ALL,"-49.850000000,-523.677955800,3073.190000000;-49.600000000,-522.678005800,3075.200000000",NEGATIVE_VOLUME
3971,V15_4_FISHWAY,V15_4_FISHWAY_I,V15_10_ALL,CONCRETE,V15_10_ALL,"-49.850000000,-524.677905800,3073.200000000;-49.600000000,-523.677955800,3075.210000000",NEGATIVE_VOLUME
3972,V15_4_FISHWAY,V15_4_FISHWAY_I,V15_10_ALL,CONCRETE,V15_10_ALL,"-49.850000000,-525.677855800,3073.210000000;-49.600000000,-524.677905800,3075.220000000",NEGATIVE_VOLUME
3973,V15_4_FISHWAY,V15_4_FISHWAY_I,V15_10_ALL,CONCRETE,V15_10_ALL,"-49.850000000,-526.677805800,3073.220000000;-49.600000000,-525.677855800,3075.230000000",NEGATIVE_VOLUME
3974,V15_4_FISHWAY,V15_4_FISHWAY_I,V15_10_ALL,CONCRETE,V15_10_ALL,"-49.850000000,-527.677755800,3073.230000000;-49.600000000,-526.677805800,3075.240000000",NEGATIVE_VOLUME
3975,V15_4_FISHWAY,V15_4_FISHWAY_I,V15_10_ALL,CONCRETE,V15_10_ALL,"-49.850000000,-528.677705800,3073.240000000;-49.600000000,-527.677755800,3075.250000000",NEGATIVE_VOLUME
3976,V15_4_FISHWAY,V15_4_FISHWAY_I,V15_10_ALL,CONCRETE,V15_10_ALL,"-49.850000000,-529.677655800,3073.250000000;-49.600000000,-528.677705800,3075.260000000",NEGATIVE_VOLUME
3977,V15_4_FISHWAY,V15_4_FISHWAY_I,V15_10_ALL,CONCRETE,V15_10_ALL,"-49.850000000,-530.677605800,3073.260000000;-49.600000000,-529.677655800,3075.270000000",NEGATIVE_VOLUME
3978,V15_4_FISHWAY,V15_4_FISHWAY_I,V15_10_ALL,CONCRETE,V15_10_ALL,"-49.850000000,-531.677555800,3073.270000000;-49.600000000,-530.677605800,3075.280000000",NEGATIVE_VOLUME
3979,V15_4_FISHWAY,V15_4_FISHWAY_I,V15_10_ALL,CONCRETE,V15_10_ALL,"-49.850000000,-532.677505800,3073.280000000;-49.600000000,-531.677555800,3075.290000000",NEGATIVE_VOLUME
3980,V15_4_FISHWAY,V15_4_FISHWAY_I,V15_10_ALL,CONCRETE,V15_10_ALL,"-49.850000000,-533.677455800,3073.290000000;-49.600000000,-532.677505800,3075.300000000",NEGATIVE_VOLUME
3981,V15_4_FISHWAY,V15_4_FISHWAY_I,V15_10_ALL,CONCRETE,V15_10_ALL,"-49.850000000,-534.677405800,3073.300000000;-49.600000000,-533.677455800,3075.310000000",NEGATIVE_VOLUME
3982,V15_4_FISHWAY,V15_4_FISHWAY_I,V15_10_ALL,CONCRETE,V15_10_ALL,"-49.850000000,-535.677355800,3073.310000000;-49.600000000,-534.677405800,3075.320000000",NEGATIVE_VOLUME
3983,V15_4_FISHWAY,V15_4_FISHWAY_I,V15_10_ALL,CONCRETE,V15_10_ALL,"-49.850000000,-536.677305800,3073.320000000;-49.600000000,-535.677355800,3075.330000000",NEGATIVE_VOLUME
3984,V15_4_FISHWAY,V15_4_FISHWAY_I,V15_10_ALL,CONCRETE,V15_10_ALL,"-49.850000000,-537.677255800,3073.330000000;-49.600000000,-536.677305800,3075.340000000",NEGATIVE_VOLUME
3985,V15_4_FISHWAY,V15_4_FISHWAY_I,V15_10_ALL,CONCRETE,V15_10_ALL,"-49.850000000,-538.677205800,3073.340000000;-49.600000000,-537.677255800,3075.350000000",NEGATIVE_VOLUME
3986,V15_4_FISHWAY,V15_4_FISHWAY_I,V15_10_ALL,CONCRETE,V15_10_ALL,"-49.850000000,-539.677155800,3073.350000000;-49.600000000,-538.677205800,3075.360000000",NEGATIVE_VOLUME
3987,V15_4_FISHWAY,V15_4_FISHWAY_I,V15_10_ALL,CONCRETE,V15_10_ALL,"-49.850000000,-540.677105800,3073.360000000;-49.600000000,-539.677155800,3075.370000000",NEGATIVE_VOLUME
3988,V15_4_FISHWAY,V15_4_FISHWAY_I,V15_10_ALL,CONCRETE,V15_10_ALL,"-49.850000000,-541.677055800,3073.370000000;-49.600000000,-540.677105800,3075.380000000",NEGATIVE_VOLUME
3989,V15_4_FISHWAY,V15_4_FISHWAY_I,V15_10_ALL,CONCRETE,V15_10_ALL,"-49.850000000,-542.677005800,3073.380000000;-49.600000000,-541.677055800,3075.390000000",NEGATIVE_VOLUME
3990,V15_4_FISHWAY,V15_4_FISHWAY_I,V15_10_ALL,CONCRETE,V15_10_ALL,"-49.850000000,-543.676955800,3073.390000000;-49.600000000,-542.677005800,3075.400000000",NEGATIVE_VOLUME
3991,V15_4_FISHWAY,V15_4_FISHWAY_I,V15_10_ALL,CONCRETE,V15_10_ALL,"-49.850000000,-544.676905800,3073.400000000;-49.600000000,-543.676955800,3075.410000000",NEGATIVE_VOLUME
3992,V15_4_FISHWAY,V15_4_FISHWAY_I,V15_10_ALL,CONCRETE,V15_10_ALL,"-49.850000000,-545.676855800,3073.410000000;-49.600000000,-544.676905800,3075.420000000",NEGATIVE_VOLUME
3993,V15_4_FISHWAY,V15_4_FISHWAY_I,V15_10_ALL,CONCRETE,V15_10_ALL,"-49.850000000,-546.676805800,3073.420000000;-49.600000000,-545.676855800,3075.430000000",NEGATIVE_VOLUME
3994,V15_4_FISHWAY,V15_4_FISHWAY_I,V15_10_ALL,CONCRETE,V15_10_ALL,"-49.850000000,-547.676755800,3073.430000000;-49.600000000,-546.676805800,3075.440000000",NEGATIVE_VOLUME
3995,V15_4_FISHWAY,V15_4_FISHWAY_I,V15_10_ALL,CONCRETE,V15_10_ALL,"-49.850000000,-548.676705800,3073.440000000;-49.600000000,-547.676755800,3075.450000000",NEGATIVE_VOLUME
3996,V15_4_FISHWAY,V15_4_FISHWAY_I,V15_10_ALL,CONCRETE,V15_10_ALL,"-49.850000000,-549.676655800,3073.450000000;-49.600000000,-548.676705800,3075.460000000",NEGATIVE_VOLUME
3997,V15_4_FISHWAY,V15_4_FISHWAY_I,V15_10_ALL,CONCRETE,V15_10_ALL,"-49.850000000,-550.676605800,3073.460000000;-49.600000000,-549.676655800,3075.470000000",NEGATIVE_VOLUME
3998,V15_4_FISHWAY,V15_4_FISHWAY_I,V15_10_ALL,CONCRETE,V15_10_ALL,"-49.850000000,-551.676555800,3073.470000000;-49.600000000,-550.676605800,3075.480000000",NEGATIVE_VOLUME
3999,V15_4_FISHWAY,V15_4_FISHWAY_I,V15_10_ALL,CONCRETE,V15_10_ALL,"-49.850000000,-552.676505800,3073.480000000;-49.600000000,-551.676555800,3075.490000000",NEGATIVE_VOLUME
4000,V15_4_FISHWAY,V15_4_FISHWAY_I,V15_10_ALL,CONCRETE,V15_10_ALL,"-49.850000000,-553.676455800,3073.490000000;-49.600000000,-552.676505800,3075.500000000",NEGATIVE_VOLUME
4001,V15_4_FISHWAY,V15_4_FISHWAY_I,V15_10_ALL,CONCRETE,V15_10_ALL,"-49.850000000,-554.676405800,3073.500000000;-49.600000000,-553.676455800,3075.510000000",NEGATIVE_VOLUME
4002,V15_4_FISHWAY,V15_4_FISHWAY_I,V15_10_ALL,CONCRETE,V15_10_ALL,"-49.850000000,-555.676355800,3073.510000000;-49.600000000,-554.676405800,3075.520000000",NEGATIVE_VOLUME
4003,V15_4_FISHWAY,V15_4_FISHWAY_I,V15_10_ALL,CONCRETE,V15_10_ALL,"-49.850000000,-556.676305800,3073.520000000;-49.600000000,-555.676355800,3075.530000000",NEGATIVE_VOLUME
4004,V15_4_FISHWAY,V15_4_FISHWAY_I,V15_10_ALL,CONCRETE,V15_10_ALL,"-49.850000000,-557.676255800,3073.530000000;-49.600000000,-556.676305800,3075.540000000",NEGATIVE_VOLUME
4005,V15_4_FISHWAY,V15_4_FISHWAY_I,V15_10_ALL,CONCRETE,V15_10_ALL,"-49.850000000,-558.676205800,3073.540000000;-49.600000000,-557.676255800,3075.550000000",NEGATIVE_VOLUME
4006,V15_4_FISHWAY,V15_4_FISHWAY_I,V15_10_ALL,CONCRETE,V15_10_ALL,"-49.850000000,-559.676155800,3073.550000000;-49.600000000,-558.676205800,3075.560000000",NEGATIVE_VOLUME
4007,V15_4_FISHWAY,V15_4_FISHWAY_I,V15_10_ALL,CONCRETE,V15_10_ALL,"-49.850000000,-560.676105800,3073.560000000;-49.600000000,-559.676155800,3075.570000000",NEGATIVE_VOLUME
4008,V15_4_FISHWAY,V15_4_FISHWAY_I,V15_10_ALL,CONCRETE,V15_10_ALL,"-49.850000000,-561.676055800,3073.570000000;-49.600000000,-560.676105800,3075.580000000",NEGATIVE_VOLUME
4009,V15_4_FISHWAY,V15_4_FISHWAY_I,V15_10_ALL,CONCRETE,V15_10_ALL,"-49.850000000,-562.676005800,3073.580000000;-49.600000000,-561.676055800,3075.590000000",NEGATIVE_VOLUME
4010,V15_4_FISHWAY,V15_4_FISHWAY_I,V15_10_ALL,CONCRETE,V15_10_ALL,"-49.850000000,-563.675955800,3073.590000000;-49.600000000,-562.676005800,3075.600000000",NEGATIVE_VOLUME
4011,V15_4_FISHWAY,V15_4_FISHWAY_I,V15_10_ALL,CONCRETE,V15_10_ALL,"-49.850000000,-564.675905800,3073.600000000;-49.600000000,-563.675955800,3075.610000000",NEGATIVE_VOLUME
4012,V15_4_FISHWAY,V15_4_FISHWAY_I,V15_10_ALL,CONCRETE,V15_10_ALL,"-49.850000000,-565.675855800,3073.610000000;-49.600000000,-564.675905800,3075.620000000",NEGATIVE_VOLUME
4013,V15_4_FISHWAY,V15_4_FISHWAY_I,V15_10_ALL,CONCRETE,V15_10_ALL,"-49.850000000,-566.675805800,3073.620000000;-49.600000000,-565.675855800,3075.630000000",NEGATIVE_VOLUME
4014,V15_4_FISHWAY,V15_4_FISHWAY_I,V15_10_ALL,CONCRETE,V15_10_ALL,"-49.850000000,-567.675755800,3073.630000000;-49.600000000,-566.675805800,3075.640000000",NEGATIVE_VOLUME
4015,V15_4_FISHWAY,V15_4_FISHWAY_I,V15_10_ALL,CONCRETE,V15_10_ALL,"-49.850000000,-568.675705800,3073.640000000;-49.600000000,-567.675755800,3075.650000000",NEGATIVE_VOLUME
4016,V15_4_FISHWAY,V15_4_FISHWAY_I,V15_10_ALL,CONCRETE,V15_10_ALL,"-49.850000000,-569.675655800,3073.650000000;-49.600000000,-568.675705800,3075.660000000",NEGATIVE_VOLUME
4017,V15_4_FISHWAY,V15_4_FISHWAY_I,V15_10_ALL,CONCRETE,V15_10_ALL,"-49.850000000,-570.675605800,3073.660000000;-49.600000000,-569.675655800,3075.670000000",NEGATIVE_VOLUME
4018,V15_4_FISHWAY,V15_4_FISHWAY_I,V15_10_ALL,CONCRETE,V15_10_ALL,"-49.850000000,-571.675555800,3073.670000000;-49.600000000,-570.675605800,3075.680000000",NEGATIVE_VOLUME
4019,V15_4_FISHWAY,V15_4_FISHWAY_I,V15_10_ALL,CONCRETE,V15_10_ALL,"-49.850000000,-572.675505800,3073.680000000;-49.600000000,-571.675555800,3075.690000000",NEGATIVE_VOLUME
4020,V15_4_FISHWAY,V15_4_FISHWAY_I,V15_10_ALL,CONCRETE,V15_10_ALL,"-49.850000000,-573.675455800,3073.690000000;-49.600000000,-572.675505800,3075.700000000",NEGATIVE_VOLUME
4021,V15_4_FISHWAY,V15_4_FISHWAY_I,V15_10_ALL,CONCRETE,V15_10_ALL,"-49.850000000,-574.675405800,3073.700000000;-49.600000000,-573.675455800,3075.710000000",NEGATIVE_VOLUME
4022,V15_4_FISHWAY,V15_4_FISHWAY_I,V15_10_ALL,CONCRETE,V15_10_ALL,"-49.850000000,-575.675355800,3073.710000000;-49.600000000,-574.675405800,3075.720000000",NEGATIVE_VOLUME
4023,V15_4_FISHWAY,V15_4_FISHWAY_I,V15_10_ALL,CONCRETE,V15_10_ALL,"-49.850000000,-576.675305800,3073.720000000;-49.600000000,-575.675355800,3075.730000000",NEGATIVE_VOLUME
4024,V15_4_FISHWAY,V15_4_FISHWAY_I,V15_10_ALL,CONCRETE,V15_10_ALL,"-49.850000000,-577.675255800,3073.730000000;-49.600000000,-576.675305800,3075.740000000",NEGATIVE_VOLUME
4025,V15_4_FISHWAY,V15_4_FISHWAY_I,V15_10_ALL,CONCRETE,V15_10_ALL,"-49.850000000,-578.675205800,3073.740000000;-49.600000000,-577.675255800,3075.750000000",NEGATIVE_VOLUME
4026,V15_4_FISHWAY,V15_4_FISHWAY_I,V15_10_ALL,CONCRETE,V15_10_ALL,"-49.850000000,-579.675155800,3073.750000000;-49.600000000,-578.675205800,3075.760000000",NEGATIVE_VOLUME
4027,V15_4_FISHWAY,V15_4_FISHWAY_I,V15_10_ALL,CONCRETE,V15_10_ALL,"-49.850000000,-580.675105800,3073.760000000;-49.600000000,-579.675155800,3075.770000000",NEGATIVE_VOLUME
4028,V15_4_FISHWAY,V15_4_FISHWAY_I,V15_10_ALL,CONCRETE,V15_10_ALL,"-49.850000000,-581.675055800,3073.770000000;-49.600000000,-580.675105800,3075.780000000",NEGATIVE_VOLUME
4029,V15_4_FISHWAY,V15_4_FISHWAY_I,V15_10_ALL,CONCRETE,V15_10_ALL,"-49.850000000,-582.675005800,3073.780000000;-49.600000000,-581.675055800,3075.790000000",NEGATIVE_VOLUME
4030,V15_4_FISHWAY,V15_4_FISHWAY_I,V15_10_ALL,CONCRETE,V15_10_ALL,"-49.850000000,-583.674955800,3073.790000000;-49.600000000,-582.675005800,3075.800000000",NEGATIVE_VOLUME
4031,V15_4_FISHWAY,V15_4_FISHWAY_I,V15_10_ALL,CONCRETE,V15_10_ALL,"-49.850000000,-584.674905800,3073.800000000;-49.600000000,-583.674955800,3075.810000000",NEGATIVE_VOLUME
4032,V15_4_FISHWAY,V15_4_FISHWAY_I,V15_10_ALL,CONCRETE,V15_10_ALL,"-49.850000000,-585.674855800,3073.810000000;-49.600000000,-584.674905800,3075.820000000",NEGATIVE_VOLUME
4033,V15_4_FISHWAY,V15_4_FISHWAY_I,V15_10_ALL,CONCRETE,V15_10_ALL,"-49.850000000,-586.674805800,3073.820000000;-49.600000000,-585.674855800,3075.830000000",NEGATIVE_VOLUME
4034,V15_4_FISHWAY,V15_4_FISHWAY_I,V15_10_ALL,CONCRETE,V15_10_ALL,"-49.850000000,-587.674755800,3073.830000000;-49.600000000,-586.674805800,3075.840000000",NEGATIVE_VOLUME
4035,V15_4_FISHWAY,V15_4_FISHWAY_I,V15_10_ALL,CONCRETE,V15_10_ALL,"-49.850000000,-588.674705800,3073.840000000;-49.600000000,-587.674755800,3075.850000000",NEGATIVE_VOLUME
4036,V15_4_FISHWAY,V15_4_FISHWAY_I,V15_10_ALL,CONCRETE,V15_10_ALL,"-49.850000000,-589.674655800,3073.850000000;-49.600000000,-588.674705800,3075.860000000",NEGATIVE_VOLUME
4037,V15_4_FISHWAY,V15_4_FISHWAY_I,V15_10_ALL,CONCRETE,V15_10_ALL,"-49.850000000,-590.674605800,3073.860000000;-49.600000000,-589.674655800,3075.870000000",NEGATIVE_VOLUME
4038,V15_4_FISHWAY,V15_4_FISHWAY_I,V15_10_ALL,CONCRETE,V15_10_ALL,"-49.850000000,-591.674555800,3073.870000000;-49.600000000,-590.674605800,3075.880000000",NEGATIVE_VOLUME
4039,V15_4_FISHWAY,V15_4_FISHWAY_I,V15_10_ALL,CONCRETE,V15_10_ALL,"-49.850000000,-592.674505800,3073.880000000;-49.600000000,-591.674555800,3075.890000000",NEGATIVE_VOLUME
4040,V15_4_FISHWAY,V15_4_FISHWAY_I,V15_10_ALL,CONCRETE,V15_10_ALL,"-49.850000000,-593.674455800,3073.890000000;-49.600000000,-592.674505800,3075.900000000",NEGATIVE_VOLUME
4041,V15_4_FISHWAY,V15_4_FISHWAY_I,V15_10_ALL,CONCRETE,V15_10_ALL,"-49.850000000,-594.674405800,3073.900000000;-49.600000000,-593.674455800,3075.910000000",NEGATIVE_VOLUME
4042,V15_4_FISHWAY,V15_4_FISHWAY_I,V15_10_ALL,CONCRETE,V15_10_ALL,"-49.850000000,-595.674355700,3073.910000000;-49.600000000,-594.674405800,3075.920000000",NEGATIVE_VOLUME
4043,V15_4_FISHWAY,V15_4_FISHWAY_I,V15_10_ALL,CONCRETE,V15_10_ALL,"-49.850000000,-596.674305700,3073.920000000;-49.600000000,-595.674355700,3075.930000000",NEGATIVE_VOLUME
4044,V15_4_FISHWAY,V15_4_FISHWAY_I,V15_10_ALL,CONCRETE,V15_10_ALL,"-49.850000000,-597.674255700,3073.930000000;-49.600000000,-596.674305700,3075.940000000",NEGATIVE_VOLUME
4045,V15_4_FISHWAY,V15_4_FISHWAY_I,V15_10_ALL,CONCRETE,V15_10_ALL,"-49.850000000,-598.674205700,3073.940000000;-49.600000000,-597.674255700,3075.950000000",NEGATIVE_VOLUME
4046,V15_4_FISHWAY,V15_4_FISHWAY_I,V15_10_ALL,CONCRETE,V15_10_ALL,"-49.850000000,-599.674155700,3073.950000000;-49.600000000,-598.674205700,3075.960000000",NEGATIVE_VOLUME
4047,V15_4_FISHWAY,V15_4_FISHWAY_I,V15_10_ALL,CONCRETE,V15_10_ALL,"-49.850000000,-600.674105700,3073.960000000;-49.600000000,-599.674155700,3075.970000000",NEGATIVE_VOLUME
4048,V15_4_FISHWAY,V15_4_FISHWAY_I,V15_10_ALL,CONCRETE,V15_10_ALL,"-49.850000000,-601.674055700,3073.970000000;-49.600000000,-600.674105700,3075.980000000",NEGATIVE_VOLUME
4049,V15_4_FISHWAY,V15_4_FISHWAY_I,V15_10_ALL,CONCRETE,V15_10_ALL,"-49.850000000,-602.674005700,3073.980000000;-49.600000000,-601.674055700,3075.990000000",NEGATIVE_VOLUME
4050,V15_4_FISHWAY,V15_4_FISHWAY_I,V15_10_ALL,CONCRETE,V15_10_ALL,"-49.850000000,-603.673955700,3073.990000000;-49.600000000,-602.674005700,3076.000000000",NEGATIVE_VOLUME
4051,V15_4_FISHWAY,V15_4_FISHWAY_I,V15_10_ALL,CONCRETE,V15_10_ALL,"-52.100000000,-604.662639900,3073.500000000;-49.600000000,-603.673955700,3074.000000000",NEGATIVE_VOLUME
4052,V15_4_FISHWAY,V15_4_FISHWAY_I,V15_10_ALL,CONCRETE,V15_10_ALL,"-52.100000000,-605.651324200,3073.500000000;-49.600000000,-604.662639900,3074.000000000",NEGATIVE_VOLUME
4053,V15_4_FISHWAY,V15_4_FISHWAY_I,V15_10_ALL,CONCRETE,V15_10_ALL,"-52.100000000,-606.640008400,3073.500000000;-49.600000000,-605.651324200,3074.000000000",NEGATIVE_VOLUME
4054,V15_4_FISHWAY,V15_4_FISHWAY_I,V15_10_ALL,CONCRETE,V15_10_ALL,"-52.100000000,-607.628692600,3073.500000000;-49.600000000,-606.640008400,3074.000000000",NEGATIVE_VOLUME
4055,V15_4_FISHWAY,V15_4_FISHWAY_I,V15_10_ALL,CONCRETE,V15_10_ALL,"-52.100000000,-608.617376800,3073.500000000;-49.600000000,-607.628692600,3074.000000000",NEGATIVE_VOLUME
4056,V15_4_FISHWAY,V15_4_FISHWAY_I,V15_10_ALL,CONCRETE,V15_10_ALL,"-52.100000000,-609.606061000,3073.500000000;-49.600000000,-608.617376800,3074.000000000",NEGATIVE_VOLUME
4057,V15_4_FISHWAY,V15_4_FISHWAY_I,V15_10_ALL,CONCRETE,V15_10_ALL,"-52.100000000,-610.594745200,3073.500000000;-49.600000000,-609.606061000,3074.000000000",NEGATIVE_VOLUME
4058,V15_4_FISHWAY,V15_4_FISHWAY_I,V15_10_ALL,CONCRETE,V15_10_ALL,"-52.100000000,-611.583429400,3073.500000000;-49.600000000,-610.594745200,3074.000000000",NEGATIVE_VOLUME
4059,V15_4_FISHWAY,V15_4_FISHWAY_I,V15_10_ALL,CONCRETE,V15_10_ALL,"-52.100000000,-612.572113600,3073.500000000;-49.600000000,-611.583429400,3074.000000000",NEGATIVE_VOLUME
4060,V15_4_FISHWAY,V15_4_FISHWAY_I,V15_10_ALL,CONCRETE,V15_10_ALL,"-52.100000000,-613.560797800,3073.500000000;-49.600000000,-612.572113600,3074.000000000",NEGATIVE_VOLUME
4061,V15_4_FISHWAY,V15_4_FISHWAY_I,V15_10_ALL,CONCRETE,V15_10_ALL,"-52.100000000,-614.549482100,3073.500000000;-49.600000000,-613.560797800,3074.000000000",NEGATIVE_VOLUME
4062,V15_4_FISHWAY,V15_4_FISHWAY_I,V15_10_ALL,CONCRETE,V15_10_ALL,"-52.100000000,-615.538166300,3073.500000000;-49.600000000,-614.549482100,3074.000000000",NEGATIVE_VOLUME
4063,V15_4_FISHWAY,V15_4_FISHWAY_I,V15_10_ALL,CONCRETE,V15_10_ALL,"-52.100000000,-616.526850500,3073.500000000;-49.600000000,-615.538166300,3074.000000000",NEGATIVE_VOLUME
4064,V15_4_FISHWAY,V15_4_FISHWAY_I,V15_10_ALL,CONCRETE,V15_10_ALL,"-52.100000000,-617.515534700,3073.500000000;-49.600000000,-616.526850500,3074.000000000",NEGATIVE_VOLUME
4065,V15_4_FISHWAY,V15_4_FISHWAY_I,V15_10_ALL,CONCRETE,V15_10_ALL,"-52.100000000,-618.504218900,3073.500000000;-49.600000000,-617.515534700,3074.000000000",NEGATIVE_VOLUME
4066,V15_4_FISHWAY,V15_4_FISHWAY_I,V15_10_ALL,CONCRETE,V15_10_ALL,"-52.100000000,-619.492903100,3073.500000000;-49.600000000,-618.504218900,3074.000000000",NEGATIVE_VOLUME
4067,V15_4_FISHWAY,V15_4_FISHWAY_I,V15_10_ALL,CONCRETE,V15_10_ALL,"-52.100000000,-620.481587300,3073.500000000;-49.600000000,-619.492903100,3074.000000000",NEGATIVE_VOLUME
4068,V15_4_FISHWAY,V15_4_FISHWAY_I,V15_10_ALL,CONCRETE,V15_10_ALL,"-52.100000000,-621.470271500,3073.500000000;-49.600000000,-620.481587300,3074.000000000",NEGATIVE_VOLUME
4069,V15_4_FISHWAY,V15_4_FISHWAY_I,V15_10_ALL,CONCRETE,V15_10_ALL,"-52.100000000,-622.458955700,3073.500000000;-49.600000000,-621.470271500,3074.000000000",NEGATIVE_VOLUME
4070,V15_4_FISHWAY,V15_4_FISHWAY_I,V15_10_ALL,CONCRETE,V15_10_ALL,"-52.100000000,-623.447639900,3073.500000000;-49.600000000,-622.458955700,3074.000000000",NEGATIVE_VOLUME
4071,V15_4_FISHWAY,V15_4_FISHWAY_I,V15_10_ALL,CONCRETE,V15_10_ALL,"-52.100000000,-624.436324200,3073.500000000;-49.600000000,-623.447639900,3074.000000000",NEGATIVE_VOLUME
4072,V15_4_FISHWAY,V15_4_FISHWAY_I,V15_10_ALL,CONCRETE,V15_10_ALL,"-52.100000000,-625.425008400,3073.500000000;-49.600000000,-624.436324200,3074.000000000",NEGATIVE_VOLUME
4073,V15_4_FISHWAY,V15_4_FISHWAY_I,V15_10_ALL,CONCRETE,V15_10_ALL,"-52.100000000,-626.413692600,3073.500000000;-49.600000000,-625.425008400,3074.000000000",NEGATIVE_VOLUME
4074,V15_4_FISHWAY,V15_4_FISHWAY_I,V15_10_ALL,CONCRETE,V15_10_ALL,"-52.100000000,-627.402376800,3073.500000000;-49.600000000,-626.413692600,3074.000000000",NEGATIVE_VOLUME
4075,V15_4_FISHWAY,V15_4_FISHWAY_I,V15_10_ALL,CONCRETE,V15_10_ALL,"-52.100000000,-628.391061000,3073.500000000;-49.600000000,-627.402376800,3074.000000000",NEGATIVE_VOLUME
4076,V15_4_FISHWAY,V15_4_FISHWAY_I,V15_10_ALL,CONCRETE,V15_10_ALL,"-52.100000000,-629.379745200,3073.500000000;-49.600000000,-628.391061000,3074.000000000",NEGATIVE_VOLUME
4077,V15_4_FISHWAY,V15_4_FISHWAY_I,V15_10_ALL,CONCRETE,V15_10_ALL,"-52.100000000,-630.368429400,3073.500000000;-49.600000000,-629.379745200,3074.000000000",NEGATIVE_VOLUME
4078,V15_4_FISHWAY,V15_4_FISHWAY_I,V15_10_ALL,CONCRETE,V15_10_ALL,"-52.100000000,-631.357113600,3073.500000000;-49.600000000,-630.368429400,3074.000000000",NEGATIVE_VOLUME
4079,V15_4_FISHWAY,V15_4_FISHWAY_I,V15_10_ALL,CONCRETE,V15_10_ALL,"-52.100000000,-632.345797800,3073.500000000;-49.600000000,-631.357113600,3074.000000000",NEGATIVE_VOLUME
4080,V15_4_FISHWAY,V15_4_FISHWAY_I,V15_10_ALL,CONCRETE,V15_10_ALL,"-52.100000000,-633.334482100,3073.500000000;-49.600000000,-632.345797800,3074.000000000",NEGATIVE_VOLUME
4081,V15_4_FISHWAY,V15_4_FISHWAY_I,V15_10_ALL,CONCRETE,V15_10_ALL,"-52.100000000,-634.323166300,3073.500000000;-49.600000000,-633.334482100,3074.000000000",NEGATIVE_VOLUME
4082,V15_4_FISHWAY,V15_4_FISHWAY_I,V15_10_ALL,CONCRETE,V15_10_ALL,"-52.100000000,-635.311850500,3073.500000000;-49.600000000,-634.323166300,3074.000000000",NEGATIVE_VOLUME
4083,V15_4_FISHWAY,V15_4_FISHWAY_I,V15_10_ALL,CONCRETE,V15_10_ALL,"-52.100000000,-636.300534700,3073.500000000;-49.600000000,-635.311850500,3074.000000000",NEGATIVE_VOLUME
4084,V15_4_FISHWAY,V15_4_FISHWAY_I,V15_10_ALL,CONCRETE,V15_10_ALL,"-52.100000000,-637.289218900,3073.500000000;-49.600000000,-636.300534700,3074.000000000",NEGATIVE_VOLUME
4085,V15_4_FISHWAY,V15_4_FISHWAY_I,V15_10_ALL,CONCRETE,V15_10_ALL,"-52.100000000,-638.277903100,3073.500000000;-49.600000000,-637.289218900,3074.000000000",NEGATIVE_VOLUME
4086,V15_4_FISHWAY,V15_4_FISHWAY_I,V15_10_ALL,CONCRETE,V15_10_ALL,"-52.100000000,-639.266587300,3073.500000000;-49.600000000,-638.277903100,3074.000000000",NEGATIVE_VOLUME
4087,V15_4_FISHWAY,V15_4_FISHWAY_I,V15_10_ALL,CONCRETE,V15_10_ALL,"-52.100000000,-640.255271500,3073.500000000;-49.600000000,-639.266587300,3074.000000000",NEGATIVE_VOLUME
4088,V15_4_FISHWAY,V15_4_FISHWAY_I,V15_10_ALL,CONCRETE,V15_10_ALL,"-52.100000000,-641.243955700,3073.500000000;-49.600000000,-640.255271500,3074.000000000",NEGATIVE_VOLUME
4089,V15_4_FISHWAY,V15_4_FISHWAY_I,V15_10_ALL,CONCRETE,V15_10_ALL,"-52.100000000,-604.662639900,3074.000000000;-51.850000000,-603.673955700,3076.000000000",NEGATIVE_VOLUME
4090,V15_4_FISHWAY,V15_4_FISHWAY_I,V15_10_ALL,CONCRETE,V15_10_ALL,"-52.100000000,-605.651324200,3074.000000000;-51.850000000,-604.662639900,3076.000000000",NEGATIVE_VOLUME
4091,V15_4_FISHWAY,V15_4_FISHWAY_I,V15_10_ALL,CONCRETE,V15_10_ALL,"-52.100000000,-606.640008400,3074.000000000;-51.850000000,-605.651324200,3076.000000000",NEGATIVE_VOLUME
4092,V15_4_FISHWAY,V15_4_FISHWAY_I,V15_10_ALL,CONCRETE,V15_10_ALL,"-52.100000000,-607.628692600,3074.000000000;-51.850000000,-606.640008400,3076.000000000",NEGATIVE_VOLUME
4093,V15_4_FISHWAY,V15_4_FISHWAY_I,V15_10_ALL,CONCRETE,V15_10_ALL,"-52.100000000,-608.617376800,3074.000000000;-51.850000000,-607.628692600,3076.000000000",NEGATIVE_VOLUME
4094,V15_4_FISHWAY,V15_4_FISHWAY_I,V15_10_ALL,CONCRETE,V15_10_ALL,"-52.100000000,-609.606061000,3074.000000000;-51.850000000,-608.617376800,3076.000000000",NEGATIVE_VOLUME
4095,V15_4_FISHWAY,V15_4_FISHWAY_I,V15_10_ALL,CONCRETE,V15_10_ALL,"-52.100000000,-610.594745200,3074.000000000;-51.850000000,-609.606061000,3076.000000000",NEGATIVE_VOLUME
4096,V15_4_FISHWAY,V15_4_FISHWAY_I,V15_10_ALL,CONCRETE,V15_10_ALL,"-52.100000000,-611.583429400,3074.000000000;-51.850000000,-610.594745200,3076.000000000",NEGATIVE_VOLUME
4097,V15_4_FISHWAY,V15_4_FISHWAY_I,V15_10_ALL,CONCRETE,V15_10_ALL,"-52.100000000,-612.572113600,3074.000000000;-51.850000000,-611.583429400,3076.000000000",NEGATIVE_VOLUME
4098,V15_4_FISHWAY,V15_4_FISHWAY_I,V15_10_ALL,CONCRETE,V15_10_ALL,"-52.100000000,-613.560797800,3074.000000000;-51.850000000,-612.572113600,3076.000000000",NEGATIVE_VOLUME
4099,V15_4_FISHWAY,V15_4_FISHWAY_I,V15_10_ALL,CONCRETE,V15_10_ALL,"-52.100000000,-614.549482100,3074.000000000;-51.850000000,-613.560797800,3076.000000000",NEGATIVE_VOLUME
4100,V15_4_FISHWAY,V15_4_FISHWAY_I,V15_10_ALL,CONCRETE,V15_10_ALL,"-52.100000000,-615.538166300,3074.000000000;-51.850000000,-614.549482100,3076.000000000",NEGATIVE_VOLUME
4101,V15_4_FISHWAY,V15_4_FISHWAY_I,V15_10_ALL,CONCRETE,V15_10_ALL,"-52.100000000,-616.526850500,3074.000000000;-51.850000000,-615.538166300,3076.000000000",NEGATIVE_VOLUME
4102,V15_4_FISHWAY,V15_4_FISHWAY_I,V15_10_ALL,CONCRETE,V15_10_ALL,"-52.100000000,-617.515534700,3074.000000000;-51.850000000,-616.526850500,3076.000000000",NEGATIVE_VOLUME
4103,V15_4_FISHWAY,V15_4_FISHWAY_I,V15_10_ALL,CONCRETE,V15_10_ALL,"-52.100000000,-618.504218900,3074.000000000;-51.850000000,-617.515534700,3076.000000000",NEGATIVE_VOLUME
4104,V15_4_FISHWAY,V15_4_FISHWAY_I,V15_10_ALL,CONCRETE,V15_10_ALL,"-52.100000000,-619.492903100,3074.000000000;-51.850000000,-618.504218900,3076.000000000",NEGATIVE_VOLUME
4105,V15_4_FISHWAY,V15_4_FISHWAY_I,V15_10_ALL,CONCRETE,V15_10_ALL,"-52.100000000,-620.481587300,3074.000000000;-51.850000000,-619.492903100,3076.000000000",NEGATIVE_VOLUME
4106,V15_4_FISHWAY,V15_4_FISHWAY_I,V15_10_ALL,CONCRETE,V15_10_ALL,"-52.100000000,-621.470271500,3074.000000000;-51.850000000,-620.481587300,3076.000000000",NEGATIVE_VOLUME
4107,V15_4_FISHWAY,V15_4_FISHWAY_I,V15_10_ALL,CONCRETE,V15_10_ALL,"-52.100000000,-622.458955700,3074.000000000;-51.850000000,-621.470271500,3076.000000000",NEGATIVE_VOLUME
4108,V15_4_FISHWAY,V15_4_FISHWAY_I,V15_10_ALL,CONCRETE,V15_10_ALL,"-52.100000000,-623.447639900,3074.000000000;-51.850000000,-622.458955700,3076.000000000",NEGATIVE_VOLUME
4109,V15_4_FISHWAY,V15_4_FISHWAY_I,V15_10_ALL,CONCRETE,V15_10_ALL,"-52.100000000,-624.436324200,3074.000000000;-51.850000000,-623.447639900,3076.000000000",NEGATIVE_VOLUME
4110,V15_4_FISHWAY,V15_4_FISHWAY_I,V15_10_ALL,CONCRETE,V15_10_ALL,"-52.100000000,-625.425008400,3074.000000000;-51.850000000,-624.436324200,3076.000000000",NEGATIVE_VOLUME
4111,V15_4_FISHWAY,V15_4_FISHWAY_I,V15_10_ALL,CONCRETE,V15_10_ALL,"-52.100000000,-626.413692600,3074.000000000;-51.850000000,-625.425008400,3076.000000000",NEGATIVE_VOLUME
4112,V15_4_FISHWAY,V15_4_FISHWAY_I,V15_10_ALL,CONCRETE,V15_10_ALL,"-52.100000000,-627.402376800,3074.000000000;-51.850000000,-626.413692600,3076.000000000",NEGATIVE_VOLUME
4113,V15_4_FISHWAY,V15_4_FISHWAY_I,V15_10_ALL,CONCRETE,V15_10_ALL,"-52.100000000,-628.391061000,3074.000000000;-51.850000000,-627.402376800,3076.000000000",NEGATIVE_VOLUME
4114,V15_4_FISHWAY,V15_4_FISHWAY_I,V15_10_ALL,CONCRETE,V15_10_ALL,"-52.100000000,-629.379745200,3074.000000000;-51.850000000,-628.391061000,3076.000000000",NEGATIVE_VOLUME
4115,V15_4_FISHWAY,V15_4_FISHWAY_I,V15_10_ALL,CONCRETE,V15_10_ALL,"-52.100000000,-630.368429400,3074.000000000;-51.850000000,-629.379745200,3076.000000000",NEGATIVE_VOLUME
4116,V15_4_FISHWAY,V15_4_FISHWAY_I,V15_10_ALL,CONCRETE,V15_10_ALL,"-52.100000000,-631.357113600,3074.000000000;-51.850000000,-630.368429400,3076.000000000",NEGATIVE_VOLUME
4117,V15_4_FISHWAY,V15_4_FISHWAY_I,V15_10_ALL,CONCRETE,V15_10_ALL,"-52.100000000,-632.345797800,3074.000000000;-51.850000000,-631.357113600,3076.000000000",NEGATIVE_VOLUME
4118,V15_4_FISHWAY,V15_4_FISHWAY_I,V15_10_ALL,CONCRETE,V15_10_ALL,"-52.100000000,-633.334482100,3074.000000000;-51.850000000,-632.345797800,3076.000000000",NEGATIVE_VOLUME
4119,V15_4_FISHWAY,V15_4_FISHWAY_I,V15_10_ALL,CONCRETE,V15_10_ALL,"-52.100000000,-634.323166300,3074.000000000;-51.850000000,-633.334482100,3076.000000000",NEGATIVE_VOLUME
4120,V15_4_FISHWAY,V15_4_FISHWAY_I,V15_10_ALL,CONCRETE,V15_10_ALL,"-52.100000000,-635.311850500,3074.000000000;-51.850000000,-634.323166300,3076.000000000",NEGATIVE_VOLUME
4121,V15_4_FISHWAY,V15_4_FISHWAY_I,V15_10_ALL,CONCRETE,V15_10_ALL,"-52.100000000,-636.300534700,3074.000000000;-51.850000000,-635.311850500,3076.000000000",NEGATIVE_VOLUME
4122,V15_4_FISHWAY,V15_4_FISHWAY_I,V15_10_ALL,CONCRETE,V15_10_ALL,"-52.100000000,-637.289218900,3074.000000000;-51.850000000,-636.300534700,3076.000000000",NEGATIVE_VOLUME
4123,V15_4_FISHWAY,V15_4_FISHWAY_I,V15_10_ALL,CONCRETE,V15_10_ALL,"-52.100000000,-638.277903100,3074.000000000;-51.850000000,-637.289218900,3076.000000000",NEGATIVE_VOLUME
4124,V15_4_FISHWAY,V15_4_FISHWAY_I,V15_10_ALL,CONCRETE,V15_10_ALL,"-52.100000000,-639.266587300,3074.000000000;-51.850000000,-638.277903100,3076.000000000",NEGATIVE_VOLUME
4125,V15_4_FISHWAY,V15_4_FISHWAY_I,V15_10_ALL,CONCRETE,V15_10_ALL,"-52.100000000,-640.255271500,3074.000000000;-51.850000000,-639.266587300,3076.000000000",NEGATIVE_VOLUME
4126,V15_4_FISHWAY,V15_4_FISHWAY_I,V15_10_ALL,CONCRETE,V15_10_ALL,"-52.100000000,-641.243955700,3074.000000000;-51.850000000,-640.255271500,3076.000000000",NEGATIVE_VOLUME
4127,V15_4_FISHWAY,V15_4_FISHWAY_I,V15_10_ALL,CONCRETE,V15_10_ALL,"-49.850000000,-604.662639900,3074.000000000;-49.600000000,-603.673955700,3076.000000000",NEGATIVE_VOLUME
4128,V15_4_FISHWAY,V15_4_FISHWAY_I,V15_10_ALL,CONCRETE,V15_10_ALL,"-49.850000000,-605.651324200,3074.000000000;-49.600000000,-604.662639900,3076.000000000",NEGATIVE_VOLUME
4129,V15_4_FISHWAY,V15_4_FISHWAY_I,V15_10_ALL,CONCRETE,V15_10_ALL,"-49.850000000,-606.640008400,3074.000000000;-49.600000000,-605.651324200,3076.000000000",NEGATIVE_VOLUME
4130,V15_4_FISHWAY,V15_4_FISHWAY_I,V15_10_ALL,CONCRETE,V15_10_ALL,"-49.850000000,-607.628692600,3074.000000000;-49.600000000,-606.640008400,3076.000000000",NEGATIVE_VOLUME
4131,V15_4_FISHWAY,V15_4_FISHWAY_I,V15_10_ALL,CONCRETE,V15_10_ALL,"-49.850000000,-608.617376800,3074.000000000;-49.600000000,-607.628692600,3076.000000000",NEGATIVE_VOLUME
4132,V15_4_FISHWAY,V15_4_FISHWAY_I,V15_10_ALL,CONCRETE,V15_10_ALL,"-49.850000000,-609.606061000,3074.000000000;-49.600000000,-608.617376800,3076.000000000",NEGATIVE_VOLUME
4133,V15_4_FISHWAY,V15_4_FISHWAY_I,V15_10_ALL,CONCRETE,V15_10_ALL,"-49.850000000,-610.594745200,3074.000000000;-49.600000000,-609.606061000,3076.000000000",NEGATIVE_VOLUME
4134,V15_4_FISHWAY,V15_4_FISHWAY_I,V15_10_ALL,CONCRETE,V15_10_ALL,"-49.850000000,-611.583429400,3074.000000000;-49.600000000,-610.594745200,3076.000000000",NEGATIVE_VOLUME
4135,V15_4_FISHWAY,V15_4_FISHWAY_I,V15_10_ALL,CONCRETE,V15_10_ALL,"-49.850000000,-612.572113600,3074.000000000;-49.600000000,-611.583429400,3076.000000000",NEGATIVE_VOLUME
4136,V15_4_FISHWAY,V15_4_FISHWAY_I,V15_10_ALL,CONCRETE,V15_10_ALL,"-49.850000000,-613.560797800,3074.000000000;-49.600000000,-612.572113600,3076.000000000",NEGATIVE_VOLUME
4137,V15_4_FISHWAY,V15_4_FISHWAY_I,V15_10_ALL,CONCRETE,V15_10_ALL,"-49.850000000,-614.549482100,3074.000000000;-49.600000000,-613.560797800,3076.000000000",NEGATIVE_VOLUME
4138,V15_4_FISHWAY,V15_4_FISHWAY_I,V15_10_ALL,CONCRETE,V15_10_ALL,"-49.850000000,-615.538166300,3074.000000000;-49.600000000,-614.549482100,3076.000000000",NEGATIVE_VOLUME
4139,V15_4_FISHWAY,V15_4_FISHWAY_I,V15_10_ALL,CONCRETE,V15_10_ALL,"-49.850000000,-616.526850500,3074.000000000;-49.600000000,-615.538166300,3076.000000000",NEGATIVE_VOLUME
4140,V15_4_FISHWAY,V15_4_FISHWAY_I,V15_10_ALL,CONCRETE,V15_10_ALL,"-49.850000000,-617.515534700,3074.000000000;-49.600000000,-616.526850500,3076.000000000",NEGATIVE_VOLUME
4141,V15_4_FISHWAY,V15_4_FISHWAY_I,V15_10_ALL,CONCRETE,V15_10_ALL,"-49.850000000,-618.504218900,3074.000000000;-49.600000000,-617.515534700,3076.000000000",NEGATIVE_VOLUME
4142,V15_4_FISHWAY,V15_4_FISHWAY_I,V15_10_ALL,CONCRETE,V15_10_ALL,"-49.850000000,-619.492903100,3074.000000000;-49.600000000,-618.504218900,3076.000000000",NEGATIVE_VOLUME
4143,V15_4_FISHWAY,V15_4_FISHWAY_I,V15_10_ALL,CONCRETE,V15_10_ALL,"-49.850000000,-620.481587300,3074.000000000;-49.600000000,-619.492903100,3076.000000000",NEGATIVE_VOLUME
4144,V15_4_FISHWAY,V15_4_FISHWAY_I,V15_10_ALL,CONCRETE,V15_10_ALL,"-49.850000000,-621.470271500,3074.000000000;-49.600000000,-620.481587300,3076.000000000",NEGATIVE_VOLUME
4145,V15_4_FISHWAY,V15_4_FISHWAY_I,V15_10_ALL,CONCRETE,V15_10_ALL,"-49.850000000,-622.458955700,3074.000000000;-49.600000000,-621.470271500,3076.000000000",NEGATIVE_VOLUME
4146,V15_4_FISHWAY,V15_4_FISHWAY_I,V15_10_ALL,CONCRETE,V15_10_ALL,"-49.850000000,-623.447639900,3074.000000000;-49.600000000,-622.458955700,3076.000000000",NEGATIVE_VOLUME
4147,V15_4_FISHWAY,V15_4_FISHWAY_I,V15_10_ALL,CONCRETE,V15_10_ALL,"-49.850000000,-624.436324200,3074.000000000;-49.600000000,-623.447639900,3076.000000000",NEGATIVE_VOLUME
4148,V15_4_FISHWAY,V15_4_FISHWAY_I,V15_10_ALL,CONCRETE,V15_10_ALL,"-49.850000000,-625.425008400,3074.000000000;-49.600000000,-624.436324200,3076.000000000",NEGATIVE_VOLUME
4149,V15_4_FISHWAY,V15_4_FISHWAY_I,V15_10_ALL,CONCRETE,V15_10_ALL,"-49.850000000,-626.413692600,3074.000000000;-49.600000000,-625.425008400,3076.000000000",NEGATIVE_VOLUME
4150,V15_4_FISHWAY,V15_4_FISHWAY_I,V15_10_ALL,CONCRETE,V15_10_ALL,"-49.850000000,-627.402376800,3074.000000000;-49.600000000,-626.413692600,3076.000000000",NEGATIVE_VOLUME
4151,V15_4_FISHWAY,V15_4_FISHWAY_I,V15_10_ALL,CONCRETE,V15_10_ALL,"-49.850000000,-628.391061000,3074.000000000;-49.600000000,-627.402376800,3076.000000000",NEGATIVE_VOLUME
4152,V15_4_FISHWAY,V15_4_FISHWAY_I,V15_10_ALL,CONCRETE,V15_10_ALL,"-49.850000000,-629.379745200,3074.000000000;-49.600000000,-628.391061000,3076.000000000",NEGATIVE_VOLUME
4153,V15_4_FISHWAY,V15_4_FISHWAY_I,V15_10_ALL,CONCRETE,V15_10_ALL,"-49.850000000,-630.368429400,3074.000000000;-49.600000000,-629.379745200,3076.000000000",NEGATIVE_VOLUME
4154,V15_4_FISHWAY,V15_4_FISHWAY_I,V15_10_ALL,CONCRETE,V15_10_ALL,"-49.850000000,-631.357113600,3074.000000000;-49.600000000,-630.368429400,3076.000000000",NEGATIVE_VOLUME
4155,V15_4_FISHWAY,V15_4_FISHWAY_I,V15_10_ALL,CONCRETE,V15_10_ALL,"-49.850000000,-632.345797800,3074.000000000;-49.600000000,-631.357113600,3076.000000000",NEGATIVE_VOLUME
4156,V15_4_FISHWAY,V15_4_FISHWAY_I,V15_10_ALL,CONCRETE,V15_10_ALL,"-49.850000000,-633.334482100,3074.000000000;-49.600000000,-632.345797800,3076.000000000",NEGATIVE_VOLUME
4157,V15_4_FISHWAY,V15_4_FISHWAY_I,V15_10_ALL,CONCRETE,V15_10_ALL,"-49.850000000,-634.323166300,3074.000000000;-49.600000000,-633.334482100,3076.000000000",NEGATIVE_VOLUME
4158,V15_4_FISHWAY,V15_4_FISHWAY_I,V15_10_ALL,CONCRETE,V15_10_ALL,"-49.850000000,-635.311850500,3074.000000000;-49.600000000,-634.323166300,3076.000000000",NEGATIVE_VOLUME
4159,V15_4_FISHWAY,V15_4_FISHWAY_I,V15_10_ALL,CONCRETE,V15_10_ALL,"-49.850000000,-636.300534700,3074.000000000;-49.600000000,-635.311850500,3076.000000000",NEGATIVE_VOLUME
4160,V15_4_FISHWAY,V15_4_FISHWAY_I,V15_10_ALL,CONCRETE,V15_10_ALL,"-49.850000000,-637.289218900,3074.000000000;-49.600000000,-636.300534700,3076.000000000",NEGATIVE_VOLUME
4161,V15_4_FISHWAY,V15_4_FISHWAY_I,V15_10_ALL,CONCRETE,V15_10_ALL,"-49.850000000,-638.277903100,3074.000000000;-49.600000000,-637.289218900,3076.000000000",NEGATIVE_VOLUME
4162,V15_4_FISHWAY,V15_4_FISHWAY_I,V15_10_ALL,CONCRETE,V15_10_ALL,"-49.850000000,-639.266587300,3074.000000000;-49.600000000,-638.277903100,3076.000000000",NEGATIVE_VOLUME
4163,V15_4_FISHWAY,V15_4_FISHWAY_I,V15_10_ALL,CONCRETE,V15_10_ALL,"-49.850000000,-640.255271500,3074.000000000;-49.600000000,-639.266587300,3076.000000000",NEGATIVE_VOLUME
4164,V15_4_FISHWAY,V15_4_FISHWAY_I,V15_10_ALL,CONCRETE,V15_10_ALL,"-49.850000000,-641.243955700,3074.000000000;-49.600000000,-640.255271500,3076.000000000",NEGATIVE_VOLUME
